Unnamed: 0,artist_name,track_name,track_id,popularity,year,genre,danceability,energy,key,loudness,mode,speechiness,acousticness,instrumentalness,liveness,valence,tempo,duration_ms,time_signature
612503,Miley Cyrus,Flowers,0yLdNVWF3Srea0uzk55zFn,100,2023,pop,0.707,0.681,0,-4.325,1,0.0668,0.0632,5.15e-06,0.0322,0.646,117.999,200455,4
605178,Bizarrap,"Shakira: Bzrp Music Sessions, Vol. 53",4nrPB8O7Y7wsOCJdgXkthe,96,2023,hip-hop,0.778,0.632,2,-5.6,0,0.0493,0.274,0.0,0.0915,0.498,122.104,218289,4
612504,The Weeknd,Die For You - Remix,7oDd86yk8itslrA9HRP2ki,95,2023,pop,0.531,0.525,1,-6.5,0,0.0671,0.232,0.0,0.441,0.502,66.9,232857,4
569184,SZA,Kill Bill,1Qrg8KqiBpW07V7PNxwwwL,94,2022,pop,0.644,0.735,8,-5.747,1,0.0391,0.0521,0.144,0.161,0.418,88.98,153947,4
569195,Manuel Turizo,La Bachata,5ww2BF9slyYgNOk37BlC4u,93,2022,pop,0.835,0.679,7,-5.329,0,0.0364,0.583,1.98e-06,0.218,0.85,124.98,162638,4
541577,David Guetta,I'm Good (Blue),4uUG5RXrOk84mYEfFvj3cK,93,2022,dance,0.561,0.965,7,-3.673,0,0.0343,0.00383,7.07e-06,0.371,0.304,128.04,175238,4
569191,Rema,Calm Down (with Selena Gomez),0WtM2NBVQNNJLh6scP13H8,93,2022,pop,0.801,0.806,11,-5.206,1,0.0381,0.382,0.000669,0.114,0.802,106.999,239318,4
608232,NewJeans,OMG,65FftemJ1DbbZ45DUfHJXE,92,2023,k-pop,0.804,0.771,9,-4.067,0,0.0433,0.357,3.07e-06,0.108,0.739,126.956,212253,4
560200,Bizarrap,"Quevedo: Bzrp Music Sessions, Vol. 52",2tTmW7RDtMQtBk7m2rYeSw,92,2022,hip-hop,0.621,0.782,2,-5.548,1,0.044,0.0125,0.033,0.23,0.55,128.033,198938,4
569188,d4vd,Here With Me,78Sw5GDo6AlGwTwanjXbGh,92,2022,pop,0.574,0.469,4,-8.209,1,0.0254,0.534,9.21e-05,0.128,0.288,132.023,242485,4
569190,Sam Smith,Unholy (feat. Kim Petras),3nqQXoyQOWXiESFLlDF1hG,92,2022,pop,0.714,0.472,2,-7.375,1,0.0864,0.013,4.51e-06,0.266,0.238,131.121,156943,4
569187,Taylor Swift,Anti-Hero,0V3wPSX9ygBnCm8psDIegu,92,2022,pop,0.637,0.643,4,-6.571,1,0.0519,0.13,1.8e-06,0.142,0.533,97.008,200690,4
77591,Arctic Monkeys,I Wanna Be Yours,5XeFesFbtLpXzIVDNQP22n,91,2013,garage,0.464,0.417,0,-9.345,0,0.0256,0.136,0.022,0.0974,0.479,67.528,183956,4
568440,OneRepublic,I Ain't Worried,4h9wh7iOZ0GGn8QVp4RAOB,91,2022,piano,0.704,0.797,0,-5.927,1,0.0475,0.0826,0.000745,0.0546,0.825,139.994,148486,4
560194,Yandel,Yandel 150,2oiixB9QMIzhWaHGVlQx4g,91,2022,hip-hop,0.783,0.729,6,-3.549,0,0.0691,0.0492,0.000272,0.1,0.58,167.968,216148,4
574169,Natanael Cano,AMG,1lRtH4FszTrwwlK5gTSbXO,91,2022,sad,0.772,0.73,11,-6.657,0,0.0972,0.152,0.000107,0.274,0.786,136.175,174943,3
569194,Stephen Sanchez,Until I Found You (with Em Beihold) - Em Beihold Version,1Y3LN4zO1Edc2EluIoSPJN,91,2022,pop,0.551,0.55,10,-5.339,1,0.0286,0.777,0.0,0.202,0.342,101.19,176440,3
569192,Harry Styles,As It Was,4LRPiXqCikLlN15c3yImP7,90,2022,pop,0.52,0.731,6,-5.338,0,0.0557,0.342,0.00101,0.311,0.662,173.93,167303,4
541578,RAYE,Escapism.,5Z2MiIZ5I3jJvvmeWMLbOQ,90,2022,dance,0.538,0.742,2,-5.355,1,0.114,0.138,4.67e-05,0.0934,0.25,96.107,272373,4
560181,Drake,Rich Flex,1bDbXMyjaUIooNwFE9wn0N,90,2022,hip-hop,0.561,0.52,11,-9.342,0,0.244,0.0503,1.86e-06,0.355,0.424,153.15,239360,3
377663,Chris Brown,Under The Influence,5IgjP7X4th6nMNDh4akUHb,90,2019,dance,0.733,0.69,9,-5.529,0,0.0427,0.0635,1.18e-06,0.105,0.31,116.992,184613,4
569185,d4vd,Romantic Homicide,1xK59OXxi2TAAAbmZK0kBL,90,2022,pop,0.571,0.544,6,-10.613,1,0.0299,0.453,0.00805,0.322,0.216,132.052,132631,4
569215,Ozuna,Hey Mor,1zsPaEkglFvxjAhrM8yhpr,90,2022,pop,0.901,0.589,1,-6.713,0,0.289,0.00302,0.000237,0.0992,0.399,98.002,196600,4
569186,SZA,Snooze,4iZ4pt7kvcaH6Yo8UoZ4s2,90,2022,pop,0.559,0.551,5,-7.231,1,0.132,0.141,0.0,0.11,0.392,143.008,201800,4
952551,Eminem,Mockingbird,561jH07mF1jHuk7KlaeF0s,90,2004,hip-hop,0.637,0.678,0,-3.798,1,0.266,0.209,0.0,0.156,0.254,84.039,250760,4
615625,Peso Pluma,PRC,2mpoNBkngUEwnaKoBhZ0vl,90,2023,sad,0.784,0.826,7,-6.34,0,0.0538,0.0965,7.09e-05,0.123,0.893,138.078,184066,3
461991,The Weeknd,Blinding Lights,0VjIjW4GlUZAMYd2vXMi3b,90,2020,pop,0.514,0.73,1,-5.934,1,0.0598,0.00146,9.54e-05,0.0897,0.334,171.005,200040,4
564141,NewJeans,Ditto,3r8RuvgbX9s7ammBn07D3W,90,2022,k-pop,0.814,0.641,6,-5.957,0,0.111,0.027,0.0,0.0993,0.183,133.854,185507,4
541581,Meghan Trainor,Made You Look,0QHEIqNKsMoOY5urbzN48u,89,2022,dance,0.838,0.525,10,-3.562,1,0.0665,0.345,1.92e-06,0.0771,0.884,144.981,134256,4
541579,Beyoncé,CUFF IT,1xzi1Jcr7mEi9K2RfzLOqS,89,2022,dance,0.78,0.689,7,-5.668,1,0.141,0.0368,9.69e-06,0.0698,0.642,115.042,225389,4
605182,Gorillaz,Tormenta (feat. Bad Bunny),38UYeBLfvpnDSG9GznZdnL,89,2023,hip-hop,0.637,0.768,0,-6.468,1,0.056,0.458,0.00192,0.378,0.297,94.982,193464,4
569209,Feid,CHORRITO PA LAS ANIMAS,0CYTGMBYkwUxrj1MWDLrC5,89,2022,pop,0.743,0.831,8,-4.042,0,0.0584,0.114,6.43e-05,0.35,0.609,95.975,168133,4
560190,Ñengo Flow,Gato de Noche,54ELExv56KCAB4UP9cOCzC,89,2022,hip-hop,0.892,0.662,8,-3.894,1,0.162,0.169,1.24e-06,0.363,0.607,93.976,227013,4
549416,Lizzy McAlpine,ceilings,2L9N0zZnd37dwF0clgxMGI,89,2022,folk,0.516,0.322,9,-11.762,1,0.0292,0.473,0.00194,0.215,0.261,148.005,182888,3
561970,JVKE,golden hour,5odlY52u43F5BjByhxg7wg,89,2022,indie-pop,0.515,0.593,4,-4.801,1,0.0322,0.653,0.162,0.25,0.153,94.467,209260,3
574168,Carin Leon,Que Vuelvas,6Um358vY92UBv5DloTRX9L,89,2022,sad,0.491,0.643,10,-4.309,1,0.0442,0.187,0.0,0.109,0.779,162.469,169419,4
541582,Tiësto,10:35,6BePGk3eCan4FqaW2X8Qy3,89,2022,dance,0.696,0.793,8,-5.733,1,0.097,0.0683,3.78e-06,0.18,0.698,120.003,172253,4
560192,Oliver Tree,Miss You,73vIOb4Q7YN6HeJTbscRx5,89,2022,hip-hop,0.587,0.742,6,-6.64,0,0.0529,0.0128,0.00107,0.146,0.199,145.007,206000,4
590794,Morgan Wallen,Last Night,59uQI0PADDKeE6UZDTJEe8,88,2023,country,0.517,0.675,6,-5.382,1,0.0357,0.459,0.0,0.151,0.518,203.853,163855,4
541580,Sabrina Carpenter,Nonsense,6dgUya35uo964z7GZXM07g,88,2022,dance,0.74,0.697,8,-4.912,1,0.034,0.0268,0.0,0.224,0.732,138.992,163648,4
576554,Marília Mendonça,Leão,2K9kZpwD2CzTa6iiSYYOoO,88,2022,sertanejo,0.743,0.865,6,-3.897,1,0.0315,0.449,3.05e-06,0.297,0.794,129.999,166775,4
350200,The Weeknd,I Was Never There,1cKHdTo9u0ZymJdPGSh6nq,88,2018,pop,0.323,0.737,10,-4.008,1,0.0338,0.142,0.000162,0.163,0.155,113.26,241067,4
608233,j-hope,on the street (with J. Cole),5wxYxygyHpbgv0EXZuqb9V,88,2023,k-pop,0.681,0.821,11,-5.12,0,0.131,0.532,0.00111,0.0921,0.813,94.074,214701,4
40342,Bruno Mars,When I Was Your Man,0nJW01T7XtvILxQgC5J7Wh,87,2012,pop,0.612,0.28,0,-8.648,1,0.0434,0.932,0.0,0.088,0.387,72.795,213827,4
825779,Eminem,Without Me,7lQ8MOhq6IN2w8EYcFNSUk,87,2002,hip-hop,0.908,0.669,7,-2.827,1,0.0738,0.00286,0.0,0.237,0.662,112.238,290320,4
605184,Cartel De Santa,Shorty Party,55ZATsjPlTeSTNJOuW90pW,87,2023,hip-hop,0.928,0.468,2,-8.196,1,0.364,0.328,4.27e-06,0.0986,0.47,96.006,265000,4
461993,The Weeknd,Save Your Tears,5QO79kh1waicV47BqGRL3g,87,2020,pop,0.68,0.826,0,-5.487,1,0.0309,0.0212,1.24e-05,0.543,0.644,118.051,215627,4
399063,New West,Those Eyes,50x1Ic8CaXkYNvjmxe3WXy,87,2019,indie-pop,0.593,0.352,4,-8.296,1,0.0284,0.695,2.22e-05,0.3,0.226,119.988,220750,3
560203,Arcángel,La Jumpa,5MxFWjuqQIsbNWbMdMdbli,87,2022,hip-hop,0.713,0.703,8,-5.769,1,0.194,0.298,0.0,0.321,0.576,123.06,255693,4
304270,White Noise Baby Sleep,Clean White Noise - Loopable with no fade,2bRKxuH1o7pTmb1y4GfdEc,87,2017,sleep,0.0,0.00342,8,-28.46,1,0.0,0.791,1.0,0.111,0.0,0.0,90228,0
605179,The Kid LAROI,Love Again,4sx6NRwL6Ol3V6m9exwGlQ,87,2023,hip-hop,0.662,0.398,11,-6.691,0,0.0275,0.716,0.0,0.111,0.468,107.001,145850,4
569238,Feid,Feliz Cumpleaños Ferxxo,2CeKVsFFXG4QzA415QygGb,87,2022,pop,0.865,0.573,5,-5.501,1,0.0678,0.0863,0.0,0.305,0.563,94.999,155960,4
569189,SZA,Low,2GAhgAjOhEmItWLfgisyOn,87,2022,pop,0.698,0.546,0,-7.234,0,0.0559,0.425,0.00314,0.16,0.335,145.044,181080,4
569196,Harry Styles,Late Night Talking,1qEmFfgcLObUfQm0j1W2CK,87,2022,pop,0.714,0.728,10,-4.595,1,0.0468,0.298,0.0,0.106,0.901,114.996,177955,4
541588,Shakira,Monotonía,6G12ZafqofSq7YtrMqUm76,87,2022,dance,0.873,0.695,0,-4.207,0,0.0459,0.419,1.23e-06,0.211,0.823,131.963,158805,4
293468,Ed Sheeran,Perfect,0tgVpDi06FyKpA1z0VMD4v,87,2017,pop,0.599,0.448,8,-6.312,1,0.0232,0.163,0.0,0.106,0.168,95.05,263400,3
406370,Harry Styles,Watermelon Sugar,6UelLqGlWMcVH1E5c4H7lY,87,2019,pop,0.548,0.816,0,-4.209,1,0.0465,0.122,0.0,0.335,0.557,95.39,174000,4
350203,Billie Eilish,lovely (with Khalid),0u2P5u6lvoDfwTYjAADbn4,87,2018,pop,0.351,0.296,4,-10.109,0,0.0333,0.934,0.0,0.095,0.12,115.284,200186,4
350201,The Weeknd,Call Out My Name,09mEdoA6zrmBPgTEN5qXmN,87,2018,pop,0.461,0.593,1,-4.954,1,0.0356,0.17,0.0,0.307,0.175,134.17,228373,3
574170,Fuerza Regida,Bebe Dame,0mzsLrUNazBaRfYZfjmpSV,87,2022,sad,0.537,0.602,7,-4.631,1,0.0458,0.296,0.0,0.0715,0.753,157.437,271862,4
293465,Ruth B.,Dandelions,2eAvDnpXP5W0cVtiI0PUxV,87,2017,pop,0.609,0.692,1,-2.958,1,0.0259,0.0157,0.0,0.0864,0.454,116.959,233720,3
138937,J. Cole,No Role Modelz,68Dni7IE4VyPkTOH9mRWHr,87,2014,hip-hop,0.69,0.521,10,-8.492,0,0.339,0.324,0.0,0.0534,0.494,100.028,292799,4
572948,Imagine Dragons,Bones,0HqZX76SFLDz2aW8aiqi7G,86,2022,rock,0.773,0.742,5,-3.678,0,0.046,0.0206,0.0,0.0754,0.571,114.071,165265,4
564142,NewJeans,Hype Boy,0a4MMyCrzT0En247IhqZbD,86,2022,k-pop,0.593,0.935,4,-3.43,0,0.225,0.268,0.0,0.286,0.783,99.976,179027,4
197514,The Weeknd,The Hills,7fBv7CLKzipRk6EC6TWHOB,86,2015,pop,0.585,0.564,0,-7.063,0,0.0515,0.0671,0.0,0.135,0.137,113.003,242253,4
146771,One Direction,Night Changes,5O2P9iiztwhomNh8xkR9lJ,86,2014,pop,0.672,0.52,8,-7.747,1,0.0353,0.859,0.0,0.115,0.37,120.001,226600,4
297308,Imagine Dragons,Believer,0pqnGHJpmpxLKifKRmU6WP,86,2017,rock,0.776,0.78,10,-4.374,0,0.128,0.0622,0.0,0.081,0.666,124.949,204347,4
651395,Eminem,The Real Slim Shady,3yfqSUWxFvZELEM4PmlwIR,86,2000,hip-hop,0.949,0.661,5,-4.244,0,0.0572,0.0302,0.0,0.0454,0.76,104.504,284200,4
591083,Niall Horan,Heaven,1yHVHoz6Ny29gbbWJYVnFt,86,2023,dance,0.571,0.761,5,-3.485,1,0.0261,0.0708,0.0,0.331,0.681,91.991,186043,4
77593,Arctic Monkeys,Do I Wanna Know?,5FVd6KXrgO9B3JPmC8OPst,86,2013,garage,0.548,0.532,5,-7.596,1,0.0323,0.186,0.000263,0.217,0.405,85.03,272394,4
560182,Drake,Jimmy Cooks (feat. 21 Savage),3F5CgOj3wFlRv51JsHbxhe,86,2022,hip-hop,0.529,0.673,0,-4.711,1,0.175,0.000307,2.41e-06,0.093,0.366,165.921,218365,4
825781,Eminem,Superman,4woTEX1wYOTGDqNXuavlRC,86,2002,hip-hop,0.802,0.755,4,-3.138,0,0.0564,0.0215,0.0,0.295,0.58,130.027,350320,4
569193,Taylor Swift,Lavender Haze,5jQI2r1RdgtuT8S3iG8zFC,86,2022,pop,0.733,0.436,10,-10.489,1,0.08,0.258,0.000573,0.157,0.0976,96.985,202396,4
540766,Zach Bryan,Something in the Orange,3WMj8moIAXJhHsyLaqIIHI,86,2022,country,0.369,0.192,4,-12.151,0,0.04,0.555,8.35e-06,0.0954,0.148,175.212,228013,3
547736,Wisin & Yandel,Besos Moja2,6OzUIp8KjuwxJnCWkXp1uL,86,2022,electro,0.736,0.727,5,-4.642,0,0.0571,0.0584,1.91e-06,0.0976,0.644,94.048,229065,4
506678,Tory Lanez,The Color Violet,3azJifCSqg9fRij2yKIbWz,86,2021,hip-hop,0.645,0.534,6,-10.8,0,0.0479,0.157,0.0,0.0863,0.463,105.02,226467,4
615627,Junior H,El Azul,1haJsMtoBhHfvuM7XWuT3W,85,2023,sad,0.558,0.648,9,-7.081,0,0.055,0.226,7.76e-06,0.0986,0.844,143.876,187226,3
272512,XXXTENTACION,Revenge,5TXDeTFVRVY7Cvt0Dw4vWW,85,2017,emo,0.746,0.251,11,-16.169,0,0.259,0.782,0.00203,0.106,0.18,139.999,120027,4
515568,Justin Bieber,Ghost,6I3mqTwhRpn34SLVafSH7G,85,2021,pop,0.601,0.741,2,-5.569,1,0.0478,0.185,2.91e-05,0.415,0.441,153.96,153190,4
140597,TV Girl,Lovers Rock,6dBUzqjtbnIa1TwYbyw5CM,85,2014,indie-pop,0.559,0.871,5,-5.338,0,0.0397,7.53e-06,0.00545,0.096,0.572,104.97,213920,4
293477,Ed Sheeran,Shape of You,7qiZfU4dY1lWllzX7mPBI3,85,2017,pop,0.825,0.652,1,-3.183,0,0.0802,0.581,0.0,0.0931,0.931,95.977,233713,4
506685,The Kid LAROI,STAY (with Justin Bieber),5HCyWlXZPP0y6Gqq8TgA20,85,2021,hip-hop,0.591,0.764,1,-5.484,1,0.0483,0.0383,0.0,0.103,0.478,169.928,141806,4
541590,Shakira,Te Felicito,2rurDawMfoKP4uHyb2kJBt,85,2022,dance,0.695,0.636,5,-4.654,1,0.317,0.234,0.0,0.081,0.575,174.14,172235,4
560201,Lil Nas X,STAR WALKIN' (League of Legends Worlds Anthem),38T0tPVZHcPZyhtOcCP7pF,85,2022,hip-hop,0.637,0.715,2,-4.971,0,0.0455,0.148,0.0,0.0892,0.308,141.872,210576,4
612512,Miley Cyrus,River,04CqLjewJiSAqM210vZAmT,85,2023,pop,0.613,0.803,9,-5.171,1,0.0367,0.000525,0.000333,0.189,0.461,127.989,162973,4
520494,Peso Pluma,Por las Noches,2VzCjpKvPB1l1tqLndtAQa,85,2021,sad,0.807,0.595,0,-7.19,1,0.0325,0.31,2.44e-05,0.0735,0.392,92.491,239845,4
461994,Conan Gray,Heather,4xqrdfXkTW4T0RauPLv3WA,85,2020,pop,0.357,0.425,5,-7.301,1,0.0333,0.584,0.0,0.322,0.27,102.078,198040,3
12104,Bruno Mars,Locked out of Heaven,3w3y8KPTfNeOKPiqUTakBh,85,2012,dance,0.726,0.698,5,-4.165,1,0.0431,0.049,0.0,0.309,0.867,143.994,233478,4
515566,Nicky Youre,Sunroof,4h4QlmocP3IuwYEj2j14p8,85,2021,pop,0.768,0.714,10,-5.11,1,0.0401,0.352,0.0,0.15,0.842,131.443,163026,4
564147,Jung Kook,Dreamers [Music from the FIFA World Cup Qatar 2022 Official Soundtrack],1RDvyOk4WtPCtoqciJwVn8,85,2022,k-pop,0.71,0.879,0,-4.218,1,0.0422,0.158,0.00142,0.439,0.341,114.993,201391,4
487891,Doja Cat,Woman,6Uj1ctrBOjOas8xZXGqKk4,85,2021,dance,0.824,0.764,5,-4.175,0,0.0854,0.0888,0.00294,0.117,0.881,107.998,172627,4
232723,Seafret,Atlantis,1Fid2jjqsHViMX6xNH70hE,85,2016,folk,0.4,0.479,8,-7.989,0,0.0308,0.0529,2.14e-06,0.115,0.213,166.159,229173,4
77592,Arctic Monkeys,Why'd You Only Call Me When You're High?,086myS9r57YsLbJpU0TgK9,85,2013,garage,0.691,0.631,2,-6.478,1,0.0368,0.0483,1.13e-05,0.104,0.8,92.004,161124,4
515569,Ed Sheeran,Shivers,50nfwKoDiSYg8zOCREWAm5,85,2021,pop,0.788,0.859,2,-2.724,1,0.0856,0.281,0.0,0.0424,0.822,141.02,207853,4
461999,Fujii Kaze,Shinunoga E-Wa,0o9zmvc5f3EFApU52PPIyW,85,2020,pop,0.6,0.76,6,-6.124,0,0.0452,0.166,4.09e-05,0.189,0.519,158.078,185573,4
560541,King,Maan Meri Jaan,1418IuVKQPTYqt7QNJ9RXN,85,2022,hip-hop,0.698,0.505,6,-8.242,0,0.0356,0.354,0.0,0.0995,0.396,95.868,194654,4
617257,AgroPlay,Nosso Quadro,1bzRhnrWU1l1u4Bby9ZbfQ,85,2023,sertanejo,0.689,0.71,9,-4.822,1,0.196,0.33,0.0,0.312,0.606,160.015,173698,4
576555,Israel & Rodolffo,Bombonzinho - Ao Vivo,4o6v3Oooyt7HF20idztRD4,85,2022,sertanejo,0.651,0.947,1,-3.669,1,0.0539,0.305,0.0,0.92,0.722,158.046,154702,4
264770,Shawn Mendes,There's Nothing Holdin' Me Back,7JJmb5XwzOO8jgpou264Ml,85,2017,dance,0.866,0.813,11,-4.063,0,0.0554,0.38,0.0,0.0779,0.969,121.998,199440,4
515573,Stephen Sanchez,Until I Found You,0T5iIrXA4p5GsubkhuBIKV,85,2021,pop,0.539,0.508,10,-6.05,1,0.0288,0.727,0.0,0.174,0.227,101.358,177720,3
321015,Calvin Harris,One Kiss (with Dua Lipa),7ef4DlsgrMEH11cDZd32M6,85,2018,dance,0.791,0.862,9,-3.24,0,0.11,0.037,2.19e-05,0.0814,0.592,123.994,214847,4
462004,Elley Duhé,MIDDLE OF THE NIGHT,58HvfVOeJY7lUuCqF0m3ly,85,2020,pop,0.41,0.611,4,-8.271,0,0.0467,0.0228,0.0,0.116,0.0899,185.727,184448,3
461998,The Weeknd,After Hours,2p8IUWQDrpjuFltbdgLOag,85,2020,pop,0.664,0.572,5,-6.099,0,0.0305,0.0811,0.00604,0.121,0.143,108.959,361027,4
569204,Joji,Glimpse of Us,6xGruZOHLs39ZbVccQTuPZ,85,2022,pop,0.44,0.317,8,-9.258,1,0.0531,0.891,4.78e-06,0.141,0.268,169.914,233456,3
293464,Taylor Swift,Don’t Blame Me,1R0a2iXumgCiFb7HEZ7gUE,85,2017,pop,0.615,0.534,9,-6.719,0,0.0386,0.106,1.76e-05,0.0607,0.193,135.917,236413,4
569199,Billie Eilish,TV,3GYlZ7tbxLOxe6ewMNVTkw,84,2022,pop,0.412,0.236,4,-15.159,0,0.0379,0.83,0.00653,0.147,0.119,140.214,281381,4
569264,Feid,Normal,0T2pB7P1VdXPhLdQZ488uH,84,2022,pop,0.709,0.56,4,-4.867,0,0.171,0.034,0.0,0.315,0.541,170.082,171880,4
894994,Linkin Park,Numb,2nLtzopw4rPReszdYBJU6h,84,2003,metal,0.496,0.863,9,-4.153,1,0.0381,0.0046,0.0,0.639,0.243,110.018,185587,4
608995,Linkin Park,Lost,373gDROnujxNTFa1FojYIl,84,2023,metal,0.596,0.798,0,-4.63,1,0.0285,0.00412,0.0,0.338,0.459,105.01,199342,4
146770,Sam Smith,I'm Not The Only One,7795WJLVKJoAyVoOtCWqXN,84,2014,pop,0.677,0.485,5,-5.795,1,0.0361,0.529,2.04e-05,0.0766,0.493,82.001,239317,4
487901,Lost Frequencies,Where Are You Now,3uUuGVFu1V7jTQL60S1r8z,84,2021,dance,0.671,0.636,6,-8.117,0,0.103,0.515,0.000411,0.172,0.262,120.966,148197,4
461996,Taylor Swift,cardigan,4R2kfaDFhslZEMJqAFNpdd,84,2020,pop,0.613,0.581,0,-8.588,0,0.0424,0.537,0.000345,0.25,0.551,130.033,239560,4
591087,Marshmello,El Merengue,51FvjPEGKq2zByeeEQ43V9,84,2023,dance,0.775,0.677,8,-4.703,0,0.0442,0.0313,0.00517,0.112,0.698,124.011,189357,4
515567,Olivia Rodrigo,good 4 u,4ZtFanR9U6ndgddUvNcjcG,84,2021,pop,0.563,0.664,9,-5.044,1,0.154,0.335,0.0,0.0849,0.688,166.928,178147,4
551835,MC Xenon,Sem Aliança no Dedo,22sAwsBH0NoNJXnrBenQuO,84,2022,funk,0.532,0.355,1,-6.632,1,0.332,0.732,0.0,0.105,0.399,82.713,120461,3
311042,The Neighbourhood,Softcore,2K7xn816oNHJZ0aVqdQsha,84,2018,alt-rock,0.575,0.568,9,-5.509,0,0.03,0.0484,0.000417,0.286,0.37,93.986,206280,4
515575,Ed Sheeran,Bad Habits,3rmo8F54jFF8OgYsqTxm5d,84,2021,pop,0.807,0.893,11,-3.745,0,0.0347,0.0451,2.79e-05,0.366,0.537,126.011,230747,4
569208,The Weeknd,Is There Someone Else?,0mL82sxCRjrs3br407IdJh,84,2022,pop,0.702,0.586,9,-7.83,0,0.0313,0.0388,7.27e-05,0.156,0.608,134.951,199111,4
560183,Future,WAIT FOR U (feat. Drake & Tems),59nOXPmaKlBfGMDeOVGrIK,84,2022,hip-hop,0.463,0.642,1,-4.474,1,0.34,0.314,0.0,0.0686,0.339,83.389,189893,4
515583,Maroon 5,Memories,4cktbXiXOapiLBMprHFErI,84,2021,pop,0.775,0.327,11,-7.241,1,0.0557,0.841,0.0,0.0821,0.595,91.05,189486,4
66269,Avicii,Wake Me Up,0nrRP2bk19rLc0orkWPQk2,84,2013,dance,0.532,0.783,2,-5.697,1,0.0523,0.0038,0.0012,0.161,0.643,124.08,247427,4
515571,Billie Eilish,Happier Than Ever,4RVwu0g32PAqgUiJoXsdF8,84,2021,pop,0.332,0.225,0,-8.697,1,0.0348,0.767,0.00349,0.128,0.297,81.055,298899,3
461992,The Weeknd,Heartless,6bnF93Rx87YqUBLSgjiMU8,84,2020,pop,0.537,0.746,10,-5.507,0,0.15,0.0236,1.01e-06,0.156,0.252,170.062,198267,4
515570,Olivia Rodrigo,traitor,5CZ40GBx1sQ9agT82CLQCT,84,2021,pop,0.38,0.339,3,-7.885,1,0.0338,0.691,0.0,0.12,0.0849,100.607,229227,4
515574,Olivia Rodrigo,drivers license,5wANPM4fQCJwkGd4rN57mH,84,2021,pop,0.561,0.431,10,-8.81,1,0.0578,0.768,1.42e-05,0.106,0.137,143.875,242013,4
612546,Sam Smith,I'm Not Here To Make Friends,3i0FkJYlU4MFfYkjFHXXAM,84,2023,pop,0.698,0.895,0,-4.439,1,0.0628,0.172,1.45e-05,0.409,0.838,114.914,229605,4
519369,Elton John,Cold Heart - PNAU Remix,6zSpb8dQRaw0M1dK8PBwQz,84,2021,rock,0.796,0.798,1,-6.312,1,0.0317,0.034,4.19e-05,0.0952,0.942,116.032,202735,4
452805,21 Savage,Glock In My Lap,6pcywuOeGGWeOQzdUyti6k,84,2020,hip-hop,0.847,0.733,10,-6.439,0,0.16,0.00574,1.04e-05,0.151,0.202,130.029,193591,4
541601,MEDUZA,Bad Memories (feat. Elley Duhé & FAST BOY),3rb0tMq42WfggucPm0HHkA,84,2022,dance,0.607,0.767,5,-6.069,0,0.0474,0.118,0.0,0.122,0.662,123.998,148629,3
995854,Shakira,Hips Don't Lie (feat. Wyclef Jean),3ZFTkvIE7kyPt6Nu3PEa7V,84,2005,dance,0.778,0.824,10,-5.892,0,0.0707,0.284,0.0,0.405,0.758,100.024,218093,4
454749,Glass Animals,Heat Waves,02MWAaffLxlfxAUY7c5dvx,84,2020,indie-pop,0.761,0.525,11,-6.9,1,0.0944,0.44,6.7e-06,0.0921,0.531,80.87,238805,4
243906,Drake,One Dance,1zi7xx7UVEFkmKfv06H8x0,84,2016,hip-hop,0.792,0.625,1,-5.609,1,0.0536,0.00776,0.0018,0.329,0.37,103.967,173987,4
825780,Eminem,Till I Collapse,4xkOaSrkexMciUUogZKVTS,84,2002,hip-hop,0.548,0.847,1,-3.237,1,0.186,0.0622,0.0,0.0816,0.1,171.447,297787,4
176366,Lil Peep,Star Shopping,6Ox1rvlwEpB49drasQm6RF,84,2015,emo,0.538,0.471,4,-9.84,0,0.0955,0.0946,0.0185,0.116,0.307,93.07,142000,4
243903,Frank Ocean,Pink + White,3xKsf9qdS1CyvXSMEid6g8,84,2016,hip-hop,0.545,0.545,9,-7.362,1,0.107,0.667,5.48e-05,0.417,0.549,159.94,184516,3
617255,Henrique & Juliano,Traumatizei - Ao Vivo Em Brasília,0JIYoXtJfORxI6gRpHv6ZW,84,2023,sertanejo,0.483,0.91,11,-3.474,1,0.0845,0.13,0.0,0.395,0.576,166.057,172005,4
406373,Harry Styles,Adore You,3jjujdWJ72nww5eGnfs2E7,84,2019,pop,0.676,0.771,8,-3.675,1,0.0483,0.0237,7e-06,0.102,0.569,99.048,207133,4
564143,NewJeans,Attention,2pIUpMhHL6L9Z5lnKxJJr9,84,2022,k-pop,0.811,0.648,10,-3.684,0,0.0368,0.236,0.0,0.0761,0.695,104.988,180067,4
162916,The Neighbourhood,Daddy Issues,5E30LdtzQTGqRvNd7l6kG5,84,2015,alt-rock,0.588,0.521,10,-9.461,1,0.0329,0.0678,0.149,0.123,0.337,85.012,260173,4
612615,TINI,Cupido,2xVcCDRgG3TrH69TatsUxp,84,2023,pop,0.913,0.584,9,-5.263,1,0.223,0.521,5.36e-05,0.307,0.627,119.873,174370,4
576556,Gustavo Mioto,Eu Gosto Assim - Ao Vivo,4ASA1PZyWGbuc4d9N8OAcF,84,2022,sertanejo,0.636,0.909,0,-3.685,1,0.0439,0.149,0.0,0.719,0.61,154.189,148800,4
574175,Grupo Marca Registrada,El Rescate,4w273WCBXwM4P3jTX5HkB2,84,2022,sad,0.794,0.594,7,-8.698,0,0.139,0.283,0.000381,0.109,0.637,99.238,160897,3
574173,Luis R Conriquez,El Gavilán,4ygQ5wSuzzNRevVjup1qV2,84,2022,sad,0.724,0.684,11,-4.413,1,0.0705,0.144,0.0035,0.302,0.729,144.117,175296,3
119670,Avicii,The Nights,0ct6r3EGTcMLPtrXHDvVjc,84,2014,dance,0.527,0.835,6,-5.298,1,0.0433,0.0166,0.0,0.249,0.654,125.983,176658,4
541584,RAYE,Escapism. - Sped Up,4rPJSqrov3zqGwXlemLBMw,84,2022,dance,0.435,0.768,6,-5.352,0,0.201,0.0857,0.000231,0.0918,0.378,107.588,239888,4
574172,Fuerza Regida,Billete Grande (En Vivo),3XfUFGzbr0LmwFVoLXd9cO,84,2022,sad,0.751,0.601,5,-5.912,0,0.0828,0.533,0.0,0.377,0.56,100.994,163940,1
574176,Peso Pluma,Siempre Pendientes,3gfSH9aYZbyGjdmbeoWliw,83,2022,sad,0.774,0.748,0,-7.086,1,0.0352,0.331,0.0057,0.126,0.714,135.929,186828,3
321016,Lady Gaga,Shallow,2VxeLyX666F8uXCJ0dZF8B,83,2018,dance,0.572,0.385,7,-6.362,1,0.0308,0.371,0.0,0.231,0.323,95.799,215733,4
558416,g3ox_em,GigaChad Theme - Phonk House Version,7mLWNwcvwRdEviz6SfYp8A,83,2022,hardstyle,0.588,0.496,9,-5.947,1,0.0417,0.00166,0.936,0.186,0.582,128.001,146274,4
201246,Twenty One Pilots,Stressed Out,3CRDbSIZ4r5MsZ0YwxuEkn,83,2015,rock,0.734,0.637,4,-5.677,0,0.141,0.0462,2.29e-05,0.0602,0.648,169.977,202333,4
328647,XXXTENTACION,Hope,2ZRo7axmMPeSVUvDbGkJah,83,2018,emo,0.592,0.457,9,-6.081,0,0.0603,0.661,0.000331,0.146,0.225,146.04,110886,4
541583,Doja Cat,Vegas (From the Original Motion Picture Soundtrack ELVIS),0hquQWY3xvYqN4qtiquniF,83,2022,dance,0.801,0.601,8,-7.574,0,0.255,0.0777,3.23e-05,0.145,0.74,159.969,182907,4
541599,James Hype,Ferrari,4zN21mbAuaD0WqtmaTZZeP,83,2022,dance,0.847,0.69,1,-7.877,0,0.0493,0.0127,6e-05,0.0526,0.692,125.004,186662,4
591089,Miguel,Sure Thing - Sped Up,559SdaPI7mqy9IQiscuaMj,83,2023,dance,0.753,0.458,4,-12.52,0,0.123,0.0812,0.00413,0.209,0.662,105.057,150054,4
591134,Tiësto,Lay Low,0zKbDrEXKpnExhGQRe9dxt,83,2023,dance,0.534,0.855,1,-4.923,0,0.183,0.0607,0.000263,0.346,0.42,122.06,153443,4
569226,Kenshi Yonezu,KICK BACK,3khEEPRyBeOUabbmOPJzAG,83,2022,pop,0.577,0.941,1,-5.17,1,0.105,0.00207,3.36e-06,0.0891,0.292,101.921,193495,4
406369,Taylor Swift,Cruel Summer,1BxfuPKGuaTgP7aM0Bbdwr,83,2019,pop,0.552,0.702,9,-5.707,1,0.157,0.117,2.06e-05,0.105,0.564,169.994,178427,4
508522,Surf Curse,Freaks,7EkWXAI1wn8Ii883ecd9xr,83,2021,indie-pop,0.345,0.941,9,-9.918,1,0.0466,3.84e-05,0.633,0.0511,0.407,179.626,147062,4
286610,Måneskin,Beggin',3Wrjm47oTz2sjIgck11l5e,83,2017,indie-pop,0.714,0.8,11,-4.808,0,0.0504,0.127,0.0,0.359,0.589,134.002,211560,4
574187,Fuerza Regida,Ch y la Pizza,1ySH55O0zbQBR77q8wQEyn,83,2022,sad,0.661,0.6,8,-4.495,1,0.125,0.401,0.0,0.141,0.848,148.666,136913,3
93570,John Legend,All of Me,3U4isOIWM3VvDubwSI3y7a,83,2013,pop,0.422,0.264,8,-7.064,1,0.0322,0.922,0.0,0.132,0.331,119.93,269560,4
293474,Harry Styles,Sign of the Times,5Ohxk2dO5COHF1krpoPigN,83,2017,pop,0.516,0.595,5,-4.63,1,0.0313,0.0275,0.0,0.109,0.222,119.972,340707,4
569197,SZA,Shirt,2wSTnntOPRi7aQneobFtU4,83,2022,pop,0.848,0.512,3,-7.72,0,0.102,0.228,0.00232,0.0879,0.572,120.009,181840,4
406375,Lewis Capaldi,Before You Go,2gMXnyrvIjhVBUZwvLZDMP,83,2019,pop,0.459,0.575,3,-4.858,1,0.0573,0.604,0.0,0.0885,0.183,111.881,215107,4
569203,Taylor Swift,Midnight Rain,3rWDp9tBPQR9z6U5YyRSK4,83,2022,pop,0.643,0.363,0,-11.738,1,0.0767,0.69,5.17e-05,0.115,0.23,139.865,174783,4
515572,Olivia Rodrigo,deja vu,6HU7h9RYOaPRFeh0R3UeAr,83,2021,pop,0.442,0.612,2,-7.222,1,0.112,0.584,5.7e-06,0.37,0.178,180.917,215507,4
406372,Taylor Swift,Lover,1dGr1c8CrMLDpV6mPbImSI,83,2019,pop,0.359,0.543,7,-7.582,1,0.0919,0.492,1.58e-05,0.118,0.453,68.534,221307,4
138938,J. Cole,Wet Dreamz,4tqcoej1zPvwePZCzuAjJd,83,2014,hip-hop,0.495,0.722,6,-8.108,0,0.357,0.0697,0.0,0.113,0.539,175.627,239267,4
384323,Billie Eilish,everything i wanted,3ZCTVFBt2Brf31RLEnCkWJ,83,2019,electro,0.704,0.225,6,-14.454,0,0.0994,0.902,0.657,0.106,0.243,120.006,245426,4
569205,Joji,Die For You,26hOm7dTtBi0TdpDGl141t,83,2022,pop,0.472,0.518,8,-7.379,1,0.051,0.383,0.127,0.289,0.154,147.805,211667,4
340892,Drake,God's Plan,6DCZcSspjsKoFjzjrWoCdn,83,2018,hip-hop,0.754,0.449,7,-9.211,1,0.109,0.0332,8.29e-05,0.552,0.357,77.169,198973,4
284811,Lil Baby,Freestyle,5BbdKBZO0TH0GhfxUfyhL9,83,2017,hip-hop,0.877,0.517,2,-5.426,0,0.0706,0.217,0.0,0.143,0.255,119.996,162053,4
569403,Vishal-Shekhar,Jhoome Jo Pathaan,6FAYpZ4jve8vpvTwUvjK6H,83,2022,pop,0.817,0.738,7,-7.639,1,0.0748,0.0964,0.0,0.331,0.616,104.964,208164,4
564145,BTS,Run BTS,69xohKu8C1fsflYAiSNbwM,83,2022,k-pop,0.724,0.818,8,-3.747,1,0.168,0.0201,0.0,0.0358,0.696,77.004,204940,4
340887,Kendrick Lamar,All The Stars (with SZA),3GCdLUSnKSMJhs4Tj6CV3s,83,2018,hip-hop,0.698,0.633,8,-4.946,1,0.0597,0.0605,0.000194,0.0926,0.552,96.924,232187,4
551841,Mc Tato,Luz do Luar,6eNRGL6Nkdg7RhJtmbcl0j,83,2022,funk,0.627,0.754,3,-2.505,0,0.0298,0.437,0.0,0.0963,0.786,130.128,184615,4
615626,Grupo Marca Registrada,Di Que Si,0kzN7YAMSbmlHOvxlbQW9y,83,2023,sad,0.57,0.589,9,-5.378,1,0.0488,0.0753,0.0,0.0582,0.796,182.318,190554,4
551816,DJ Jeeh FDC,Puta Mexicana,4mD9hjoTckjeL1CrJCx0MT,83,2022,funk,0.853,0.913,9,0.963,1,0.0514,0.655,0.0235,0.0311,0.952,130.005,162461,4
264771,Shawn Mendes,Treat You Better,3QGsuHI8jO1Rx4JWLUh9jd,83,2017,dance,0.444,0.819,10,-4.078,0,0.341,0.106,0.0,0.107,0.747,82.695,187973,4
224450,The Chainsmokers,Closer,7BKLCZ1jbUBVqRi2FVlTVw,83,2016,dance,0.748,0.524,8,-5.599,1,0.0338,0.414,0.0,0.111,0.661,95.01,244960,4
264768,The Chainsmokers,Something Just Like This,6RUKPb4LETWmmr3iAEQktW,83,2017,dance,0.617,0.635,11,-6.769,0,0.0317,0.0498,1.44e-05,0.164,0.446,103.019,247160,4
327774,Alec Benjamin,Let Me Down Slowly,2qxmye6gAegTMjLKEBoR3d,83,2018,electro,0.652,0.557,1,-5.714,0,0.0318,0.74,0.0,0.124,0.483,150.073,169354,4
284812,"Tyler, The Creator",See You Again (feat. Kali Uchis),7KA4W4McWYRpgf0fWsJZWB,83,2017,hip-hop,0.558,0.559,6,-9.222,1,0.0959,0.371,7.49e-06,0.109,0.62,78.558,180387,4
374801,Gesaffelstein,Lost in the Fire (feat. The Weeknd),2vXKRlJBXyOcvZYTdNeckS,83,2019,club,0.658,0.671,2,-12.21,1,0.0363,0.0933,0.000927,0.115,0.166,100.966,202093,4
284815,Kendrick Lamar,HUMBLE.,7KXjTSCq5nL1LoYtL7XAwS,83,2017,hip-hop,0.908,0.621,1,-6.638,0,0.102,0.000282,5.39e-05,0.0958,0.421,150.011,177000,4
297309,Imagine Dragons,Thunder,1zB4vmk8tFRmM9UULNzbLB,83,2017,rock,0.605,0.822,0,-4.833,1,0.0438,0.00671,0.134,0.147,0.288,167.997,187147,4
605180,NF,HOPE,12cZWGf5ZgLcKubEW9mx5q,83,2023,hip-hop,0.546,0.787,0,-4.023,0,0.212,0.396,0.0,0.0619,0.497,100.559,264473,3
560184,Drake,Spin Bout U,2ZL7WZcjuYKi1KUDtp4kCC,82,2022,hip-hop,0.773,0.701,7,-6.386,1,0.0512,0.01,0.0,0.163,0.203,129.963,214589,4
406371,Taylor Swift,All Of The Girls You Loved Before,4P9Q0GojKVXpRTJCaL3kyy,82,2019,pop,0.718,0.467,2,-9.66,1,0.0398,0.707,6.92e-05,0.126,0.396,95.96,221407,3
1380358,Rihanna,Only Girl (In The World),2ENexcMEMsYk0rVJigVD3i,82,2010,pop,0.789,0.706,11,-4.233,0,0.0429,0.112,1.71e-05,0.0586,0.638,125.911,235493,4
487900,Tiësto,The Motto,18asYwWugKjjsihZ0YvRxO,82,2021,dance,0.754,0.763,7,-4.627,0,0.0435,0.0301,2.23e-05,0.0901,0.464,117.953,164819,4
515581,Adele,Easy On Me,0gplL1WMoJ6iYaPgMCL0gX,82,2021,pop,0.604,0.366,5,-7.519,1,0.0282,0.578,0.0,0.133,0.13,141.981,224695,4
560363,Rels B,cómo dormiste?,3fjN3y5x4hN53rykAN2LHQ,82,2022,hip-hop,0.627,0.429,1,-8.255,1,0.234,0.238,0.0,0.122,0.565,126.426,112572,5
406368,Eyedress,Jealous,1aXV8GrmQLvgoFtBPERP7E,82,2019,pop,0.474,0.921,9,-10.431,0,0.0457,0.00491,0.85,0.476,0.696,93.01,122339,4
591082,Nicki Minaj,Red Ruby Da Sleeze,4ZYAU4A2YBtlNdqOUtc7T2,82,2023,dance,0.696,0.733,1,-6.181,1,0.256,0.115,0.0,0.111,0.292,98.355,214445,4
146783,Coldplay,A Sky Full of Stars,0FDzzruyVECATHXKHFs9eJ,82,2014,pop,0.545,0.675,6,-6.474,1,0.0279,0.00617,0.00197,0.209,0.162,124.97,267867,4
515584,Justin Bieber,Peaches (feat. Daniel Caesar & Giveon),4iJyoBOLtHqaGxP12qzhQI,82,2021,pop,0.677,0.696,0,-6.181,1,0.119,0.321,0.0,0.42,0.464,90.03,198082,4
350202,Joji,SLOW DANCING IN THE DARK,0rKtyWc8bvkriBthvHKY8d,82,2018,pop,0.515,0.479,3,-7.458,1,0.0261,0.544,0.00598,0.191,0.284,88.964,209274,4
612539,Lana Del Rey,A&W,1wTopxO5eQBpxrBXPSbsUn,82,2023,pop,0.416,0.248,10,-14.62,1,0.14,0.647,0.427,0.113,0.134,161.667,433916,4
354034,Rainbow Kitten Surprise,It's Called: Freefall,474uVhyGgK5MtY9gMcDgGl,82,2018,rock,0.744,0.516,2,-6.365,1,0.0513,0.632,0.0,0.605,0.281,97.944,152293,4
197526,Justin Bieber,Love Yourself,50kpGaPAhYJ3sGmk6vplg0,82,2015,pop,0.609,0.378,4,-9.828,1,0.438,0.835,0.0,0.28,0.515,100.418,233720,4
515580,Olivia Rodrigo,happier,2tGvwE8GcFKwNdAXMnlbfl,82,2021,pop,0.395,0.443,6,-9.72,1,0.133,0.765,9.67e-06,0.0839,0.338,168.924,175933,3
591088,Calvin Harris,Miracle (with Ellie Goulding),5eTaQYBE1yrActixMAeLcZ,82,2023,dance,0.636,0.869,9,-5.289,1,0.0412,0.0378,0.0446,0.0808,0.306,143.011,186496,4
471584,Sleep Miracle,Brown Sleep Noise,5UBonaClAZVfzxJNn8nnhh,82,2020,sleep,0.0555,0.0837,1,-30.397,1,0.147,0.116,1.0,0.112,0.06,59.509,248000,4
506697,Farruko,Pepas,5fwSHlTEWpluwOM0Sxnh5k,82,2021,hip-hop,0.762,0.766,7,-3.955,1,0.0343,0.00776,6.98e-05,0.128,0.442,130.001,287120,4
340886,Lil Baby,Drip Too Hard (Lil Baby & Gunna),78QR3Wp35dqAhFEc2qAGjE,82,2018,hip-hop,0.897,0.662,1,-6.903,0,0.292,0.0852,0.0,0.534,0.389,112.511,145543,4
1450791,Coldplay,Paradise,6nek1Nin9q48AVZcWs9e9D,82,2011,pop,0.449,0.585,5,-6.761,1,0.0268,0.0509,8.75e-05,0.0833,0.212,139.631,278719,4
487897,Marshmello,Leave Before You Love Me (with Jonas Brothers),4qu63nuBpdn0qHUHuObEj1,82,2021,dance,0.721,0.738,7,-4.77,1,0.0403,0.00226,4.41e-06,0.118,0.637,119.976,154983,4
506691,Lil Nas X,THATS WHAT I WANT,0e8nrvls4Qqv5Rfa2UhqmO,82,2021,hip-hop,0.737,0.846,1,-4.51,0,0.22,0.00614,0.0,0.0486,0.546,87.981,143901,4
600446,Udo Lindenberg,Komet,7oQepKHmXDaPC3rgeLRvQu,82,2023,german,0.55,0.5,7,-5.779,0,0.045,0.285,0.0,0.116,0.351,115.016,167357,4
433210,Dua Lipa,Levitating (feat. DaBaby),5nujrmhLynf4yMoMtj8AQF,82,2020,dance,0.702,0.825,6,-3.787,0,0.0601,0.00883,0.0,0.0674,0.915,102.977,203064,4
433211,Ariana Grande,positions,35mvY5S1H3J2QZyna3TFe0,82,2020,dance,0.737,0.802,0,-4.771,1,0.0878,0.468,0.0,0.0931,0.682,144.015,172325,4
197543,Coldplay,Hymn for the Weekend,3RiPr603aXAoi4GHyXx0uy,82,2015,pop,0.491,0.693,0,-6.487,0,0.0377,0.211,6.92e-06,0.325,0.412,90.027,258267,4
1062594,Nelly Furtado,Promiscuous,2gam98EZKrF9XuOkU13ApN,82,2006,dance,0.808,0.97,10,-6.098,0,0.0506,0.0569,6.13e-05,0.154,0.868,114.328,242293,4
40346,One Direction,What Makes You Beautiful,4cluDES4hQEUhmXj6TXkSo,82,2012,pop,0.726,0.787,4,-2.494,1,0.0737,0.009,0.0,0.0596,0.888,124.99,199987,4
617260,Matheus & Kauan,Não Vitalício (Nunca Mais) - Ao Vivo,4sqpSDnTrbS8v7RMNCUyqS,82,2023,sertanejo,0.418,0.925,1,-2.941,1,0.385,0.396,0.0,0.766,0.627,71.49,169836,4
617256,Zé Neto & Cristiano,Oi Balde - Ao Vivo,3mzbab4H0iZYkHggSEj0UX,82,2023,sertanejo,0.67,0.668,2,-6.411,1,0.0459,0.601,0.0,0.803,0.552,107.995,159158,4
771635,System Of A Down,Chop Suey!,2DlHlPMa4M17kufBvI2lEN,82,2001,metal,0.417,0.934,7,-3.908,0,0.119,0.000278,0.0015,0.132,0.287,127.066,210240,4
1367725,Eminem,Love The Way You Lie,15JINEqzVMv3SvJTAXAKED,82,2010,hip-hop,0.749,0.925,10,-5.034,1,0.227,0.241,0.0,0.52,0.641,86.989,263373,4
617254,Gusttavo Lima,Saudade da Minha Vida - Ao Vivo,51FFbyL0PjkYtjXJQP0JoP,82,2023,sertanejo,0.509,0.935,8,-3.627,1,0.0709,0.108,0.0,0.907,0.769,158.927,194850,4
350233,Morat,No Se Va,4khWEpnaijN0G1x019Uzdr,82,2018,pop,0.734,0.685,0,-5.37,1,0.0453,0.117,0.0,0.109,0.754,92.042,216753,4
406378,Harry Styles,Falling,1ZMiCix7XSAbfAJlEZWMCp,82,2019,pop,0.567,0.267,4,-6.502,1,0.0299,0.839,1.46e-06,0.089,0.0592,110.011,240133,4
561978,Måneskin,THE LONELIEST,1Ame8XTX6QHY0l0ahqUhgv,82,2022,indie-pop,0.519,0.595,2,-5.001,1,0.0283,0.00151,0.0,0.0762,0.237,129.786,247067,4
316536,80purppp,Hex,7D7e6hm2LiNd6nLuJF6K9Q,82,2018,chill,0.845,0.398,5,-15.781,1,0.268,0.872,0.00713,0.159,0.482,109.996,122222,4
606469,beabadoobee,Glue Song,3iBgrkexCzVuPy4O9vx7Mf,82,2023,indie-pop,0.62,0.409,1,-10.146,1,0.0282,0.77,0.0542,0.105,0.582,113.946,135067,3
615628,Eslabon Armado,Ella Baila Sola,3dnP0JxCgygwQH9Gm7q7nb,82,2023,sad,0.668,0.758,5,-5.176,0,0.0332,0.483,1.89e-05,0.0837,0.834,147.989,165671,3
651397,Eminem,Stan,3UmaczJpikHgJFyBTAJVoz,82,2000,hip-hop,0.78,0.768,6,-4.325,0,0.238,0.0371,2.34e-06,0.518,0.507,80.063,404107,4
244724,Travis Scott,goosebumps,6gBFPUFcJLzWGx4lenP6h2,82,2016,house,0.841,0.728,7,-3.37,1,0.0484,0.0847,0.0,0.149,0.43,130.049,243837,4
608234,TOMORROW X TOGETHER,Sugar Rush Ride,0rhI6gvOeCKA502RdJAbfs,82,2023,k-pop,0.712,0.893,10,-3.995,0,0.0851,0.00788,0.0,0.169,0.828,125.022,186571,4
612513,Miley Cyrus,Jaded,3AAY8YicetRPlDAkibHLiS,82,2023,pop,0.496,0.593,4,-5.154,1,0.0285,0.0476,0.0,0.0909,0.177,91.038,185933,4
537291,keshi,LIMBO,2bdVgAQgosGUJoViVDNeOV,82,2022,chill,0.577,0.366,8,-11.792,1,0.0368,0.879,7.76e-05,0.137,0.0841,129.923,212785,4
1018081,Gorillaz,Feel Good Inc.,0d28khcov6AiegSCpG5TuT,82,2005,hip-hop,0.818,0.705,6,-6.679,1,0.177,0.00836,0.00233,0.613,0.772,138.559,222640,4
342777,girl in red,we fell in love in october,6IPwKM3fUUzlElbvKw2sKl,82,2018,indie-pop,0.566,0.366,7,-12.808,1,0.028,0.113,0.181,0.155,0.237,129.96,184154,4
515596,GAYLE,abcdefu,4fouWK6XVHhzl78KzQ1UjL,82,2021,pop,0.695,0.54,4,-5.692,1,0.0493,0.299,0.0,0.367,0.415,121.932,168602,4
576558,Maiara & Maraisa,A Culpa É Nossa - Ao Vivo,7nwHsYxiuHo98dLI7UVkyn,82,2022,sertanejo,0.596,0.85,11,-4.528,1,0.0523,0.608,0.0,0.41,0.531,138.057,165000,4
32070,Frank Ocean,Lost,3GZD6HmiNUhxXYf8Gch723,82,2012,hip-hop,0.913,0.603,8,-4.892,1,0.226,0.0272,0.000503,0.167,0.497,123.061,234093,4
146773,Sam Smith,Stay With Me,5Nm9ERjJZ5oyfXZTECKmRt,82,2014,pop,0.418,0.42,0,-6.444,1,0.0414,0.588,6.39e-05,0.11,0.184,84.094,172724,4
271629,Billie Eilish,Bored,04sN26COy28wTXYj3dMoiZ,82,2017,electro,0.614,0.318,7,-12.695,1,0.0478,0.896,0.00239,0.0795,0.112,119.959,180933,4
1354803,Patrick Watson,Je te laisserai des mots,0V5cvmTKsYmF5FmGGEAfmS,82,2010,folk,0.303,0.187,2,-16.757,1,0.0356,0.989,0.489,0.101,0.213,132.731,160853,4
224448,Bruno Mars,That's What I Like,0KKkJNfGyhkQ5aFogxQAPU,82,2016,dance,0.853,0.56,1,-4.961,1,0.0406,0.013,0.0,0.0944,0.86,134.066,206693,4
541609,Imanbek,Belly Dancer,7fZBQnc0zXwVybgCIrQQil,82,2022,dance,0.845,0.797,1,-4.984,1,0.139,0.0582,5.57e-06,0.167,0.422,121.985,151475,4
224451,Calvin Harris,This Is What You Came For,0azC730Exh71aQlOt9Zj3y,82,2016,dance,0.631,0.927,9,-2.787,0,0.0332,0.199,0.119,0.148,0.465,123.962,222160,4
497606,Matt Sassari,Give It To Me - Full Vocal Mix,5ZduaRci3iNUiDfJbBfAaf,82,2021,french,0.874,0.869,1,-5.996,0,0.0315,0.00116,0.00238,0.164,0.726,126.027,102861,4
119677,Paloma Faith,Only Love Can Hurt Like This,62ke5zFUJN6RvtXZgVH0F8,82,2014,dance,0.566,0.885,8,-4.528,1,0.0818,0.0958,9.97e-05,0.334,0.304,90.99,232893,4
243904,Childish Gambino,Me and Your Mama,4AFsRbaLKRWo3dDtjDFA2V,82,2016,hip-hop,0.545,0.442,5,-12.111,1,0.0352,0.0104,0.0271,0.0664,0.242,118.073,379227,3
487042,Morgan Wallen,Wasted On You,3cBsEDNhFI9E82vPj3kvi3,82,2021,country,0.505,0.657,11,-5.24,0,0.0318,0.373,0.00107,0.126,0.252,196.0,178520,3
590796,Morgan Wallen,Ain’t That Some,2YVlDlk2zRceefo6XlC6DX,82,2023,country,0.641,0.803,6,-5.781,0,0.0286,0.00232,3.86e-06,0.361,0.671,121.086,158004,4
590795,Morgan Wallen,Thinkin’ Bout Me,0PAcdVzhPO4gq1Iym9ESnK,82,2023,country,0.656,0.757,3,-5.775,0,0.0308,0.492,0.0,0.117,0.429,139.971,177388,4
224458,DJ Snake,Let Me Love You,0lYBSQXN6rCTvUZvg9S0lU,82,2016,dance,0.649,0.716,8,-5.371,1,0.0349,0.0863,2.63e-05,0.135,0.163,99.988,205947,4
569251,Rauw Alejandro,LOKERA,79HZAZNnOE97rb2hnI0XQr,82,2022,pop,0.834,0.828,11,-2.657,0,0.0452,0.21,5.91e-06,0.103,0.58,102.019,195294,4
399070,Labrinth,Formula,6EtKlIQmGPB9SX8UjDJG5s,82,2019,indie-pop,0.574,0.664,11,-6.068,1,0.0409,0.0448,0.0553,0.146,0.226,144.654,91870,4
515610,Coldplay,My Universe,3FeVmId7tL5YN8B7R3imoM,82,2021,pop,0.588,0.701,9,-6.39,1,0.0402,0.00813,0.0,0.2,0.443,104.988,228000,4
569289,Ed Sheeran,Celestial,4zrKN5Sv8JS5mqnbVcsul7,82,2022,pop,0.574,0.852,2,-1.248,1,0.0397,0.0529,0.0,0.161,0.501,123.038,209027,4
569271,Rema,Calm Down,6hgoYQDUcPyCz7LcTUHKxa,82,2022,pop,0.811,0.781,11,-6.333,1,0.0428,0.376,0.001,0.121,0.824,107.007,219813,4
146767,Maroon 5,Maps,4gbVRS8gloEluzf0GzDOFc,82,2014,pop,0.742,0.713,1,-5.522,0,0.0303,0.0205,0.0,0.059,0.879,120.032,189960,4
243905,Childish Gambino,Redbone,0WtDGnWL2KrMCk0mI1Gpwz,82,2016,hip-hop,0.745,0.353,1,-10.614,1,0.0983,0.174,0.00662,0.118,0.598,160.111,326933,4
569432,Vishal-Shekhar,"Besharam Rang (From ""Pathaan"")",0CtZpaOhtzvLV3FfcsVpQo,82,2022,pop,0.773,0.795,8,-5.537,0,0.0412,0.0587,0.00237,0.154,0.649,115.997,258474,4
574191,Junior H,El Hijo Mayor,1RGlfmdvcfatN0ZLOmzanS,82,2022,sad,0.571,0.567,8,-6.873,1,0.0994,0.431,0.0,0.129,0.967,165.332,196500,3
541586,Lizzo,About Damn Time,1PckUlxKqWQs3RlWXVBLw3,82,2022,dance,0.836,0.743,10,-6.305,0,0.0656,0.0995,0.0,0.335,0.722,108.966,191822,4
574180,Junior H,Los Botones Azules,3ZGkdrigbWXLgHungXfZkt,82,2022,sad,0.784,0.737,5,-2.174,1,0.0758,0.0877,0.0,0.1,0.623,97.5,135612,3
272513,XXXTENTACION,Everybody Dies In Their Nightmares,3GVkPk8mqxz0itaAriG1L7,82,2017,emo,0.734,0.57,7,-7.066,0,0.133,0.847,2.14e-05,0.112,0.689,129.953,95467,4
272514,XXXTENTACION,Jocelyn Flores,7m9OqQk4RVRkw9JJdeAw96,82,2017,emo,0.872,0.391,0,-9.144,0,0.242,0.469,4.13e-06,0.297,0.437,134.021,119133,4
125809,Mac DeMarco,Chamber Of Reflection,7H7NyZ3G075GqPx2evsfeb,82,2014,edm,0.538,0.557,11,-8.678,1,0.0914,0.262,0.914,0.102,0.506,131.03,231724,4
284813,Offset,Ric Flair Drip (with Metro Boomin),7sO5G9EABYOXQKNPNiE9NR,81,2017,hip-hop,0.88,0.428,9,-8.28,1,0.206,0.149,5.05e-05,0.114,0.333,100.007,172800,4
487902,Tiësto,Don't Be Shy,0bI7K9Becu2dtXK1Q3cZNB,81,2021,dance,0.77,0.787,11,-3.748,0,0.0583,0.198,0.0,0.262,0.513,119.986,140500,4
574181,Fuerza Regida,Igualito a Mi Apá,17js0w8GTkTUFGFM6PYvBd,81,2022,sad,0.758,0.812,4,-3.272,0,0.0854,0.188,0.0,0.0564,0.795,144.908,166821,4
574183,Carin Leon,No Es Por Acá,3bvJftZKZe5QKz433NczyV,81,2022,sad,0.746,0.37,2,-6.309,1,0.0306,0.456,0.0,0.106,0.595,97.568,167692,3
564157,JIN,The Astronaut,0h7QMc9ZRzA9QJrbEHytn2,81,2022,k-pop,0.54,0.761,5,-5.356,1,0.0311,0.00446,2.5e-06,0.137,0.215,124.988,282463,4
197519,The Weeknd,Can't Feel My Face,22VdIZQfgXJea34mQxlt81,81,2015,pop,0.705,0.769,9,-5.526,0,0.0425,0.113,0.0,0.105,0.583,107.949,213520,4
561001,Eliza Rose,B.O.T.A. (Baddest Of Them All) - Edit,39JofJHEtg8I4fSyo7Imft,81,2022,house,0.736,0.906,0,-7.589,1,0.048,0.164,0.585,0.106,0.698,137.001,226627,4
197515,Kali Uchis,Melting,2kSb3wYSOV996xA2NSmpck,81,2015,pop,0.574,0.479,8,-7.776,1,0.0355,0.179,0.0803,0.106,0.303,115.263,208854,4
487903,ACRAZE,Do It To It,20on25jryn53hWghthWWW3,81,2021,dance,0.854,0.806,11,-8.262,0,0.0886,0.0209,0.0542,0.0703,0.637,124.927,157890,4
284814,Kendrick Lamar,LOVE. FEAT. ZACARI.,6PGoSes0D9eUDeeAafB2As,81,2017,hip-hop,0.8,0.585,10,-7.343,1,0.0924,0.264,0.0,0.153,0.779,126.058,213400,4
284816,Kendrick Lamar,PRIDE.,6IZvVAP7VPPnsGX6bvgkqg,81,2017,hip-hop,0.665,0.535,4,-7.056,0,0.0572,0.0786,1.68e-05,0.154,0.37,138.842,275253,4
284818,Drake,Passionfruit,5mCPDVBb16L4XQwDdbRUpz,81,2017,hip-hop,0.809,0.463,11,-11.377,1,0.0396,0.256,0.085,0.109,0.364,111.98,298941,4
284821,Future,Mask Off,0VgkVdmE4gld66l8iyGjgx,81,2017,hip-hop,0.833,0.434,2,-8.795,1,0.431,0.0102,0.0219,0.165,0.281,150.062,204600,4
560186,Brent Faiyaz,ALL MINE,3XgGQ1wjo5khvq2UImjyNF,81,2022,hip-hop,0.617,0.378,9,-8.54,1,0.0315,0.428,9.16e-05,0.11,0.22,141.967,216063,4
197524,Mark Ronson,Uptown Funk (feat. Bruno Mars),32OlwWuMpZ6b0aN2RZOeMS,81,2015,pop,0.856,0.609,0,-7.223,1,0.0824,0.00801,8.15e-05,0.0344,0.928,114.988,269667,4
197516,Rihanna,Bitch Better Have My Money,0NTMtAO2BV4tnGvw9EgBVq,81,2015,pop,0.781,0.728,1,-4.981,1,0.0621,0.0509,1.94e-06,0.257,0.395,102.99,219306,4
569300,Feid,Prohibidox,3PpWCS95gDUDRPko3u1MZ9,81,2022,pop,0.647,0.801,1,-2.946,0,0.249,0.0451,0.0,0.0628,0.517,180.108,166253,4
384324,Billie Eilish,bad guy,2Fxmhks0bxGSBdJ92vM42m,81,2019,electro,0.701,0.425,7,-10.965,1,0.375,0.328,0.13,0.1,0.562,135.128,194088,4
564148,IVE,After LIKE,2gYj9lubBorOPIVWsTXugG,81,2022,k-pop,0.68,0.922,0,-1.215,1,0.121,0.103,0.0,0.0877,0.799,125.014,176973,4
598908,Naiara Azevedo,Palhaça - Ao Vivo,0KXdSF0Poa57KOepZ3hKrh,81,2023,funk,0.893,0.829,0,-5.098,0,0.151,0.518,8.69e-06,0.0979,0.498,146.062,159530,4
569266,Lewis Capaldi,Forget Me,5uSFGgIfHMT3osrAd9n9ym,81,2022,pop,0.669,0.742,1,-3.518,0,0.0441,0.296,0.0,0.355,0.716,101.982,203472,4
462002,Selena Gomez,Lose You To Love Me,4l0Mvzj72xxOpRrp6h8nHi,81,2020,pop,0.488,0.343,4,-8.985,1,0.0436,0.556,0.0,0.21,0.0978,102.819,206459,4
462001,Tate McRae,you broke me first,45bE4HXI0AwGZXfZtMp8JR,81,2020,pop,0.667,0.373,4,-9.389,1,0.05,0.785,0.0,0.0906,0.0823,124.148,169266,4
1457398,Foster The People,Pumped Up Kicks,7w87IxuO7BDcJ3YUqCyMTT,81,2011,rock,0.733,0.71,5,-5.849,0,0.0292,0.145,0.115,0.0956,0.965,127.975,239600,4
462000,Taylor Swift,august,3hUxzQpSfdDqwM3ZTFQY0K,81,2020,pop,0.532,0.623,5,-9.208,1,0.0331,0.538,7.28e-05,0.0925,0.403,89.937,261923,4
109697,WALK THE MOON,Shut Up and Dance,4kbj5MwxO1bq9wjT5g9HaA,81,2014,alt-rock,0.578,0.866,1,-3.804,1,0.0619,0.00701,0.0,0.257,0.619,128.038,199080,4
569267,Yuridia,Qué Agonía,5WEt9MiZPNmCbhu8GOR9Kk,81,2022,pop,0.732,0.573,11,-5.733,1,0.0237,0.56,9.34e-06,0.0543,0.882,97.502,152923,4
406367,Yot Club,YKWIM?,2vWBUC9djv6BtiGlmKiQaH,81,2019,pop,0.372,0.537,9,-7.623,1,0.0305,0.937,0.873,0.287,0.228,123.735,212750,3
551861,MC Ryan SP,Namora Aí,1ACALdBWViTpLBC14Ecv8E,81,2022,funk,0.556,0.659,11,-0.845,0,0.0942,0.148,0.0,0.294,0.754,86.634,148615,4
461995,Kali Uchis,telepatía,6tDDoYIxWvMLTdKpjFkc1B,81,2020,pop,0.653,0.524,11,-9.016,0,0.0502,0.112,0.0,0.203,0.553,83.97,160191,4
428907,Powfu,death bed (coffee for your head),7eJMfftS33KTjuF7lTsMCx,81,2020,chill,0.726,0.431,8,-8.765,0,0.135,0.731,0.0,0.696,0.348,144.026,173333,4
399062,Liana Flores,rises the moon,51Grh1RyUDcMBbpuyUIUHI,81,2019,indie-pop,0.483,0.129,5,-20.149,0,0.0349,0.947,0.145,0.106,0.203,137.35,161929,3
1296635,JAY-Z,Empire State Of Mind,2igwFfvr1OAGX9SKDCPBwO,81,2009,hip-hop,0.491,0.956,11,-1.538,1,0.392,0.0295,0.0,0.46,0.811,173.585,276920,4
188789,Bryson Tiller,Don't,3pXF1nA74528Edde4of9CC,81,2015,hip-hop,0.765,0.356,11,-5.556,0,0.195,0.223,0.0,0.0963,0.189,96.991,198293,4
97060,Capital Cities,Safe And Sound,6Z8R6UsFuGXGtiIxiD8ISb,81,2013,rock,0.655,0.819,0,-4.852,1,0.0316,0.000176,0.00374,0.104,0.766,117.956,192790,5
608236,TWICE,MOONLIGHT SUNRISE,5NcLyVjUgG0yfwHgr5t81w,81,2023,k-pop,0.749,0.781,1,-3.265,1,0.0578,0.392,2.12e-06,0.086,0.606,125.09,180320,4
888444,Don Omar,Dile,69Ej1xrGjOcHvIMtMKxK0G,81,2003,hip-hop,0.817,0.714,4,-7.501,0,0.141,0.184,0.000132,0.042,0.714,94.001,204600,4
119673,Ariana Grande,One Last Time,7xoUc6faLbCqZO6fQEYprd,81,2014,dance,0.628,0.593,8,-5.036,1,0.0323,0.093,1.65e-06,0.096,0.104,125.026,197267,4
560187,Drake,Pussy & Millions (feat. Travis Scott),2KLwPaRDOB87XOYAT2fgxh,81,2022,hip-hop,0.749,0.63,4,-6.652,0,0.116,0.0623,0.0,0.353,0.445,122.03,242027,4
574248,Junior H,COLOGNE,1ULnQ2yn5LeQX4LrROm1RD,81,2022,sad,0.765,0.683,5,-5.301,0,0.0625,0.226,0.0,0.108,0.536,137.02,225306,4
377664,Doja Cat,Streets,60ynsPSSKe6O3sfwRnIBRf,81,2019,dance,0.749,0.463,11,-8.433,1,0.0842,0.21,0.0382,0.338,0.189,90.035,226987,4
506693,Lil Nas X,INDUSTRY BABY (feat. Jack Harlow),27NovPIUIRrOZoCHxABJwK,81,2021,hip-hop,0.736,0.704,3,-7.409,0,0.0615,0.0203,0.0,0.0501,0.894,149.995,212000,4
93567,Lana Del Rey,Young And Beautiful,2nMeu6UenVvwUktBCpLMK9,81,2013,pop,0.324,0.416,11,-8.92,0,0.0368,0.262,3.69e-05,0.11,0.151,113.986,236053,4
576557,Jorge & Mateus,5 Regras - Ao Vivo,3gCWngngUs1uojw33vrE8K,81,2022,sertanejo,0.761,0.574,11,-8.196,1,0.0675,0.78,0.0,0.459,0.605,124.185,161470,4
286612,Jaymes Young,Infinity,1SOClUWhOi8vHZYMz3GluK,81,2017,indie-pop,0.671,0.673,11,-6.941,0,0.0444,0.148,5.29e-05,0.304,0.494,121.963,237720,4
433212,Dua Lipa,Levitating,39LLxExYz6ewLAcYrzQQyP,81,2020,dance,0.695,0.884,6,-2.278,0,0.0753,0.0561,0.0,0.213,0.914,103.014,203808,4
174628,Avicii,Waiting For Love,2P4OICZRVAQcYAV2JReRfj,81,2015,edm,0.579,0.736,6,-3.863,0,0.0527,0.31,0.0,0.198,0.613,127.999,230613,4
506679,Drake,Knife Talk (with 21 Savage ft. Project Pat),2BcMwX1MPV6ZHP4tUT9uq6,81,2021,hip-hop,0.849,0.424,5,-9.579,0,0.324,0.0635,0.0,0.0834,0.153,145.887,242966,4
508524,Måneskin,I WANNA BE YOUR SLAVE,4pt5fDVTg5GhEvEtlz9dKk,81,2021,indie-pop,0.75,0.608,1,-4.008,1,0.0387,0.00165,0.0,0.178,0.958,132.507,173347,4
321028,Lady Gaga,Always Remember Us This Way,2rbDhOo9Fh61Bbu23T2qCk,81,2018,dance,0.553,0.502,0,-5.972,1,0.0409,0.299,0.0,0.764,0.296,129.976,210200,4
293588,Sam Smith,Too Good At Goodbyes,1mXVgsBdtIVeCLJnSnmtdV,81,2017,pop,0.681,0.372,5,-8.237,1,0.0432,0.64,0.0,0.169,0.476,91.873,201000,4
321026,Charlie Puth,Attention,5cF0dROlMOK5uNZtivgu50,81,2018,dance,0.775,0.613,3,-4.586,0,0.0542,0.109,2.33e-05,0.134,0.797,100.066,208787,4
341742,Travis Scott,SICKO MODE,2xLMifQCjDGFmkHkpNLD9h,81,2018,house,0.834,0.73,8,-3.714,1,0.222,0.00513,0.0,0.124,0.446,155.008,312820,4
93566,PARTYNEXTDOOR,Break from Toronto,5fEB6ZmVkg63GZg9qO86jh,81,2013,pop,0.595,0.678,9,-5.18,1,0.0335,0.0199,0.00389,0.418,0.259,117.067,99213,4
540767,Morgan Wallen,You Proof,5uU1uuyaUIBOiiUSQG7Wl3,81,2022,country,0.731,0.85,9,-4.913,1,0.0336,0.252,0.0,0.605,0.644,119.706,157478,4
541594,Charlie Puth,Left and Right (Feat. Jung Kook of BTS),0mBP9X2gPCuapvpZ7TGDk3,81,2022,dance,0.881,0.592,2,-4.898,1,0.0324,0.619,1.32e-05,0.0901,0.719,101.058,154487,4
576559,Matheus & Kauan,Pactos - Ao Vivo,2M4kQD87lKnAS9vFlb4Bez,81,2022,sertanejo,0.565,0.889,1,-2.976,1,0.0498,0.582,0.0,0.427,0.473,121.778,183695,4
549418,George Ezra,Green Green Grass,4N5s8lPTsjI9EGP7K4SXzB,81,2022,folk,0.685,0.738,8,-4.413,1,0.0595,0.0695,0.0,0.128,0.8,112.972,167614,4
321014,Marshmello,Happier,2dpaYNEQHiRxtZbfNsse99,81,2018,dance,0.687,0.792,5,-2.749,1,0.0452,0.191,0.0,0.167,0.671,100.015,214290,4
506705,Tainy,Lo Siento BB:/ (with Bad Bunny & Julieta Venegas),4gzsuuZypVbxs0Af1LSZyB,81,2021,hip-hop,0.639,0.703,4,-6.33,0,0.0794,0.0889,1.78e-06,0.0865,0.138,169.888,207301,4
284831,French Montana,Unforgettable,3B54sVLJ402zGa6Xm4YGNe,81,2017,hip-hop,0.726,0.769,6,-5.043,1,0.123,0.0293,0.0101,0.104,0.733,97.985,233902,4
452808,Playboi Carti,Sky,29TPjc8wxfz4XMn21O7VsZ,81,2020,hip-hop,0.785,0.903,2,-4.184,1,0.21,0.258,0.0,0.169,0.565,139.98,193234,4
564144,NewJeans,Cookie,2DwUdMJ5uxv20EhAildreg,81,2022,k-pop,0.847,0.638,0,-3.764,1,0.0575,0.0596,0.0,0.0894,0.661,156.935,235562,4
452810,Eminem,Godzilla (feat. Juice WRLD),7FIWs0pqAYbP91WWM0vlTQ,81,2020,hip-hop,0.808,0.745,10,-5.26,0,0.342,0.145,0.0,0.292,0.829,165.995,210800,4
342776,Mitski,Washing Machine Heart,3jjsRKEsF42ccXf8kWR3nu,81,2018,indie-pop,0.613,0.822,9,-4.087,1,0.026,0.0092,0.506,0.429,0.567,105.997,128199,4
340888,Lil Baby,Pure Cocaine,577YBGuskWkVDCxZrLRB4v,81,2018,hip-hop,0.964,0.487,10,-6.071,0,0.421,0.00127,6.57e-06,0.115,0.107,127.05,154024,4
541587,Marshmello,Numb,10xV5l9nhLvFpR8mqzs0bL,81,2022,dance,0.912,0.774,0,-4.673,0,0.0455,0.121,0.0127,0.101,0.632,119.966,155589,4
224449,Sia,Unstoppable,1yvMUkIOTeUNtNWlWRgANS,81,2016,dance,0.468,0.779,9,-4.839,1,0.0779,0.112,0.000373,0.101,0.26,173.799,217747,4
406379,Lana Del Rey,Doin' Time,0Oqc0kKFsQ6MhFOLBNZIGX,81,2019,pop,0.641,0.559,7,-11.132,0,0.0355,0.404,0.00402,0.0937,0.523,144.982,202193,4
406376,Billie Eilish,when the party's over,43zdsphuZLzwA9k4DJhU0I,81,2019,pop,0.367,0.111,4,-14.084,1,0.0972,0.978,3.97e-05,0.0897,0.198,82.642,196077,4
406437,James Arthur,Car's Outside,0otRX6Z89qKkHkQ9OqJpKt,81,2019,pop,0.338,0.562,9,-7.181,1,0.029,0.039,0.0,0.107,0.259,149.907,248373,4
93572,One Direction,Story of My Life,4nVBt6MZDDP6tRVdQTgxJg,81,2013,pop,0.6,0.663,3,-5.802,1,0.0477,0.225,0.0,0.119,0.286,121.07,245493,4
560191,Jack Harlow,First Class,0wHFktze2PHC5jDt3B17DC,81,2022,hip-hop,0.902,0.582,5,-5.902,0,0.109,0.111,3.18e-06,0.111,0.332,107.005,173948,4
561971,Cults,Gilded Lily,3Z0qLOS0cqWKPHXkbTXmNF,81,2022,indie-pop,0.4,0.571,11,-6.534,0,0.0288,0.468,3.05e-05,0.519,0.146,61.859,212736,4
456848,BTS,Dynamite,5QDLhrAOJJdNAmCTJ8xMyW,81,2020,k-pop,0.746,0.765,6,-4.41,0,0.0993,0.0112,0.0,0.0936,0.737,114.044,199054,4
255746,Cigarettes After Sex,Apocalypse,3AVrVz5rK8Hrqo9YGiVGN5,81,2017,ambient,0.369,0.467,5,-9.018,1,0.0274,0.0194,0.46,0.109,0.174,94.473,290147,4
551867,Ana Castela,DONA DE MIM,7sopDXkuzXtHt8AQpdBxmT,81,2022,funk,0.68,0.793,1,-4.726,1,0.234,0.437,0.0,0.11,0.728,167.922,145092,4
515589,The Weeknd,Save Your Tears (with Ariana Grande) (Remix),37BZB0z9T8Xu7U3e65qxFy,81,2021,pop,0.65,0.825,0,-4.645,1,0.0325,0.0215,2.44e-05,0.0936,0.593,118.091,191014,4
612587,Rauw Alejandro,PANTIES Y BRASIERES,0fADaWdT3obxk7zvHS18VY,81,2023,pop,0.758,0.888,1,-2.851,1,0.0706,0.34,0.00139,0.144,0.408,107.039,197383,4
311043,The Neighbourhood,You Get Me So High,7zwn1eykZtZ5LODrf7c0tS,81,2018,alt-rock,0.551,0.881,7,-6.099,0,0.0542,0.186,0.0791,0.152,0.387,88.036,153000,4
569229,Conan Gray,Memories,5UXJzLFdBn6u9FJTCnoHrH,81,2022,pop,0.34,0.684,11,-6.306,1,0.044,0.00979,0.0,0.348,0.556,112.969,248819,4
931082,Usher,Yeah! (feat. Lil Jon & Ludacris),5rb9QrpfcKFHM1EUbSIurX,81,2004,dance,0.894,0.791,2,-4.699,1,0.112,0.0183,0.0,0.0388,0.583,105.018,250373,4
541651,Felix Jaehn,Call It Love,5YdnOm5990Kfq1Jodws98B,81,2022,dance,0.616,0.841,5,-4.779,0,0.076,0.0559,0.00217,0.417,0.714,110.029,154561,4
569225,Harry Styles,Music For a Sushi Restaurant,5LYMamLv12UPbemOaTPyeV,81,2022,pop,0.72,0.715,11,-4.652,1,0.04,0.258,0.0568,0.107,0.357,107.041,193813,4
569224,Dove Cameron,Boyfriend,59CfNbkERJ3NoTXDvoURjj,81,2022,pop,0.345,0.612,7,-6.543,0,0.0608,0.232,0.0,0.194,0.232,179.773,153000,3
590797,Luke Combs,Love You Anyway,3qXsX3mYSsD1DmAvc3PE3N,81,2023,country,0.532,0.489,4,-7.419,1,0.0311,0.149,0.0,0.237,0.32,139.807,229627,4
519370,Imagine Dragons,Enemy (with JID) - from the series Arcane League of Legends,1r9xUipOqoNwggBpENDsvJ,81,2021,rock,0.728,0.783,11,-4.424,0,0.266,0.237,0.0,0.434,0.555,77.011,173381,4
146774,Justine Skye,Collide (feat. Tyga),22I3h5AOENlH4CqXJsEbFR,81,2014,pop,0.418,0.31,11,-9.869,0,0.0625,0.095,0.0,0.216,0.131,139.614,260170,4
245682,TV Girl,Not Allowed,3IznIgmXtrUaoPWpQTy5jB,81,2016,indie-pop,0.67,0.905,1,-6.855,1,0.129,0.669,0.000227,0.349,0.563,104.965,167864,4
328649,XXXTENTACION,SAD!,3ee8Jmje8o58CHK66QrVC2,81,2018,emo,0.74,0.613,8,-4.88,1,0.145,0.258,0.00372,0.123,0.473,75.023,166606,4
328648,XXXTENTACION,Moonlight,0JP9xo3adEtGSdUEISiszL,81,2018,emo,0.921,0.537,9,-5.723,0,0.0804,0.556,0.00404,0.102,0.711,128.009,135090,4
569222,The Weeknd,Out of Time,2SLwbpExuoBDZBpjfefCtV,81,2022,pop,0.65,0.76,0,-4.422,0,0.0446,0.255,0.0,0.339,0.838,93.057,214194,4
146772,Lana Del Rey,West Coast,5Y6nVaayzitvsD5F7nr3DV,81,2014,pop,0.527,0.591,6,-7.664,0,0.0396,0.194,0.0194,0.0907,0.461,123.167,256760,4
569250,Dean Lewis,How Do I Say Goodbye,5hnGrTBaEsdukpDF6aZg8a,81,2022,pop,0.4,0.641,8,-6.303,1,0.0674,0.214,0.0,0.0656,0.393,81.552,163603,4
271174,Mac DeMarco,For the First Time,2R4AlwtrrkMaRKojcTIzmL,81,2017,edm,0.551,0.529,5,-10.469,0,0.0517,0.296,0.0093,0.178,0.521,75.515,182307,4
569219,Harry Styles,Matilda,6uvh0In7u1Xn4HgxOfAn8O,81,2022,pop,0.507,0.294,2,-10.0,1,0.04,0.896,1.97e-05,0.0966,0.386,114.199,245964,4
245683,TV Girl,Cigarettes out the Window,6QeYSvYqYUsfBzsApbjDHO,81,2016,indie-pop,0.625,0.659,0,-5.669,1,0.0337,0.12,0.0,0.17,0.594,113.551,198961,4
487898,Bruno Mars,Leave The Door Open,02VBYrHfVwfEWXk5DXyf0T,81,2021,dance,0.586,0.616,5,-7.964,1,0.0324,0.182,0.0,0.0927,0.719,148.088,242096,4
595414,Loreen,Tattoo,1DmW5Ep6ywYwxc2HMT5BG6,81,2023,electro,0.545,0.779,3,-6.235,0,0.0751,0.243,1.66e-06,0.123,0.303,150.002,183375,4
531980,The 1975,About You,1fDFHXcykq4iw8Gg7s5hG9,81,2022,alt-rock,0.416,0.762,2,-7.385,1,0.0279,0.312,0.804,0.0559,0.461,95.967,326491,4
591090,P!nk,TRUSTFALL,4FWbsd91QSvgr1dSWwW51e,81,2023,dance,0.636,0.888,8,-3.889,1,0.0945,0.00162,0.000216,0.147,0.25,122.032,237200,4
462010,The Weeknd,Save Your Tears (Remix) (with Ariana Grande) - Bonus Track,1oFAF1hdPOickyHgbuRjyX,81,2020,pop,0.65,0.825,0,-4.645,1,0.0325,0.0215,2.44e-05,0.0936,0.593,118.091,191014,4
569213,Taylor Swift,"You're On Your Own, Kid",4D7BCuvgdJlYvlX5WlN54t,81,2022,pop,0.696,0.396,2,-10.289,1,0.0656,0.401,5.2e-06,0.125,0.38,120.041,194207,4
506681,Baby Keem,family ties (with Kendrick Lamar),3QFInJAm9eyaho5vBzxInN,80,2021,hip-hop,0.711,0.611,1,-5.453,1,0.33,0.00588,0.0,0.23,0.144,134.093,252262,4
433220,Tiësto,The Business,6f3Slt0GbA2bPZlz0aIFXN,80,2020,dance,0.798,0.62,8,-7.079,0,0.232,0.414,0.0192,0.112,0.235,120.031,164000,4
433218,Ariana Grande,Stuck with U (with Justin Bieber),4HBZA5flZLE435QTztThqH,80,2020,dance,0.597,0.45,8,-6.658,1,0.0418,0.223,0.0,0.382,0.537,178.765,228482,3
487894,Doja Cat,You Right,0k4d5YPDr1r7FX77VdqWez,80,2021,dance,0.828,0.621,8,-6.414,1,0.0565,0.0164,0.00233,0.0845,0.436,128.986,186173,4
569231,Taylor Swift,Snow On The Beach (feat. Lana Del Rey),1wtOxkiel43cVs0Yux5Q4h,80,2022,pop,0.663,0.319,9,-13.481,1,0.0375,0.69,0.000993,0.117,0.193,109.957,256124,4
72864,Daft Punk,Get Lucky (feat. Pharrell Williams & Nile Rodgers) - Radio Edit,2Foc5Q5nqNiosCNqttzHof,80,2013,electro,0.794,0.811,6,-8.966,0,0.038,0.0426,1.07e-06,0.101,0.862,116.047,248413,4
1343506,Shakira,Waka Waka (This Time for Africa) [The Official 2010 FIFA World Cup (TM) Song] (feat. Freshlyground),6bNB5gxFX6Q87DbQWb8OWZ,80,2010,dance,0.758,0.871,2,-6.408,1,0.147,0.0062,0.0,0.0663,0.753,126.994,202627,4
952557,Zion & Lennox,Yo Voy (feat. Daddy Yankee),5gflgO9EPbIBf16n5TKnQS,80,2004,hip-hop,0.808,0.697,10,-5.899,1,0.241,0.041,0.0,0.0546,0.554,95.06,232020,4
506680,Drake,Wants and Needs (feat. Lil Baby),65OVbaJR5O1RmwOQx0875b,80,2021,hip-hop,0.578,0.449,1,-6.349,1,0.286,0.0618,2.17e-06,0.119,0.1,136.006,192956,4
377681,Shawn Mendes,Señorita,6v3KW9xbzN5yKLt9YKDYA2,80,2019,dance,0.759,0.548,9,-6.049,0,0.029,0.0392,0.0,0.0828,0.749,116.967,190800,4
561098,Pritam,"Kesariya (From ""Brahmastra"")",6VBhH7CyP56BXjp8VsDFPZ,80,2022,indian,0.577,0.574,0,-6.525,1,0.0278,0.572,0.0,0.1,0.436,94.009,268165,4
541598,Becky G,MAMIII,1ri9ZUkBJVFUdgwzCnfcYs,80,2022,dance,0.843,0.7,4,-3.563,0,0.0803,0.0934,0.0,0.14,0.899,93.991,226088,4
264776,Meghan Trainor,NO,0l0CvurVUrr2w3Jj1hOVFc,80,2017,dance,0.557,0.803,1,-3.599,0,0.213,0.0124,1.61e-06,0.737,0.657,92.134,213507,4
506683,Drake,Fair Trade (with Travis Scott),40iJIUlhi6renaREYGeIDS,80,2021,hip-hop,0.666,0.465,1,-8.545,1,0.26,0.0503,0.0,0.215,0.292,167.937,291175,4
340890,21 Savage,a lot,2t8yVaLvJ0RenpXUIAC52d,80,2018,hip-hop,0.837,0.636,1,-7.643,1,0.086,0.0395,0.00125,0.342,0.274,145.972,288624,4
569230,Harry Styles,Daylight,51Zw1cKDgkad0CXv23HCMU,80,2022,pop,0.686,0.445,0,-7.189,1,0.0398,0.484,0.00144,0.175,0.626,145.5,164533,3
541611,Camila Cabello,Bam Bam (feat. Ed Sheeran),0QBzMgT7NIeoCYy3sJCof1,80,2022,dance,0.756,0.697,8,-6.377,1,0.0401,0.182,0.0,0.333,0.956,94.996,206071,4
515579,Olivia Rodrigo,"jealousy, jealousy",0MMyJUC3WNnFS1lit5pTjk,80,2021,pop,0.695,0.575,10,-6.334,0,0.116,0.198,0.0,0.0614,0.699,163.929,173160,4
462011,Miley Cyrus,Prisoner (feat. Dua Lipa),2Oycxb8QbPkpHTo8ZrmG0B,80,2020,pop,0.781,0.67,3,-3.912,0,0.0452,0.0103,0.0,0.0761,0.595,127.99,169333,4
342775,TV Girl,Blue Hair,39sDitIeCMrVX2QyXHY46t,80,2018,indie-pop,0.751,0.72,4,-6.376,1,0.0303,0.554,0.0497,0.258,0.884,135.73,217000,4
340889,Lil Baby,Yes Indeed,6vN77lE9LK6HP2DewaN6HZ,80,2018,hip-hop,0.963,0.346,5,-9.309,0,0.53,0.0355,0.0,0.108,0.562,119.957,142273,4
560189,Drake,On BS,34tz0eDhGuFErIuW3q4mPX,80,2022,hip-hop,0.841,0.358,9,-8.368,1,0.591,0.0201,0.0,0.39,0.329,158.014,261544,4
197532,Justin Bieber,Sorry,09CtPGIpYB4BrO8qb1RGsF,80,2015,pop,0.654,0.76,0,-3.669,0,0.045,0.0797,0.0,0.299,0.41,99.945,200787,4
487896,Doja Cat,Kiss Me More (feat. SZA),3DarAbFujv6eYNliUTyqtz,80,2021,dance,0.764,0.705,8,-3.463,1,0.0284,0.259,8.92e-05,0.12,0.781,110.97,208667,4
462033,Miley Cyrus,Angels Like You,1daDRI9ahBonbWD8YcxOIB,80,2020,pop,0.672,0.642,5,-4.035,1,0.0313,0.0981,0.0,0.1,0.494,121.981,196453,4
1161273,Linkin Park,What I've Done,18lR4BzEs7e3qzc0KVkTpU,80,2007,metal,0.623,0.93,5,-5.285,1,0.0324,0.0141,1.64e-06,0.138,0.287,120.119,205613,4
617258,Luan Santana,SOLTEIROU - Ao Vivo,0AIA4KsMsyqur8FbTVhGNT,80,2023,sertanejo,0.681,0.807,1,-5.9,1,0.0693,0.121,0.0,0.87,0.633,134.12,148549,4
617259,Gustavo Mioto,Quando Apaga A Luz - Ao Vivo,1nf1HJdTWXwf9XHQebGlOd,80,2023,sertanejo,0.7,0.914,2,-3.047,0,0.0539,0.168,0.0,0.761,0.776,149.918,144298,4
569221,Harry Styles,Satellite,0rzaRSujxA0bKyjJl6vHYq,80,2022,pop,0.576,0.457,0,-6.473,1,0.0304,0.143,3.05e-05,0.0917,0.301,138.984,218577,4
1062595,Akon,Smack That,2kQuhkFX7uSVepCD3h29g5,80,2006,dance,0.939,0.742,5,-5.171,0,0.0467,0.321,0.0,0.107,0.924,118.978,212360,4
541606,Alesso,Words (feat. Zara Larsson),1bgKMxPQU7JIZEhNsM1vFs,80,2022,dance,0.739,0.586,10,-5.079,0,0.0472,0.0245,0.000252,0.308,0.444,124.026,142677,4
576561,Israel & Rodolffo,Perdoou Nada - Ao Vivo,4r2O8NHomHiJnFKqhYnqy1,80,2022,sertanejo,0.629,0.864,3,-4.179,1,0.059,0.105,0.0,0.431,0.678,153.937,163120,4
146776,Lana Del Rey,Brooklyn Baby,1NZs6n6hl8UuMaX0UC0YTz,80,2014,pop,0.404,0.664,1,-6.698,1,0.0407,0.542,0.00402,0.11,0.0949,107.747,351640,4
1244818,Kings of Leon,Sex on Fire,0ntQJM78wzOLVeCUAW7Y45,80,2008,rock,0.542,0.905,9,-5.653,1,0.054,0.00172,0.0104,0.136,0.374,153.398,203347,4
264773,Shawn Mendes,Mercy,0AS63m1wHv9n4VVRizK6Hc,80,2017,dance,0.555,0.662,11,-4.952,0,0.0827,0.125,0.0,0.111,0.356,148.128,208733,4
771637,System Of A Down,Toxicity,0snQkGI5qnAmohLE7jTsTn,80,2001,metal,0.413,0.873,8,-4.151,1,0.0536,0.000264,0.00249,0.204,0.48,116.68,218933,3
397233,J. Cole,MIDDLE CHILD,2JvzF1RMd7lE3KmFlsyZD8,80,2019,hip-hop,0.837,0.364,8,-11.713,1,0.276,0.149,0.0,0.271,0.463,123.984,213594,4
452813,Drake,Chicago Freestyle (feat. Giveon),4wVOKKEHUJxHCFFNUWDn0B,80,2020,hip-hop,0.735,0.449,10,-7.507,1,0.347,0.629,0.0,0.113,0.0397,122.947,220488,4
574190,Junior H,Vamos Para Arriba,7cZoAjj5vufdREBJZGW2lH,80,2022,sad,0.699,0.51,5,-7.153,0,0.0352,0.498,0.0,0.22,0.625,98.07,172227,3
146779,Maroon 5,Sugar,2iuZJX9X9P0GKaE93xcPjk,80,2014,pop,0.748,0.788,1,-7.055,1,0.0334,0.0591,0.0,0.0863,0.884,120.076,235493,4
651396,Outkast,Ms. Jackson,0I3q5fE6wg7LIfHGngUTnV,80,2000,hip-hop,0.843,0.806,4,-5.946,0,0.269,0.143,0.0,0.0771,0.613,94.948,270507,4
452807,21 Savage,Runnin,5SWnsxjhdcEDc7LJjq9UHk,80,2020,hip-hop,0.819,0.626,10,-4.574,0,0.202,0.00748,0.101,0.167,0.415,143.01,195906,4
574188,Grupo Marca Registrada,Puro Campeón,1kNC7b4zXbqoceKpkGdnD8,80,2022,sad,0.851,0.542,10,-8.152,1,0.122,0.361,3.73e-06,0.132,0.789,101.896,196437,4
1412784,Gym Class Heroes,Stereo Hearts (feat. Adam Levine),0qOnSQQF0yzuPWsXrQ9paz,80,2011,dance,0.646,0.795,9,-3.293,1,0.0976,0.0319,0.0,0.267,0.796,89.99,210960,4
452806,Brent Faiyaz,Clouded,2J6OF7CkpdQGSfm1wdclqn,80,2020,hip-hop,0.583,0.344,2,-8.765,1,0.0559,0.774,0.0,0.143,0.581,65.203,110129,3
574185,Grupo Marca Registrada,Si Fuera Fácil,7Jph6HJbfURt4Fea19IED3,80,2022,sad,0.794,0.677,10,-9.969,1,0.0713,0.446,0.0313,0.076,0.611,101.467,170496,3
574182,Fuerza Regida,911 - En Vivo,1O0IFR3MYqgQbziKTCf0X4,80,2022,sad,0.641,0.517,0,-5.472,1,0.0673,0.528,0.0,0.136,0.642,127.902,175424,4
272516,XXXTENTACION,Look At Me!,7floNISpH8VF4z4459Qo18,80,2017,emo,0.763,0.726,1,-6.405,1,0.282,0.259,0.0,0.0976,0.349,139.059,126346,4
397234,Baby Keem,HONEST,58k32my5lKofeZRtIvBDg9,80,2019,hip-hop,0.676,0.536,2,-8.79,1,0.0432,0.403,3.37e-05,0.105,0.373,79.037,172672,4
1380361,Rihanna,S&M,7ySUcLPVX7KudhnmNcgY2D,80,2010,pop,0.769,0.684,1,-5.019,1,0.0411,0.0105,0.000125,0.0887,0.835,127.972,243600,4
1380371,Justin Bieber,Baby,6epn3r7S14KUqlReYr77hA,80,2010,pop,0.728,0.859,5,-5.237,0,0.137,0.0401,0.0,0.111,0.535,65.043,214240,4
487892,Doja Cat,Need to Know,3Vi5XqYrmQgOYBajMWSvCi,80,2021,dance,0.664,0.609,1,-6.509,1,0.0707,0.304,0.0,0.0926,0.194,130.041,210560,4
397236,"Tyler, The Creator",NEW MAGIC WAND,0fv2KH6hac06J86hBUTcSf,80,2019,hip-hop,0.621,0.73,5,-5.414,0,0.107,0.0967,0.000131,0.673,0.464,139.566,195320,4
188804,Wiz Khalifa,See You Again (feat. Charlie Puth),2JzZzZUQj3Qff7wapcbKjc,80,2015,hip-hop,0.689,0.481,10,-7.503,1,0.0815,0.369,1.03e-06,0.0649,0.283,80.025,229526,4
572959,SunKissed Lola,Pasilyo,0uZFcsx96wzbixsULmrg8o,80,2022,rock,0.71,0.61,2,-4.674,1,0.0351,0.415,2.67e-05,0.181,0.404,120.032,270250,3
12109,Macklemore & Ryan Lewis,Can't Hold Us (feat. Ray Dalton),3bidbhpOYeV4knp8AIu8Xn,80,2012,dance,0.641,0.922,2,-4.457,1,0.0786,0.0291,0.0,0.0862,0.847,146.078,258343,4
12106,Pitbull,Timber (feat. Ke$ha),3cHyrEgdyYRjgJKSOiOtcS,80,2012,dance,0.581,0.963,11,-4.087,1,0.0981,0.0295,0.0,0.139,0.788,129.992,204160,4
744884,Shakira,"Whenever, Wherever",2lnzGkdtDj5mtlcOW2yRtG,80,2001,dance,0.794,0.832,1,-4.862,0,0.0407,0.237,1.14e-05,0.203,0.871,107.657,196160,4
272515,XXXTENTACION,Fuck Love (feat. Trippie Redd),7AQim7LbvFVZJE3O8TYgf2,80,2017,emo,0.797,0.533,0,-9.74,0,0.0412,0.0172,0.000152,0.103,0.329,131.036,146520,4
320104,Morgan Wallen,Whiskey Glasses,6foY66mWZN0pSRjZ408c00,80,2018,country,0.614,0.68,6,-4.58,1,0.0289,0.369,1.84e-06,0.115,0.707,149.959,234347,4
86214,Jogja Hip Hop Foundation,Cintamu Sepahit Topi Miring,1ixNEKbIZTTZ5LIz3rr9jD,80,2013,hip-hop,0.741,0.801,11,-4.84,1,0.275,0.147,2.73e-05,0.0821,0.561,193.911,294053,4
321018,Lauv,I Like Me Better,0EcQcdcbQeVJn9fknj44Be,80,2018,dance,0.753,0.505,9,-7.621,1,0.255,0.534,2.58e-06,0.104,0.419,91.972,197437,4
340905,A$AP Rocky,Praise The Lord (Da Shine) (feat. Skepta),7ycWLEP1GsNjVvcjawXz3z,80,2018,hip-hop,0.854,0.569,5,-8.151,0,0.106,0.0609,0.0816,0.1,0.294,80.015,205040,4
550144,Kadu Martins,Novinha do Onlyfans (Tchan Ran Tchan Tchan),0oB3IBEhbmgTrL7mV0VnFq,80,2022,forro,0.767,0.684,11,-3.221,0,0.0431,0.508,0.0,0.0417,0.965,95.001,137661,4
560671,Shubh,No Love,08Isz2ETWSBhvIl8UpKYsp,80,2022,hip-hop,0.768,0.487,4,-8.936,0,0.0431,0.24,0.0,0.175,0.722,137.034,170388,4
574209,Junior H,Extssy Model,24teIhDYO2RocTA2v5dY0r,80,2022,sad,0.675,0.725,4,-4.766,0,0.0334,0.0839,0.0,0.334,0.469,92.513,240654,3
406384,Harry Styles,Golden,45S5WTQEGOB1VHr1Q4FuPl,80,2019,pop,0.448,0.838,4,-5.257,0,0.0557,0.21,0.000131,0.131,0.254,139.863,208907,4
591084,Halsey,Die 4 Me,6VYAzAQGFsfEAwdorQaZuU,80,2023,dance,0.694,0.743,7,-4.267,0,0.0833,0.355,0.0,0.275,0.554,145.048,215021,4
541592,Swedish House Mafia,Moth To A Flame (with The Weeknd),0VO8gYVDSwM1Qdd2GsMoYK,80,2022,dance,0.553,0.659,8,-7.295,1,0.0391,0.0027,0.0,0.105,0.105,120.146,234000,4
541657,Lost Frequencies,Back To You,3K00Ib1shkOEiAXU5pec6e,80,2022,dance,0.679,0.548,0,-7.495,1,0.0298,0.234,0.0,0.189,0.413,115.954,155909,4
550146,NATTAN,Love Gostosinho - Ao Vivo,2BlFIe0712LBUtTHxbqjme,80,2022,forro,0.726,0.814,7,-3.853,1,0.031,0.503,0.0,0.753,0.892,141.934,164075,4
406374,Taylor Swift,Paper Rings,4y5bvROuBDPr5fuwXbIBZR,80,2019,pop,0.811,0.719,9,-6.553,1,0.0497,0.0129,1.36e-05,0.0742,0.865,103.979,222400,4
836547,Coldplay,Clocks,0BCPKOYdS2jbQ8iyB56Zns,80,2002,pop,0.577,0.749,5,-7.215,0,0.0279,0.599,0.0115,0.183,0.255,130.97,307880,4
93574,Miley Cyrus,Wrecking Ball,2vwlzO0Qp8kfEtzTsCXfyE,80,2013,pop,0.53,0.422,5,-6.262,1,0.0342,0.407,0.0,0.107,0.349,119.964,221360,4
12113,Swedish House Mafia,Don't You Worry Child - Radio Edit,2V65y3PX4DkRhy1djlxd9p,80,2012,dance,0.612,0.84,11,-3.145,0,0.0509,0.112,0.0,0.116,0.438,129.042,212862,4
515587,24kGoldn,Mood (feat. iann dior),4jPy3l0RUwlUI9T5XHBW2m,80,2021,pop,0.701,0.716,7,-3.671,0,0.0361,0.174,0.0,0.324,0.732,91.007,140533,4
93593,One Direction,Right Now,1dQQ2QlnvXUehsRUrukKmf,80,2013,pop,0.645,0.78,8,-5.165,1,0.0319,0.218,0.0,0.0919,0.372,120.008,200400,4
293479,Chase Atlantic,Swim,3M0lSi5WW79CXQamgSBIjx,80,2017,pop,0.666,0.542,8,-6.429,1,0.0392,0.27,0.0,0.0765,0.0771,120.134,228787,4
560255,Chris Jedi,La Llevo Al Cielo (Ft. Ñengo Flow),6DoL1yYIwEW7VZMRaJhoJI,80,2022,hip-hop,0.795,0.845,9,-3.809,0,0.135,0.105,1.14e-05,0.172,0.769,170.023,254920,4
569236,Isabel LaRosa,i'm yours,37vVp2sWHuuIBOSl1NswP6,80,2022,pop,0.398,0.705,5,-7.07,0,0.0756,0.204,5.13e-05,0.443,0.635,111.487,145668,4
12111,P!nk,Just Give Me a Reason (feat. Nate Ruess),1mKXFLRA179hdOWQBwUk9e,80,2012,dance,0.778,0.547,2,-7.273,1,0.0489,0.346,0.000302,0.132,0.441,95.002,242733,4
569212,Taylor Swift,Karma,7KokYm8cMIXCsGVmUvKtqf,80,2022,pop,0.642,0.62,8,-7.091,1,0.0666,0.0734,0.0,0.483,0.0969,90.02,204852,4
180330,Vundabar,Alien Blues,11iIikXxC6NP0Ma8vMD27x,80,2015,garage,0.467,0.757,3,-5.093,1,0.033,0.0807,0.908,0.0876,0.433,82.282,155933,4
32071,Chief Keef,Love Sosa,01Lr5YepbgjXAWR9iOEyH1,80,2012,hip-hop,0.772,0.413,0,-8.193,0,0.089,0.0361,0.0,0.111,0.211,131.965,246213,4
399067,Labrinth,Mount Everest,1ZdhOMWyFR8Iv9eylMGYg2,80,2019,indie-pop,0.494,0.428,0,-7.239,0,0.205,0.236,0.0698,0.0816,0.44,87.724,157497,4
190724,Beach House,Space Song,7H0ya83CMmgFcOhw0UB6ow,80,2015,indie-pop,0.508,0.792,0,-7.311,0,0.0297,0.229,0.124,0.145,0.601,147.067,320467,4
515576,Taylor Swift,All Too Well (10 Minute Version) (Taylor's Version) (From The Vault),5enxwA8aAbwZbf5qCHORXi,80,2021,pop,0.631,0.518,0,-8.771,1,0.0303,0.274,0.0,0.088,0.205,93.023,613027,4
551846,Anitta,Ai Papai,4PQ5AInr4YoBauth9YPduL,80,2022,funk,0.73,0.966,11,-1.794,0,0.0619,0.081,7.93e-05,0.0946,0.891,168.091,148049,4
297310,Imagine Dragons,Whatever It Takes,6Qn5zhYkTa37e91HC1D7lb,80,2017,rock,0.672,0.655,10,-5.021,0,0.0311,0.0362,0.0,0.117,0.556,134.945,201240,4
569312,Danny Ocean,Fuera del mercado,1UdzJEpgJxtuXAlCOvD4S0,80,2022,pop,0.453,0.673,8,-5.649,1,0.144,0.32,0.0,0.131,0.266,92.06,159849,4
569285,Rex Orange County,THE SHADE,1gH1h30wkQdd9zhY3j7a8T,80,2022,pop,0.898,0.509,5,-7.973,1,0.062,0.391,0.0,0.0876,0.727,119.869,181507,4
560185,NLE Choppa,SLUT ME OUT,5BmB3OaQyYXCqRyN8iR2Yi,80,2022,hip-hop,0.938,0.606,6,-6.396,0,0.419,0.117,0.0,0.528,0.706,121.108,123673,4
569259,Isabel LaRosa,i'm yours sped up,4sFGNz4MYpGoz53ZGCwsiE,80,2022,pop,0.39,0.752,7,-7.581,0,0.19,0.108,0.00308,0.555,0.637,128.926,127781,1
201247,Twenty One Pilots,Ride,2Z8WuEywRWYTKe1NybPQEW,80,2015,rock,0.645,0.713,6,-5.355,1,0.0393,0.00835,0.0,0.113,0.566,74.989,214507,4
605656,Pritam,Tere Pyaar Mein,2ZD4aIEepqZsdxPxLSuUhm,80,2023,indian,0.679,0.748,9,-5.487,0,0.054,0.111,0.0,0.183,0.406,118.945,265108,4
398060,Travis Scott,HIGHEST IN THE ROOM,3eekarcy7kvN4yt5ZFzltW,80,2019,house,0.598,0.427,7,-8.764,0,0.0317,0.0546,5.83e-06,0.21,0.0605,76.469,175721,4
590798,Morgan Wallen,Man Made A Bar (feat. Eric Church),73zawW1ttszLRgT9By826D,80,2023,country,0.498,0.764,4,-5.006,1,0.0309,0.123,3.07e-05,0.119,0.489,147.984,191231,4
548552,Lil Peep,nuts,11k8KTbNeG9iabeNXMuwf0,80,2022,emo,0.51,0.739,2,-7.41,1,0.0415,0.00872,0.0,0.111,0.148,62.007,85360,4
569200,Omar Apollo,Evergreen (You Didn’t Deserve Me At All),2TktkzfozZifbQhXjT6I33,80,2022,pop,0.697,0.336,9,-10.395,1,0.0424,0.598,0.00528,0.107,0.31,82.029,216680,3
564150,(G)I-DLE,Nxde,6NnCWIWV740gP7DQ8kqdIE,80,2022,k-pop,0.726,0.91,4,-1.948,0,0.179,0.0413,7.81e-06,0.479,0.648,135.966,178453,4
569262,Rauw Alejandro,PUNTO 40,2TDyyEBasw10wu5Uh94bR1,80,2022,pop,0.873,0.826,0,-0.722,1,0.0876,0.00127,0.0361,0.311,0.201,106.972,190654,4
197520,The Weeknd,Often,4PhsKqMdgMEUSstTDAmMpg,80,2015,pop,0.572,0.631,7,-9.836,0,0.0476,0.222,0.0,0.135,0.0713,134.078,249040,4
569198,SZA,Ghost in the Machine (feat. Phoebe Bridgers),4h5x3XHLVYFJaItKuO2rhy,80,2022,pop,0.624,0.433,6,-9.572,1,0.0467,0.837,0.0294,0.113,0.589,124.979,218587,4
1296632,JAY-Z,Run This Town,7LR85XLWw2yXqKBSI5brbG,80,2009,hip-hop,0.632,0.924,1,-1.802,1,0.29,0.281,0.0,0.263,0.441,86.844,267520,4
564153,IVE,LOVE DIVE,0Q5VnK2DYzRyfqQRJuUtvi,80,2022,k-pop,0.703,0.709,1,-4.169,0,0.0433,0.00379,5.43e-05,0.333,0.538,117.941,177187,4
551838,MC MENOR HR,Evoque Prata,0bBwi6ddYeTv5fXgHAdfiH,80,2022,funk,0.872,0.519,7,-4.467,1,0.244,0.306,0.0,0.276,0.52,86.768,107077,5
551884,Mc Paiva ZS,Bandido Não Dança,5WGTBzRLbjj0Sm3Br8X1rI,80,2022,funk,0.585,0.465,9,-7.0,1,0.119,0.326,0.0,0.0714,0.512,85.672,126462,5
608235,FIFTY FIFTY,Cupid,4dKa5ZzlGqUy3Wo0yaXKNI,80,2023,k-pop,0.77,0.661,2,-8.199,1,0.0336,0.652,0.0,0.383,0.943,120.053,174253,4
608237,FIFTY FIFTY,Cupid - Twin Ver.,3Kw7zkALCVxY4wmlnh2IWC,80,2023,k-pop,0.782,0.587,11,-8.3,0,0.0324,0.428,1.85e-06,0.337,0.76,120.041,174253,4
608996,Falling In Reverse,Watch The World Burn,4CiVz4bw7X1zjCaJ5ZwxUS,80,2023,metal,0.395,0.784,10,-5.903,0,0.132,0.0135,0.0,0.213,0.353,161.946,203948,4
515605,Rauw Alejandro,Desesperados,6mmPpaltUZK7xjNlBPQQ0p,80,2021,pop,0.869,0.694,1,-3.35,0,0.0783,0.356,0.00125,0.0878,0.511,90.02,224997,4
608238,TOMORROW X TOGETHER,Tinnitus (Wanna be a rock),0f0SbtoKGe41cX5LzlnX6X,80,2023,k-pop,0.9,0.725,5,-6.213,0,0.135,0.179,0.00101,0.0791,0.791,100.015,157262,4
569249,Benson Boone,In The Stars,1ei3hzQmrgealgRKFxIcWn,80,2022,pop,0.362,0.54,10,-6.031,1,0.0528,0.338,0.0,0.139,0.3,78.007,216410,3
569305,Feid,Ferxxo 100,1sbNEFiURUYfy024cJX8JG,80,2022,pop,0.705,0.562,8,-3.378,0,0.0674,0.257,0.0,0.137,0.569,163.893,167760,4
394310,Ghost,Mary On A Cross,2HZLXBOnaSRhXStMLrq9fD,80,2019,hard-rock,0.466,0.9,11,-4.469,1,0.0447,0.000235,0.00104,0.103,0.561,130.02,244804,4
888447,Tego Calderón,Pa' Que Retozen,5YJ4BVvTFmVCxUyhKejHfR,80,2003,hip-hop,0.815,0.856,1,-3.825,0,0.122,0.4,8.34e-05,0.244,0.872,91.995,151667,4
507275,Chani Nattan,Daku,3wz2vWhYnnBoFmgMkqtzLy,80,2021,hip-hop,0.847,0.558,8,-5.855,0,0.0663,0.325,0.0,0.135,0.495,98.062,131078,4
515577,Taylor Swift,Wildest Dreams (Taylor's Version),1Ov37jtRQ2YNAe8HzfczkL,80,2021,pop,0.583,0.67,8,-7.289,1,0.0646,0.0374,0.0001,0.126,0.498,140.061,220433,4
354036,Imagine Dragons,Natural,2FY7b99s15jUprqC0M5NCT,80,2018,rock,0.704,0.611,2,-6.112,1,0.0409,0.217,0.0,0.0812,0.22,100.0,189467,4
1437935,Childish Gambino,Les,0YsGMHid6sFq5PcToe3JZE,80,2011,hip-hop,0.541,0.674,1,-7.04,0,0.0841,0.00649,9.76e-05,0.235,0.123,103.139,317293,4
541624,David Guetta,Crazy What Love Can Do,1WCEAGGRD066z2Q89ObXTq,80,2022,dance,0.601,0.713,4,-3.758,0,0.0449,0.0282,0.0,0.158,0.464,122.872,169756,4
146795,One Direction,18,3JjnGLK8IxkNLvo8Lb3KOM,80,2014,pop,0.681,0.582,6,-7.76,0,0.0313,0.22,0.0,0.119,0.221,124.038,248360,4
453178,King,Tu Aake Dekhle,0yCWDaAgOtg6TKlNCg9rwA,80,2020,hip-hop,0.77,0.84,11,-4.022,1,0.107,0.515,0.00452,0.145,0.192,96.012,270000,4
597431,Matheus Fernandes,Altas Loucurinhas (Uni Duni Tê) - Ao Vivo,2kBbHpJTc7MWs8F3XhClBD,80,2023,forro,0.857,0.772,9,-2.418,1,0.0345,0.245,0.0,0.118,0.886,128.0,202412,4
612600,Rauw Alejandro,RON COLA,5S8i9p2xS8M8pFqfZMbMzI,80,2023,pop,0.739,0.682,9,-5.121,0,0.0972,0.417,3.95e-05,0.105,0.476,94.048,186723,4
551863,MC K.K,Agudo Mágico 3,6Hio4nlyWL2WBL8nYlbuGt,80,2022,funk,0.649,0.797,6,-2.405,0,0.0504,0.221,0.0352,0.0728,0.49,129.966,176360,4
569270,Justine Skye,Collide (Sped Up Remix),1r6qzxz77Tvbrvqd1Q1MIN,80,2022,pop,0.362,0.432,2,-9.359,0,0.112,0.0882,0.0,0.264,0.256,81.29,221169,4
569211,Taylor Swift,Bejeweled,3qoftcUZaUOncvIYjFSPdE,80,2022,pop,0.696,0.559,7,-9.19,1,0.0693,0.0618,5.58e-05,0.0887,0.433,163.999,194166,4
612547,SZA,Kill Bill - Sped Up Version,2ty6DmPnxVPpEFuB23XM0x,80,2023,pop,0.678,0.798,10,-5.195,1,0.0316,0.0383,0.269,0.126,0.509,99.941,137528,4
1309416,Rihanna,Rude Boy,60jzFy6Nn4M0iD1d94oteF,80,2009,pop,0.563,0.75,11,-4.496,1,0.127,0.113,0.0,0.0788,0.812,173.906,222920,4
1145378,Arctic Monkeys,505,58ge6dfP91o9oXMzq3XkIS,80,2007,garage,0.52,0.852,0,-5.866,1,0.0543,0.00237,5.79e-05,0.0733,0.234,140.267,253587,4
119674,Calvin Harris,Summer,6YUTL4dYpB9xZO5qExPf05,80,2014,dance,0.596,0.856,4,-3.556,0,0.0346,0.0211,0.0178,0.141,0.743,127.949,222533,4
354035,Panic! At The Disco,High Hopes,1rqqCSm0Qe4I9rUvWncaom,80,2018,rock,0.579,0.904,5,-2.729,1,0.0618,0.193,0.0,0.064,0.681,82.014,190947,4
540769,Morgan Wallen,Thought You Should Know,6NHpyYvJyQsg2nXXzGYc2R,79,2022,country,0.529,0.695,6,-6.174,1,0.0278,0.488,1.24e-05,0.142,0.514,139.993,215572,4
560751,Shubh,Baller,42TMa2hgBNjte4uV7jNCnQ,79,2022,hip-hop,0.711,0.702,5,-10.048,1,0.233,0.00487,0.0163,0.0932,0.674,180.219,148188,4
397237,"Tyler, The Creator",EARFQUAKE,5hVghJ4KaYES3BFUATCYn0,79,2019,hip-hop,0.554,0.498,9,-8.866,1,0.0685,0.23,5.98e-06,0.795,0.413,79.635,190067,4
397238,Bakar,Hell N Back,3NRql0A1Ef4RCvT473iqgD,79,2019,hip-hop,0.584,0.684,10,-4.314,0,0.567,0.312,9.05e-05,0.112,0.72,210.164,213573,4
32069,Kendrick Lamar,Money Trees,2HbKqm4o0w5wEeEFXm2sD4,79,2012,hip-hop,0.716,0.531,7,-7.355,1,0.122,0.0703,0.0,0.224,0.344,71.994,386907,4
476744,Zack Tabudlo,Pano,08MFgEQeVLF37EyZ7jcwLc,79,2021,acoustic,0.375,0.457,3,-7.018,1,0.0315,0.868,0.0145,0.191,0.415,174.839,254400,3
541633,Nathan Dawe,21 Reasons (feat. Ella Henderson),1RF02Cf80mTaeNXG2P2boR,79,2022,dance,0.621,0.785,6,-4.499,1,0.11,0.0165,5.92e-06,0.0512,0.779,123.96,155253,4
18491,Mac DeMarco,My Kind of Woman,6jgkEbmQ2F2onEqsEhiliL,79,2012,edm,0.501,0.765,6,-7.063,0,0.0281,0.00294,0.49,0.184,0.46,91.771,190846,4
397239,Mustard,Ballin' (with Roddy Ricch),3QzAOrNlsabgbMwlZt7TAY,79,2019,hip-hop,0.809,0.545,7,-6.678,1,0.0735,0.392,0.0,0.151,0.244,97.008,180435,4
1018084,50 Cent,Candy Shop,5D2mYZuzcgjpchVY1pmTPh,79,2005,hip-hop,0.614,0.574,11,-7.961,1,0.466,0.0253,3.2e-05,0.38,0.755,125.173,209107,5
1437934,Frank Ocean,Novacane,4osgfFTICMkcGbbigdsa53,79,2011,hip-hop,0.762,0.508,3,-9.112,1,0.0919,0.0584,0.00126,0.16,0.37,93.51,302347,4
569234,Harry Styles,Keep Driving,2NcQic8JxdjAlAHuNbOIRE,79,2022,pop,0.721,0.479,9,-9.669,1,0.226,0.321,0.00156,0.182,0.902,164.948,140242,3
569239,Harry Styles,Little Freak,3i058E8uxTsYqJ5NWZzqSj,79,2022,pop,0.559,0.535,3,-7.723,1,0.039,0.719,0.000143,0.0954,0.402,141.96,202183,4
591086,Lizzo,Special (feat. SZA),0rc1HCVoReqzzXF9jssqZk,79,2023,dance,0.464,0.724,7,-5.019,1,0.0705,0.0188,0.0,0.679,0.303,82.526,174749,4
305222,Rag'n'Bone Man,Human,58zsLZPvfflaiIbNWoA22O,79,2017,soul,0.602,0.707,9,-4.097,1,0.302,0.393,0.0,0.165,0.554,75.087,200187,4
515590,Maroon 5,Beautiful Mistakes (feat. Megan Thee Stallion),5zFglKYiknIxks8geR8rcL,79,2021,pop,0.713,0.676,10,-5.483,1,0.027,0.0377,0.0,0.154,0.721,99.048,227395,4
560663,Rels B,pa quererte,0FDTPGlLjF8SGWSsHyzNBe,79,2022,hip-hop,0.937,0.63,2,-6.063,0,0.0502,0.61,3.88e-06,0.0734,0.943,132.033,167273,4
540768,Morgan Wallen,One Thing At A Time,6KGtAlYvgm4W9PoYabFAYE,79,2022,country,0.614,0.913,7,-5.126,1,0.0296,0.0042,1.72e-06,0.26,0.92,141.982,206865,4
545090,LF SYSTEM,Afraid To Feel,40SBS57su9xLiE1WqkXOVr,79,2022,disco,0.578,0.912,1,-3.929,1,0.114,0.0166,0.00362,0.273,0.68,127.87,177525,4
188790,Kendrick Lamar,Alright,3iVcZ5G6tvkXZkZKlMpIUs,79,2015,hip-hop,0.796,0.766,7,-5.974,1,0.238,0.0742,0.0,0.0827,0.558,110.034,219333,4
551880,Luísa Sonza,MAMA.CITA (hasta la vista),2m6ZDDrTvDQtKbwNFyI3r5,79,2022,funk,0.778,0.706,6,-3.864,1,0.133,0.0607,0.0,0.0969,0.71,129.027,154419,4
12105,MKTO,Classic,6FE2iI43OZnszFLuLtvvmg,79,2012,dance,0.72,0.791,1,-4.689,1,0.124,0.0384,0.0,0.157,0.756,102.071,175427,4
1437932,J. Cole,Work Out,2wAJTrFhCnQyNSD3oUgTZO,79,2011,hip-hop,0.831,0.427,2,-6.903,1,0.106,0.0531,0.0,0.307,0.216,93.004,235320,4
406385,Lana Del Rey,Cinnamon Girl,2mdEsXPu8ZmkHRRtAdC09e,79,2019,pop,0.294,0.337,6,-10.614,0,0.036,0.814,0.414,0.14,0.135,91.781,300683,5
1450775,Adele,Rolling in the Deep,1c8gk2PeTE04A1pIDH9YMk,79,2011,pop,0.73,0.769,8,-5.114,1,0.0298,0.138,0.0,0.0473,0.507,104.948,228093,4
397235,Baby Keem,ORANGE SODA,5FkoSXiJPKTNyYgALRJFhD,79,2019,hip-hop,0.83,0.564,1,-7.822,1,0.235,0.177,0.0,0.128,0.107,85.042,129882,4
93575,Kodaline,All I Want,0NlGoUyOJSuSHmngoibVAs,79,2013,pop,0.188,0.411,0,-9.733,1,0.0484,0.174,0.153,0.0843,0.159,187.376,305747,3
569295,Lewis Capaldi,Pointless,4JBiO7wRnE6ueszEUpo347,79,2022,pop,0.325,0.59,4,-3.943,1,0.0495,0.0686,0.0,0.104,0.278,180.449,235752,3
397396,Rels B,A Mí,7MmrcXVA7A5zZ2CbDuGHNa,79,2019,hip-hop,0.846,0.548,1,-6.397,1,0.256,0.241,0.0713,0.0419,0.516,94.925,209680,4
461997,SZA,Good Days,3YJJjQPAbDT7mGpX3WtQ9A,79,2020,pop,0.436,0.655,1,-8.37,0,0.0583,0.499,8.1e-06,0.688,0.412,121.002,279204,4
1450773,Adele,Set Fire to the Rain,73CMRj62VK8nUS4ezD2wvi,79,2011,pop,0.603,0.67,2,-3.882,0,0.0249,0.00408,1.68e-06,0.112,0.446,107.993,242974,4
574189,Peso Pluma,El Belicon,5bU6rOWXTwagpjUcGp7I8N,79,2022,sad,0.409,0.713,8,-6.713,1,0.03,0.434,0.000719,0.206,0.725,97.029,214398,3
138944,Pharrell Williams,"Happy - From ""Despicable Me 2""",60nZcImufyMA1MKQY3dcCH,79,2014,hip-hop,0.647,0.822,5,-4.662,0,0.183,0.219,0.0,0.0908,0.962,160.019,232720,4
551859,Mc Jacaré,Toma Tapa,2Vl7x4BkNhhJkEmQQMcV0V,79,2022,funk,0.921,0.55,3,-4.736,0,0.369,0.196,1.41e-05,0.0947,0.848,129.847,122995,4
605213,Daddy Yankee,LA HORA Y EL DÍA,1j4yhkxSCEDmiLVKjpYKWq,79,2023,hip-hop,0.806,0.83,7,-3.767,0,0.0981,0.117,0.0,0.101,0.663,81.01,217255,4
452809,"Tyler, The Creator",BEST INTEREST,3jHdKaLCkuNEkWcLVmQPCX,79,2020,hip-hop,0.596,0.575,11,-8.325,0,0.0514,0.0861,0.000153,0.334,0.34,98.265,127921,3
1030124,Rihanna,Pon de Replay,4TsmezEQVSZNNPv5RJ65Ov,79,2005,pop,0.779,0.64,7,-8.415,1,0.159,0.000155,0.00077,0.101,0.498,99.019,246960,4
1367729,Eminem,Not Afraid,7Ie9W94M7OjPoZVV216Xus,79,2010,hip-hop,0.855,0.954,0,-1.19,0,0.264,0.529,0.0,0.205,0.668,114.635,248133,5
452812,$uicideboy$,"...And to Those I Love, Thanks for Sticking Around",30QR0ndUdiiMQMA9g1PGCm,79,2020,hip-hop,0.792,0.511,2,-6.876,1,0.0409,0.124,9.04e-05,0.14,0.111,113.983,168490,4
328650,Lil Peep,Falling Down - Bonus Track,4jvjzW7Hm0yK4LvvE0Paz9,79,2018,emo,0.669,0.574,4,-6.442,0,0.0286,0.0175,0.00294,0.146,0.273,120.013,196400,4
551882,MC Cabelinho,FOGO E GASOLINA,52EYWdjiulHaehpexuowyh,79,2022,funk,0.531,0.629,10,-6.378,0,0.108,0.184,0.0,0.134,0.508,141.562,181768,4
605181,Toosii,Favorite Song,1SRw5p2lVAi7RGlHEmZg66,79,2023,hip-hop,0.816,0.367,2,-9.354,1,0.0588,0.314,0.0,0.0987,0.413,116.035,208630,4
605402,Duki,Si Me Sobrara el Tiempo,2ypbIXW3a7fsLdLtLpZWDZ,79,2023,hip-hop,0.733,0.822,8,-3.842,0,0.077,0.0308,0.0,0.101,0.348,122.005,188784,4
293466,SZA,Broken Clocks,2fXwCWkh6YG5zU1IyvQrbs,79,2017,pop,0.692,0.684,6,-7.364,1,0.155,0.131,0.0,0.156,0.406,112.912,231253,4
293467,Khalid,Young Dumb & Broke,5Z3GHaZ6ec9bsiI5BenrbY,79,2017,pop,0.799,0.539,1,-6.351,1,0.0421,0.199,1.66e-05,0.165,0.394,136.948,202547,4
569293,Oxlade,KU LO SA - A COLORS SHOW,2WigMwGJysIh9fRnSJvpjn,79,2022,pop,0.649,0.655,10,-5.534,0,0.0652,0.307,0.0,0.22,0.793,92.9,147581,4
293469,Daniel Caesar,Get You (feat. Kali Uchis),7zFXmv6vqI4qOt4yGf3jYZ,79,2017,pop,0.658,0.294,4,-8.533,0,0.0321,0.422,5.2e-05,0.0749,0.358,74.038,278180,4
146781,Maroon 5,Animals,2bL2gyO6kBdLkNSkxXNh6x,79,2014,pop,0.279,0.742,4,-6.46,0,0.0898,0.000185,0.0,0.593,0.328,189.868,231013,4
293471,Taylor Swift,Getaway Car,0VE4kBnHJUgtMf0dy6DRmW,79,2017,pop,0.562,0.689,2,-6.745,1,0.127,0.00465,2.23e-06,0.0888,0.351,172.054,233627,4
253072,Chord Overstreet,Hold On,5vjLSffimiIP26QG5WcN2K,79,2017,acoustic,0.618,0.443,2,-9.681,1,0.0526,0.469,0.0,0.0829,0.167,119.949,198853,4
264780,Selena Gomez,Wolves,0tBbt8CrmxbjRP0pueQkyU,79,2017,dance,0.724,0.804,11,-4.614,0,0.0448,0.124,0.0,0.204,0.306,124.987,197993,4
264781,Dua Lipa,New Rules,2ekn2ttSfGqwhhate0LSR0,79,2017,dance,0.762,0.7,9,-6.021,0,0.0694,0.00261,1.56e-05,0.153,0.608,116.073,209320,4
541589,Nicki Minaj,Super Freaky Girl,4C6Uex2ILwJi9sZXRdmqXp,79,2022,dance,0.95,0.891,2,-2.653,1,0.241,0.0645,1.77e-05,0.309,0.912,133.01,170977,4
293478,Daniel Caesar,Best Part (feat. H.E.R.),1RMJOxR6GRPsBHL8qeC2ux,79,2017,pop,0.524,0.364,7,-10.209,1,0.0367,0.808,0.0,0.1,0.436,75.24,209831,4
569294,Cian Ducrot,I'll Be Waiting,0JIhRhZPF5j5dx0FGqTWxy,79,2022,pop,0.509,0.619,1,-4.102,1,0.0391,0.355,0.0,0.0739,0.544,155.955,172547,4
540773,Luke Combs,The Kind of Love We Make,48UKTR66uUOT9LaUvooTNx,79,2022,country,0.608,0.745,1,-4.13,1,0.0277,0.0226,6.47e-06,0.0942,0.464,102.025,224427,4
825786,Eminem,Sing For The Moment,3CpoeW0cZSDzIRv5z34F87,79,2002,hip-hop,0.668,0.824,5,-4.164,0,0.137,0.0017,3.05e-06,0.0426,0.185,163.961,339547,4
462006,Giveon,Heartbreak Anniversary,3FAJ6O0NOHQV8Mc5Ri6ENp,79,2020,pop,0.449,0.465,0,-8.964,1,0.0791,0.524,1.02e-06,0.303,0.543,89.087,198371,3
320106,Luke Combs,Beautiful Crazy,2rxQMGVafnNaRaXlRMWPde,79,2018,country,0.551,0.402,11,-7.431,1,0.0262,0.676,0.0,0.0928,0.382,103.313,193200,4
271630,Billie Eilish,idontwannabeyouanymore,41zXlQxzTi6cGAjpOXyLYH,79,2017,electro,0.483,0.412,7,-8.461,1,0.0402,0.737,0.0,0.116,0.247,170.163,203569,3
576579,Felipe e Rodrigo,Média Boa - Ao Vivo,1dMyIigB6MDsfD3xuG6TbO,79,2022,sertanejo,0.676,0.824,9,-3.675,1,0.0657,0.382,0.0,0.529,0.73,118.071,148900,3
1062602,Nelly Furtado,Say It Right,2aI21FnmY7TJVKeMaoQZ0t,79,2006,dance,0.872,0.872,1,-6.328,1,0.139,0.0476,0.00112,0.0543,0.809,116.948,223080,4
561973,JVKE,this is what falling in love feels like,2PWTZV5znjLtZC5T1EVJvL,79,2022,indie-pop,0.422,0.44,11,-5.53,1,0.0544,0.617,0.0,0.0837,0.332,128.934,120308,5
1062597,Nelly Furtado,Maneater,4wH4dJgrsxONID6KS2tDQM,79,2006,dance,0.796,0.777,6,-4.81,1,0.0397,0.0261,0.000358,0.121,0.787,132.722,258893,4
590802,Morgan Wallen,I Wrote The Book,7phmBo7bB9I9YifAXqnlqV,79,2023,country,0.692,0.808,2,-3.757,1,0.0396,0.0834,3.75e-05,0.0913,0.802,143.977,181767,4
85732,Lil Wayne,Love Me,2XHzzp1j4IfTNp1FTn7YFg,79,2013,hip-hop,0.669,0.634,11,-6.476,1,0.0327,0.0125,0.0,0.0946,0.496,124.906,255053,4
284825,NF,Let You Down,52okn5MNA47tk87PeZJLEL,79,2017,hip-hop,0.662,0.714,5,-5.68,0,0.121,0.312,0.0,0.179,0.464,147.997,212120,4
590799,Morgan Wallen,’98 Braves,3oZ6dlSfCE9gZ55MGPJctc,79,2023,country,0.488,0.67,2,-5.759,1,0.0268,0.0969,0.00022,0.257,0.484,142.139,178704,4
560195,Kendrick Lamar,N95,0fX4oNGBWO3dSGUZcVdVV2,79,2022,hip-hop,0.79,0.67,1,-5.527,1,0.105,0.377,2.32e-06,0.119,0.408,139.956,195950,4
1201003,Flo Rida,Low (feat. T-Pain),0CAfXk7DXMnon4gLudAp7J,79,2008,dance,0.918,0.609,10,-5.64,0,0.0791,0.0928,0.0,0.139,0.304,128.008,231400,4
340891,21 Savage,ball w/o you,50a8bKqlwDEqeiEknrzkTO,79,2018,hip-hop,0.892,0.633,8,-7.471,1,0.0902,0.0467,0.000189,0.139,0.459,137.994,195047,4
564161,BTS,Yet To Come,10SRMwb9EuVS1K9rYsBfHQ,79,2022,k-pop,0.559,0.885,1,-4.515,1,0.189,0.0432,0.0,0.333,0.683,172.029,193594,4
590800,Morgan Wallen,Everything I Love,03fs6oV5JAlbytRYf3371S,79,2023,country,0.568,0.841,8,-3.802,1,0.0261,0.00514,0.000503,0.147,0.668,103.983,187047,4
560198,Brent Faiyaz,JACKIE BROWN,2IlT65thKQQw248mhk2PjQ,79,2022,hip-hop,0.726,0.353,10,-10.273,1,0.105,0.65,0.002,0.224,0.503,137.66,169014,4
377667,Jonas Brothers,Sucker,22vgEDb5hykfaTwLuskFGD,79,2019,dance,0.842,0.734,1,-5.065,0,0.0588,0.0427,0.0,0.106,0.952,137.958,181027,4
342778,Men I Trust,Show Me How,01TyFEZu6mHbffsVfxgrFn,79,2018,indie-pop,0.791,0.267,5,-11.997,1,0.0415,0.674,0.534,0.102,0.544,165.99,215111,4
119671,Ty Dolla $ign,"Or Nah (feat. The Weeknd, Wiz Khalifa & DJ Mustard) - Remix",7t2bFihaDvhIrd2gn2CWJO,79,2014,dance,0.805,0.33,1,-8.712,0,0.1,0.22,0.0,0.105,0.211,121.97,242983,4
197528,Chase Atlantic,Friends,2jQiSYrwJehQAcuaaQrXnS,79,2015,pop,0.422,0.609,11,-6.361,0,0.0335,0.0114,4.76e-06,0.108,0.0911,107.34,230011,3
569218,Taylor Swift,Maroon,3eX0NZfLtGzoLUxPNvRfqm,79,2022,pop,0.637,0.398,7,-8.294,1,0.0564,0.0573,1.03e-06,0.101,0.0374,108.075,218271,4
564146,NewJeans,Hurt,5expoVGQPvXuwBBFuNGqBd,79,2022,k-pop,0.599,0.446,10,-6.511,0,0.0833,0.731,0.0,0.105,0.567,179.877,177947,4
515600,Adele,Oh My God,3Kkjo3cT83cw09VJyrLNwX,79,2021,pop,0.534,0.725,1,-3.906,1,0.046,0.091,0.0,0.0264,0.55,88.098,225149,4
355340,Cheriimoya,"Living Life, In The Night",2kx5sQgmjYug0GiDh1a4sU,79,2018,sad,0.624,0.499,0,-9.962,0,0.0495,0.82,0.0,0.12,0.298,143.249,122517,4
515614,Madison Beer,Reckless,5ajjAnNRh8bxFvaVHzpPjh,79,2021,pop,0.386,0.426,3,-6.642,1,0.0363,0.807,0.0,0.14,0.261,180.104,203385,3
119672,Pitbull,Time of Our Lives,2bJvI42r8EF3wxjOuDav4r,79,2014,dance,0.721,0.802,1,-5.797,1,0.0583,0.0921,0.0,0.694,0.724,124.022,229360,4
224455,DNCE,Cake By The Ocean,76hfruVvmfQbw0eYn1nmeC,79,2016,dance,0.774,0.753,4,-5.446,0,0.0517,0.152,0.0,0.0371,0.896,119.002,219147,4
614797,So!YoON!,Smoke Sprite (feat. RM of BTS),5YSkDxmHvzSDWTu4MaEtfa,79,2023,rock,0.608,0.692,9,-3.182,0,0.0441,0.151,0.0,0.173,0.569,131.972,242200,4
515601,The Weeknd,Pray For Me,6huNf4dutXRjJyGn7f5BPS,79,2021,pop,0.732,0.678,2,-4.977,1,0.0886,0.0867,2.41e-05,0.112,0.196,100.626,211421,4
350213,Calum Scott,Dancing On My Own,2BOqDYLOJBiMOXShCV1neZ,79,2018,pop,0.681,0.174,1,-8.745,1,0.0315,0.837,3.35e-05,0.0983,0.231,112.672,260285,4
615631,Peso Pluma,Por las Noches - Remix,5HiA7W5wYDWi06UZFUluRu,79,2023,sad,0.656,0.652,9,-5.434,0,0.0336,0.237,4.23e-05,0.0803,0.222,87.46,222552,3
406447,Danny Ocean,Me Rehúso,6ifUES3keWjwXgae8pXI3o,79,2019,pop,0.744,0.804,1,-6.327,1,0.0677,0.0231,0.0,0.0494,0.426,104.823,205715,4
569391,Lasso,Ojos Marrones,7gwT3HGL84vF7bgtwL1N88,79,2022,pop,0.809,0.649,8,-4.433,0,0.0416,0.0407,0.0,0.145,0.72,120.014,198520,4
506706,Lil Nas X,MONTERO (Call Me By Your Name),1SC5rEoYDGUK4NfG82494W,79,2021,hip-hop,0.593,0.503,8,-6.725,0,0.22,0.293,0.0,0.405,0.71,178.781,137704,4
590806,Zach Bryan,Dawns (feat. Maggie Rogers),42TtHTxWk782ZBiqyOi2d1,79,2023,country,0.447,0.441,0,-7.658,1,0.0456,0.874,4.36e-05,0.188,0.286,122.811,290892,4
264769,Marshmello,Silence,7vGuf3Y35N4wmASOKLUVVU,79,2017,dance,0.52,0.761,4,-3.093,1,0.0853,0.256,4.96e-06,0.17,0.286,141.971,180823,4
321033,Anne-Marie,2002,2BgEsaKNfHUdlh97KmvFyo,79,2018,dance,0.697,0.683,1,-2.881,0,0.117,0.0372,0.0,0.137,0.603,96.133,186987,4
590801,Morgan Wallen,Sunrise,0JtgoDDf0ggWaoXCGhcOoT,79,2023,country,0.613,0.765,2,-5.058,0,0.0318,0.259,4.28e-06,0.0832,0.343,139.993,182522,4
515612,Rauw Alejandro,Todo De Ti,4fSIb4hdOQ151TILNsSEaF,79,2021,pop,0.78,0.718,3,-3.605,0,0.0506,0.31,0.000163,0.0932,0.342,127.949,199604,4
569201,SZA,Love Language,1eIXYZWEfJO3Na2LCCnIJE,79,2022,pop,0.707,0.261,9,-10.139,0,0.0784,0.853,0.0,0.127,0.545,65.038,183893,4
541600,Lizzo,2 Be Loved (Am I Ready),2rmwqU7yzTvzkiaRV53DpT,79,2022,dance,0.721,0.769,7,-4.111,1,0.105,0.0922,0.0,0.0817,0.915,155.932,187108,4
515595,Taylor Swift,You Belong With Me (Taylor’s Version),1qrpoAMXodY6895hGKoUpA,79,2021,pop,0.632,0.773,6,-4.856,1,0.0346,0.0623,0.0,0.0885,0.474,130.033,231124,4
197518,WILLOW,Wait a Minute!,0y60itmpH0aPKsFiGxmtnh,79,2015,pop,0.764,0.705,3,-5.279,0,0.0278,0.0371,1.94e-05,0.0943,0.672,101.003,196520,4
547738,Alok,Deep Down (feat. Never Dull),7MIhUdNJtaOnDmC5nBC1fb,79,2022,electro,0.687,0.818,0,-4.221,1,0.0778,0.0112,0.0,0.248,0.886,125.952,165753,4
406399,SYML,Where's My Love,1B62o4CbdL9ckGvwsz2cgn,79,2019,pop,0.604,0.36,0,-10.109,0,0.0253,0.868,0.0343,0.112,0.37,103.985,202000,4
197517,BØRNS,Electric Love,2GiJYvgVaD2HtM8GqD9EgQ,79,2015,pop,0.611,0.797,6,-7.627,0,0.0533,0.00543,0.00137,0.26,0.518,120.041,218107,4
560218,Armani White,BILLIE EILISH.,27ZZdyTSQWI7Cug2d2PkqV,79,2022,hip-hop,0.9,0.509,1,-6.647,1,0.257,0.115,1.67e-06,0.0937,0.765,100.007,99283,4
541596,Charlie Puth,Light Switch,1jEBSDN5vYViJQr78W7jr2,79,2022,dance,0.689,0.627,6,-5.692,1,0.308,0.105,0.000321,0.0905,0.905,184.008,187704,4
224457,Martin Garrix,In the Name of Love,23L5CiUhw2jV1OIMwthR3S,79,2016,dance,0.501,0.519,4,-5.88,0,0.0409,0.109,0.0,0.454,0.168,133.99,195707,4
564156,BIBI,BIBI Vengeance,0ra3bPUOj2YnY4FJHXtgHZ,79,2022,k-pop,0.442,0.748,11,-4.718,0,0.0895,0.0272,0.000128,0.0642,0.408,99.981,165135,4
1097353,Snow Patrol,Chasing Cars,5hnyJvgoWiQUYZttV4wXy6,79,2006,pop,0.56,0.595,9,-4.53,1,0.0274,0.199,6.47e-05,0.132,0.144,104.011,267960,4
560188,Future,PUFFIN ON ZOOTIEZ,1qMMYpVatbRITKCfq1gasi,79,2022,hip-hop,0.883,0.657,8,-5.748,1,0.305,0.0603,0.0,0.128,0.284,124.992,172933,4
321020,5 Seconds of Summer,Youngblood,2iUXsYOEPhVqEBwsqP70rE,79,2018,dance,0.596,0.854,7,-5.114,0,0.463,0.0169,0.0,0.124,0.152,120.274,203418,4
514819,OneRepublic,Sunshine,5r43qanLhUCdBj8HN3fa6B,79,2021,piano,0.697,0.875,5,-4.621,1,0.034,0.137,0.0,0.28,0.774,140.069,163855,4
406387,Lewis Capaldi,Bruises,4Of7rzpRpV1mWRbhp5rAqG,79,2019,pop,0.736,0.308,4,-7.83,1,0.0677,0.946,0.0,0.186,0.361,111.202,220492,4
311044,MGMT,Little Dark Age,2Y0iGXY6m6immVb2ktbseM,79,2018,alt-rock,0.705,0.712,6,-6.156,1,0.0385,0.0102,0.000855,0.1,0.62,97.512,299960,4
952559,Daddy Yankee,"Lo Que Pasó, Pasó",26QKsGW4hMuwiEE1ftUMHe,79,2004,hip-hop,0.819,0.741,8,-6.538,0,0.0412,0.104,0.0,0.283,0.84,97.014,210933,4
569202,SZA,Seek & Destroy,6eT2V7nKXyMf47TwPbtgAD,79,2022,pop,0.651,0.647,1,-5.415,1,0.0654,0.437,0.175,0.205,0.345,152.069,203733,4
284819,Drake,Teenage Fever,6n3HGiq4v35D6eFOSwqYuo,79,2017,hip-hop,0.766,0.283,8,-10.33,0,0.0846,0.111,0.0172,0.115,0.144,97.04,219692,4
952555,Daddy Yankee,Gasolina,228BxWXUYQPJrJYHDLOHkj,79,2004,hip-hop,0.852,0.797,0,-6.543,1,0.0614,0.322,2.69e-06,0.0845,0.741,96.008,192600,4
612531,Miley Cyrus,Rose Colored Lenses,3wH4eUkJ1rL5xTU8PZZyOy,79,2023,pop,0.539,0.503,2,-5.338,1,0.0385,0.0574,2.34e-05,0.0847,0.836,174.068,223787,4
433215,Ava Max,Kings & Queens,7a53HqqArd4b9NF4XAmlbI,79,2020,dance,0.637,0.69,1,-4.057,0,0.0405,0.00786,0.0,0.124,0.457,129.857,162399,4
433216,Ava Max,Sweet but Psycho,7DnAm9FOTWE3cUvso43HhI,79,2020,dance,0.72,0.706,1,-4.719,1,0.0473,0.0684,0.0,0.166,0.62,133.002,187436,4
320105,Morgan Wallen,Chasin' You,5MwynWK9s4hlyKHqhkNn4A,79,2018,country,0.631,0.591,7,-5.785,1,0.0277,0.657,0.0,0.11,0.489,97.074,205453,4
506940,Bizarrap,"Tiago PZK: Bzrp Music Sessions, Vol. 48",6VAS7m73rDopQe7BdrFMpD,79,2021,hip-hop,0.657,0.821,8,-3.06,0,0.32,0.459,0.0,0.103,0.752,96.561,160000,4
1238456,Rihanna,Disturbia,2VOomzT6VavJOGBeySqaMc,78,2008,pop,0.707,0.813,11,-4.515,0,0.0571,0.0863,0.0,0.168,0.722,124.921,238627,4
560193,Drake,Major Distribution,46s57QULU02Voy0Kup6UEb,78,2022,hip-hop,0.908,0.546,8,-10.491,0,0.323,0.0127,0.0,0.0707,0.225,131.016,170502,4
487923,Öwnboss,Move Your Body,6GomT970rCOkKAyyrwJeZi,78,2021,dance,0.848,0.821,2,-5.408,0,0.0527,0.0169,0.000403,0.0962,0.249,125.051,157445,4
560199,Drake,Circo Loco,7GeTsDIc5ykNB6lORO6Cee,78,2022,hip-hop,0.734,0.605,1,-8.476,1,0.0699,0.0102,0.0,0.317,0.252,103.976,236795,4
995873,Shakira,Dia de Enero,0OEBOJhSObnFuHuasXdt52,78,2005,dance,0.687,0.361,10,-11.589,1,0.0792,0.35,1.11e-05,0.11,0.526,165.747,173133,4
89875,Bring Me The Horizon,Can You Feel My Heart,0WSa1sucoNRcEeULlZVQXj,78,2013,metal,0.15,0.859,4,-2.827,0,0.0595,0.00201,0.194,0.387,0.354,170.527,228147,5
243908,Frank Ocean,Ivy,2ZWlPOoWh0626oTaHrnl2a,78,2016,hip-hop,0.575,0.386,9,-9.584,0,0.037,0.785,0.000289,0.229,0.466,116.408,249191,4
547750,Alok,All By Myself,5Hp4xFihdOE2dmDzxWcBFb,78,2022,electro,0.662,0.848,0,-4.338,0,0.0346,0.0932,7.62e-06,0.241,0.773,123.041,171778,4
384327,Sasha Alex Sloan,Dancing With Your Ghost,1TQXIltqoZ5XXyfCbAeSQQ,78,2019,electro,0.629,0.328,11,-8.284,1,0.029,0.768,2.5e-05,0.103,0.389,74.953,197732,4
515593,Taylor Swift,The Way I Loved You (Taylor’s Version),22bPsP2jCgbLUvh82U0Z3M,78,2021,pop,0.402,0.732,5,-4.665,1,0.0484,0.0033,0.0,0.108,0.472,161.032,243137,4
93573,Miley Cyrus,We Can't Stop,2y4lAQpi5VTNLu2ldeTdUH,78,2013,pop,0.613,0.622,1,-5.794,0,0.0334,0.00882,0.0,0.37,0.484,80.003,231240,4
85735,J. Cole,She Knows (feat. Amber Coffman & Cults),0Fs9cdPDhptWEDJmiCbkEW,78,2013,hip-hop,0.766,0.74,1,-10.363,1,0.0807,0.0193,0.0784,0.229,0.183,118.008,296520,4
487043,Jordan Davis,Buy Dirt,69AIpwGNLxr4qS1X5ynx60,78,2021,country,0.586,0.559,4,-6.725,1,0.05,0.639,0.0,0.0872,0.437,177.945,167480,4
263877,Luke Combs,When It Rains It Pours,1mMLMZYXkMueg65jRRWG1l,78,2017,country,0.551,0.801,6,-5.069,1,0.0303,0.013,6.03e-06,0.265,0.625,128.027,240760,4
487938,Gabry Ponte,Thunder,2USlegnFJLrVLpoVfPimKB,78,2021,dance,0.67,0.896,1,-4.673,1,0.058,0.0342,3.21e-05,0.344,0.403,101.216,160000,3
560202,NLE Choppa,DO IT AGAIN (feat. 2Rare),5gAwpwuchaCGnJLlBMGBzp,78,2022,hip-hop,0.806,0.64,11,-7.398,0,0.317,0.0864,0.0,0.201,0.716,160.054,213206,4
87537,Cults,Always Forever,2enPRFda84VE2wtI8c86Uf,78,2013,indie-pop,0.174,0.742,8,-5.93,1,0.0485,0.00181,0.281,0.198,0.36,163.378,223747,4
560217,The Kid LAROI,Thousand Miles,1r8ZCjfrQxoy2wVaBUbpwg,78,2022,hip-hop,0.376,0.657,7,-4.658,1,0.0768,0.0858,0.0,0.0884,0.203,80.565,164782,4
736650,Nickelback,How You Remind Me,0gmbgwZ8iqyMPmXefof8Yf,78,2001,alt-rock,0.446,0.764,10,-5.042,1,0.033,0.00135,0.0,0.099,0.543,172.094,223840,4
12110,Bruno Mars,Treasure,55h7vJchibLdUkxdlX3fK7,78,2012,dance,0.874,0.692,5,-5.28,0,0.0431,0.0412,7.24e-05,0.324,0.937,116.017,178560,4
487913,Shouse,Love Tonight (David Guetta Remix Edit),2prnn41CblB8B4yWACDljP,78,2021,dance,0.621,0.989,10,-4.225,0,0.0434,0.015,0.357,0.184,0.0348,126.002,158095,4
93571,Lorde,Royals,2dLLR6qlu5UJ5gk0dKz0h3,78,2013,pop,0.674,0.428,7,-9.504,1,0.122,0.121,0.0,0.132,0.337,84.878,190185,4
805043,Avril Lavigne,Complicated,5xEM5hIgJ1jjgcEBfpkt2F,78,2002,dance,0.585,0.776,5,-5.898,1,0.0459,0.0572,7.74e-06,0.3,0.427,77.987,244507,4
487911,Riton,Friday (feat. Mufasa & Hypeman) - Dopamine Re-Edit,4cG7HUWYHBV6R6tHn1gxrl,78,2021,dance,0.824,0.862,2,-3.424,1,0.126,0.0076,0.000132,0.303,0.801,122.98,169153,4
959034,Slipknot,Duality,61mWefnWQOLf90gepjOCb3,78,2004,metal,0.354,0.982,4,-3.026,0,0.168,0.000237,0.000294,0.204,0.194,143.772,252613,4
12107,Calvin Harris,Feel So Close - Radio Edit,1gihuPhrLraKYrJMAEONyc,78,2012,dance,0.707,0.924,7,-2.842,1,0.031,0.000972,0.00703,0.204,0.919,127.937,206413,4
569245,Harry Styles,Love Of My Life,1mw0RgNXIpYRyyCdBQbLgA,78,2022,pop,0.555,0.536,7,-8.233,1,0.0452,0.669,0.0,0.0623,0.203,118.057,191638,4
45014,Alfredo Olivas,El Precio De La Soledad,179TZwPk0txEvjkraVTVKo,78,2012,sad,0.715,0.846,10,-3.665,1,0.18,0.129,2.57e-06,0.084,0.909,95.426,186360,4
397241,Drake,Trust Issues,4Wjhj0WjkyECccfHVIgaTq,78,2019,hip-hop,0.421,0.539,11,-5.456,0,0.274,0.779,0.0,0.111,0.523,89.177,281519,3
569233,Taylor Swift,The Great War,3UMrglJeju5yWyYIW6o99b,78,2022,pop,0.573,0.741,5,-8.987,1,0.0353,0.219,2.23e-05,0.0842,0.554,96.016,240356,4
66273,Katy Perry,Dark Horse,4jbmgIyjGoXjY01XxatOx6,78,2013,dance,0.647,0.585,6,-6.123,1,0.0512,0.00314,0.0,0.165,0.353,131.934,215672,4
591159,Zara Larsson,Can't Tame Her,4vOoQh9MhS9pyrbvc8LyMz,78,2023,dance,0.584,0.915,6,-3.199,0,0.11,0.00686,0.000155,0.098,0.57,181.882,196940,4
350204,Kali Uchis,"After The Storm (feat. Tyler, The Creator & Bootsy Collins)",1otG6j1WHNvl9WgXLWkHTo,78,2018,pop,0.702,0.659,4,-6.766,0,0.13,0.301,0.00201,0.218,0.843,79.64,207455,4
350207,Summer Walker,Girls Need Love (with Drake) - Remix,14SaZBTjxlorHJQxXh01Hu,78,2018,pop,0.656,0.432,6,-9.481,0,0.217,0.443,0.0,0.132,0.0897,97.022,222374,4
462015,The Weeknd,In Your Eyes,7szuecWAPwGoV1e5vGu8tl,78,2020,pop,0.667,0.719,7,-5.371,0,0.0346,0.00285,8.1e-05,0.0736,0.717,100.021,237520,4
462013,Miley Cyrus,Midnight Sky,4i2qxFEVVUi8yOYoxB8TCX,78,2020,pop,0.699,0.805,4,-5.535,0,0.0345,0.00161,0.00177,0.249,0.232,109.976,223280,4
146786,Sam Smith,Like I Can,2TeLIzFBe3hxkPR5FIQZut,78,2014,pop,0.656,0.627,7,-6.627,0,0.0379,0.343,2.17e-05,0.124,0.481,99.933,167066,4
146788,One Direction,Steal My Girl,2Bs4jQEGMycglOfWPBqrVG,78,2014,pop,0.536,0.768,10,-5.948,0,0.0347,0.00433,0.0,0.114,0.545,77.217,228133,4
569207,SZA,Open Arms (feat. Travis Scott),0xaFw2zDYf1rIJWl2dXiSF,78,2022,pop,0.665,0.59,9,-7.608,1,0.161,0.763,0.0132,0.147,0.216,77.559,239613,4
569206,SZA,Special,6RQ5IwG7uADz9LDWliJGjU,78,2022,pop,0.604,0.199,0,-11.831,1,0.05,0.777,0.0,0.109,0.191,76.134,158840,4
245685,Ricky Montgomery,Line Without a Hook,5NvOZCjZaGGGL597exlQWv,78,2016,indie-pop,0.432,0.652,8,-4.969,1,0.0285,0.262,0.0,0.258,0.507,190.028,249587,3
453196,AP Dhillon,Excuses,29m79w9xPMH4YCD6r8JSmV,78,2020,hip-hop,0.837,0.717,5,-7.749,0,0.0822,0.0842,0.0,0.149,0.494,94.984,176233,4
598928,KayBlack,Bonjour,2tFmuYL5D8zqBHvs0nG5Tn,78,2023,funk,0.774,0.436,5,-10.792,0,0.0842,0.292,0.0,0.112,0.773,131.068,131927,4
466591,Eslabon Armado,Jugaste y Sufrí,3NqBxTOMCJ3zW9CIP51td4,78,2020,sad,0.39,0.499,7,-7.778,1,0.0381,0.632,0.000497,0.115,0.34,200.156,275194,1
1367724,Mac Miller,The Spins,51pshtuYkgUQnt5huMPbKL,78,2010,hip-hop,0.794,0.766,9,-3.894,0,0.0377,0.0135,0.0,0.0785,0.55,127.007,195873,4
605507,Rels B,lo que hay x aquí,5IlLm20JXhKbMtsH20NblC,78,2023,hip-hop,0.807,0.49,8,-7.112,0,0.213,0.522,0.0,0.502,0.739,80.522,152050,4
605657,Pritam,"Pyaar Hota Kayi Baar Hai (From ""Tu Jhoothi Main Makkaar"")",2vPrBucKCfKmafHhSfJ2pt,78,2023,indian,0.772,0.767,0,-4.792,1,0.0381,0.138,0.0,0.557,0.866,122.024,216271,4
507528,Travis Scott,Goosebumps - Remix,5uEYRdEIh9Bo4fpjDd4Na9,78,2021,house,0.841,0.593,1,-7.846,1,0.0379,0.418,0.0,0.124,0.808,124.917,162803,4
494164,Billie Eilish,Happier Than Ever - Edit,32BeYxKPrig1LefHsC0Xuo,78,2021,electro,0.334,0.599,0,-5.742,1,0.0365,0.0468,0.000392,0.205,0.127,161.74,151444,3
520496,Fuerza Regida,Me Acostumbre A Lo Bueno,1hHnCReCPe1FUkGLTeuCaC,78,2021,sad,0.715,0.739,6,-3.779,0,0.041,0.578,0.0,0.0887,0.963,101.611,140984,3
85738,Eminem,The Monster,48RrDBpOSSl1aLVCalGl5C,78,2013,hip-hop,0.781,0.853,1,-3.68,0,0.0715,0.0525,0.0,0.12,0.624,110.049,250189,4
564149,TWICE,Talk that Talk,0RDqNCRBGrSegk16Avfzuq,78,2022,k-pop,0.772,0.907,3,-2.438,0,0.124,0.136,0.0,0.334,0.783,119.973,177467,4
612536,Miley Cyrus,Thousand Miles (feat. Brandi Carlile),1GN6qqehnqUfUHH1gfK81v,78,2023,pop,0.503,0.722,9,-7.595,1,0.103,0.205,3.52e-05,0.0845,0.354,172.006,231000,4
612537,Kali Uchis,Moonlight,2i2gDpKKWjvnRTOZRhaPh2,78,2023,pop,0.639,0.723,7,-6.462,0,0.0532,0.511,0.0,0.167,0.878,136.872,187558,4
541667,Black Eyed Peas,DON'T YOU WORRY,0gYXw7aPoybWFfB7btQ0eM,78,2022,dance,0.816,0.875,11,-4.821,1,0.0311,0.203,0.0,0.209,0.491,131.958,196364,4
146775,Michael Jackson,Chicago,5BKKy9fIJL5uM9fz1SnqyP,78,2014,pop,0.608,0.756,7,-2.675,0,0.176,0.0784,0.0,0.187,0.55,176.086,245507,4
354037,Imagine Dragons,Bad Liar,2RSHsoi04658QL5xgQVov3,78,2018,rock,0.383,0.637,3,-6.993,1,0.0703,0.0722,0.0,0.368,0.0827,177.913,260773,4
551918,Orochi,Sereia,77UrDaIQq6JZIJWeLgJaRf,78,2022,funk,0.651,0.661,9,-5.08,1,0.147,0.276,0.0,0.105,0.505,114.528,294419,5
574186,Fuerza Regida,Mi Terre CLN,0MHFbqdlWzAkgO8p7pkfMb,78,2022,sad,0.723,0.697,7,-3.643,1,0.215,0.161,0.0,0.0814,0.858,159.01,172056,3
541585,Beyoncé,AMERICA HAS A PROBLEM,2XMAWynSTIst5KmLSv0Npf,78,2022,dance,0.789,0.614,1,-6.491,1,0.0579,0.00348,0.00152,0.283,0.108,126.035,198898,4
574207,Lenin Ramírez,Solita (En Vivo),6ggHV1SCPqLLV5U2kyW9qD,78,2022,sad,0.677,0.657,1,-4.657,0,0.0596,0.498,0.0,0.0562,0.812,116.225,215984,1
401155,BTS,Boy With Luv (feat. Halsey),4a9tbd947vo9K8Vti9JwcI,78,2019,k-pop,0.645,0.862,11,-4.761,0,0.0845,0.0933,0.0,0.193,0.803,119.947,229773,4
952558,JAY-Z,Numb / Encore,5sNESr6pQfIhL3krM8CtZn,78,2004,hip-hop,0.687,0.793,2,-4.254,1,0.166,0.0603,0.0,0.582,0.751,107.045,205733,4
273416,Richy Mitch & The Coal Miners,Evergreen,6me7F0aaZjwDo6RJ5MrfBD,78,2017,folk,0.555,0.216,3,-11.661,1,0.0721,0.557,0.00416,0.109,0.504,79.109,87000,3
551812,Dj LK da Escócia,Tubarão Te Amo,4UldILPVpnZO69ffK4B9aA,78,2022,funk,0.889,0.742,4,-3.495,0,0.358,0.299,0.000568,0.066,0.479,130.089,149077,4
454870,Aditya A,Chaand Baaliyan,0snQrp1VaY5Pj1YIHRJpRJ,78,2020,indie-pop,0.729,0.396,0,-8.98,1,0.0359,0.796,0.0,0.104,0.886,97.281,103265,4
20742,Of Monsters and Men,Little Talks,2ihCaVdNZmnHZWt0fvAM7B,78,2012,folk,0.457,0.757,1,-5.177,1,0.032,0.0206,0.0,0.146,0.417,102.961,266600,4
224456,The Chainsmokers,Don't Let Me Down,1i1fxkWeaMmKEB4T7zqbzK,78,2016,dance,0.532,0.869,11,-5.094,1,0.172,0.157,0.00508,0.136,0.422,159.803,208373,4
119686,Calvin Harris,Outside (feat. Ellie Goulding),7MmG8p0F9N3C4AXdK6o6Eb,78,2014,dance,0.646,0.823,2,-4.123,0,0.0394,0.213,0.0,0.322,0.418,128.035,227267,4
119675,Ariana Grande,Love Me Harder,5J4ZkQpzMUFojo1CtAZYpn,78,2014,dance,0.472,0.714,1,-4.389,0,0.0334,0.00937,0.0,0.0764,0.24,98.992,236133,4
284820,Kendrick Lamar,DNA.,6HZILIRieu8S0iqY8kIKhj,78,2017,hip-hop,0.638,0.523,1,-6.664,1,0.357,0.00454,0.0,0.0842,0.422,139.913,185947,4
284817,Joey Bada$$,Love Is Only a Feeling,7umZiitjVsEjMQ6HNddpUI,78,2017,hip-hop,0.629,0.676,1,-7.088,0,0.191,0.53,0.000325,0.701,0.497,90.377,152041,4
399069,Clairo,Sofia,7B3z0ySL9Rr0XvZEAjWZzM,78,2019,indie-pop,0.744,0.619,0,-9.805,1,0.039,0.598,0.00372,0.231,0.641,112.997,188387,4
541619,Burna Boy,For My Hand (feat. Ed Sheeran),0HaRLPnr887lcQM2YQzkff,78,2022,dance,0.87,0.479,9,-7.779,1,0.165,0.161,0.000157,0.209,0.717,104.059,159124,4
551857,Mc Paiva ZS,Casei Com a Putaria,1OZ4uv7OAP24Ix6j3vojLt,78,2022,funk,0.585,0.6,10,-7.008,0,0.436,0.117,0.0,0.0504,0.617,160.635,157500,4
569277,Ari Abdul,BABYDOLL (Speed),5K3SJuYEkvvrLbzOjPyRi1,78,2022,pop,0.552,0.582,11,-5.535,1,0.0404,0.0813,0.205,0.177,0.538,105.483,156651,4
541631,benny blanco,Bad Decisions (with BTS & Snoop Dogg),0xzI1KAr0Yd9tv8jlIk3sn,78,2022,dance,0.762,0.861,0,-3.296,1,0.0955,0.0185,0.0,0.264,0.955,120.048,172714,4
146769,PARTYNEXTDOOR,Her Way,3JEJwjqLkg2Jbau5922CAb,78,2014,pop,0.542,0.487,1,-9.53,1,0.0286,0.0544,0.000885,0.0872,0.119,111.307,216631,4
1130960,Britney Spears,Gimme More,6ic8OlLUNEATToEFU3xmaH,78,2007,dance,0.788,0.844,2,-3.131,1,0.0334,0.25,0.000678,0.0723,0.382,113.324,251240,4
541637,Jax Jones,Where Did You Go? (feat. MNEK),3sa06xVNmLLYIxdNNmVQN8,78,2022,dance,0.763,0.782,7,-4.541,0,0.0346,0.182,7.08e-06,0.293,0.502,127.034,177689,4
590803,Morgan Wallen,Whiskey Friends,2ewSCWOL7EAjgmgqfI1UlS,78,2023,country,0.544,0.826,1,-3.848,1,0.0288,0.0631,1.46e-05,0.113,0.596,142.029,205579,4
590804,Morgan Wallen,Born With A Beer In My Hand,1BAU6v0fuAV914qMUEESR1,78,2023,country,0.531,0.81,0,-5.475,1,0.0401,0.0502,3.95e-05,0.357,0.608,148.026,188524,4
590805,Morgan Wallen,Devil Don’t Know,2PsbT927UanvyH9VprlNOu,78,2023,country,0.53,0.664,0,-5.648,1,0.0272,0.377,3.76e-05,0.0937,0.323,125.002,205183,4
590807,Morgan Wallen,Cowgirls (feat. ERNEST),7fveJ3pk1eSfxBdVkzdXZ0,78,2023,country,0.624,0.766,8,-3.805,1,0.0359,0.199,8.62e-06,0.156,0.37,172.08,181621,4
590808,Morgan Wallen,Dying Man,4kvjThnfQIsPOKjxx0aZDu,78,2023,country,0.415,0.573,1,-6.567,1,0.0286,0.28,0.00449,0.0966,0.322,80.95,183466,4
77594,Arctic Monkeys,Snap Out Of It,0NdTUS4UiNYCNn5FgVqKQY,78,2013,garage,0.728,0.638,5,-6.455,0,0.0336,0.249,0.0,0.116,0.872,130.014,193030,4
608239,TWICE,SET ME FREE,4OtVQ2ZxS7yigIjGz5yKg1,78,2023,k-pop,0.756,0.831,5,-2.536,0,0.141,0.0966,0.0,0.0499,0.703,113.025,181680,4
197529,Sufjan Stevens,Fourth of July,5Qnrgqy1pAm9GyNQOgyVFz,78,2015,pop,0.435,0.104,6,-22.39,0,0.0445,0.973,0.33,0.119,0.162,120.484,279316,4
321050,Troye Sivan,Strawberries & Cigarettes,3afkJSKX0EAMsJXTZnDXXJ,78,2018,dance,0.578,0.537,9,-8.676,1,0.0832,0.162,0.0,0.076,0.25,83.909,201539,4
293475,Taylor Swift,Delicate,6NFyWDv5CjfwuzoCkw47Xf,78,2017,pop,0.75,0.404,9,-10.178,0,0.0682,0.216,0.000357,0.0911,0.0499,95.045,232253,4
433213,Ariana Grande,34+35,6Im9k8u9iIzKMrmV7BWtlF,78,2020,dance,0.83,0.585,0,-6.476,1,0.094,0.237,0.0,0.248,0.485,109.978,173711,4
377670,Ariana Grande,boyfriend (with Social House),0Ryd8975WihbObpp5cPW1t,78,2019,dance,0.4,0.795,10,-3.731,0,0.461,0.119,0.0,0.159,0.702,190.097,186107,4
377674,Julia Michaels,What A Time (feat. Niall Horan),5WtfUKzXircvW8l5aaVZWT,78,2019,dance,0.516,0.467,0,-6.184,1,0.0302,0.662,0.0,0.0853,0.386,132.861,173307,4
377675,Camila Cabello,Shameless,2ogKhhoMClkFXek7ZgxAhN,78,2019,dance,0.377,0.651,4,-5.437,0,0.0589,0.0197,5.31e-05,0.174,0.0851,129.607,219742,4
293482,Taylor Swift,Look What You Made Me Do,1P17dC1amhFzptugyAO7Il,78,2017,pop,0.766,0.709,9,-6.471,0,0.123,0.204,1.41e-05,0.126,0.506,128.07,211853,4
433234,Selena Gomez,People You Know,63mdJr3NMY3wReOkNE6c6W,78,2020,dance,0.695,0.62,8,-8.082,0,0.0521,0.0881,5.43e-05,0.111,0.62,150.032,194900,4
540771,Kane Brown,Thank God,1brnLTvarI9D1hLP6z2Ar8,78,2022,country,0.738,0.455,3,-8.735,1,0.0352,0.695,0.0,0.107,0.441,99.945,174560,4
540770,Nate Smith,Whiskey On You,6Tm4Io4ct4w14nB1EUzsY3,78,2022,country,0.479,0.768,8,-5.204,1,0.0312,7.02e-05,0.00549,0.121,0.576,110.024,183790,4
293493,Ed Sheeran,Castle on the Hill,6PCUP3dWmTjcTtXY02oFdT,78,2017,pop,0.461,0.834,2,-4.868,1,0.0989,0.0232,1.14e-05,0.14,0.471,135.007,261154,4
836545,Maroon 5,She Will Be Loved - Radio Mix,4llK75pXNWZz6KAho2Gp16,78,2002,pop,0.651,0.663,0,-5.569,0,0.0281,0.228,0.0,0.0994,0.465,102.0,259453,4
293499,Ed Sheeran,Galway Girl,0afhq8XCExXpqazXczTSve,78,2017,pop,0.624,0.876,9,-3.374,1,0.1,0.0735,0.0,0.327,0.781,99.943,170827,4
214654,KALEO,Way down We Go,0y1QJc3SJVPKJ1OvFmFqe6,78,2016,alt-rock,0.489,0.505,10,-8.022,0,0.117,0.579,0.000333,0.104,0.337,163.255,213707,4
176367,Fall Out Boy,Centuries,04aAxqtGp5pv12UXAg4pkq,78,2015,emo,0.393,0.858,4,-2.868,0,0.0729,0.00359,0.0,0.102,0.56,176.042,228360,4
293501,Ed Sheeran,Happier,2RttW7RAu5nOAfq6YFvApB,78,2017,pop,0.522,0.385,0,-7.355,1,0.0288,0.536,0.0,0.135,0.236,89.792,207520,4
386392,Soegi Bornean,Asmalibrasi,3TFdXrYIubXABQh0CxIiSs,78,2019,folk,0.721,0.565,4,-6.208,1,0.0292,0.855,5.48e-06,0.0973,0.794,139.941,254862,4
377688,Regard,Ride It,2tnVG71enUj33Ic2nFN6kZ,78,2019,dance,0.88,0.751,7,-4.258,0,0.0874,0.177,6.43e-05,0.106,0.884,117.948,157606,4
436930,Bee Gees,Stayin Alive,5ubvP9oKmxLUVq506fgLhk,78,2020,disco,0.702,0.773,10,-9.256,0,0.0343,0.0288,0.00871,0.147,0.953,103.564,285373,4
406380,Taylor Swift,The Man,3RauEVgRgj1IuWdJ9fDs70,78,2019,pop,0.777,0.658,0,-5.191,1,0.054,0.0767,0.0,0.0901,0.633,110.048,190360,4
321024,Camila Cabello,Havana (feat. Young Thug),1rfofaqEpACxVEHIZBJe6W,78,2018,dance,0.765,0.523,2,-4.333,1,0.03,0.184,3.56e-05,0.132,0.394,104.988,217307,4
406386,Billie Eilish,i love you,6CcJMwBtXByIz4zQLzFkKc,78,2019,pop,0.421,0.131,0,-18.435,1,0.0382,0.952,0.00453,0.109,0.12,137.446,291796,4
321038,Mark Ronson,Nothing Breaks Like a Heart (feat. Miley Cyrus),27rdGxbavYJeBphck5MZAF,78,2018,dance,0.601,0.794,7,-5.844,0,0.0671,0.00987,1.36e-06,0.388,0.244,114.066,217467,4
377665,Chris Brown,No Guidance (feat. Drake),6XHVuErjQ4XNm6nDPVCxVX,78,2019,dance,0.696,0.454,1,-6.756,0,0.153,0.123,0.0,0.155,0.136,92.928,260640,4
359229,Tom Rosenthal,Lights Are On,4IhTXiZLKATmwhMZIb1GQN,78,2018,singer-songwriter,0.44,0.04,3,-16.887,1,0.0322,0.981,0.465,0.111,0.249,135.965,193749,4
867045,Black Eyed Peas,Where Is The Love?,0xmjwnQ3FNE6HuWCt2nHdZ,78,2003,dance,0.834,0.699,5,-3.222,1,0.178,0.111,0.0,0.131,0.809,94.086,272533,4
506715,Aventura,Volví,2vmfvSoZBFAt9hhRoEByLi,78,2021,hip-hop,0.725,0.86,1,-3.726,1,0.182,0.422,0.000284,0.0674,0.791,175.896,230125,4
331997,MC L da Vinte,Parado no Bailão,3Hb9kUdm4yf839Fle4RIdT,78,2018,funk,0.828,0.599,11,-1.624,1,0.149,0.381,0.0,0.0775,0.478,86.533,171692,5
162922,Natalia Lafourcade,Hasta la Raíz,3lGMtkONrZdJ8kTCg6KIFf,78,2015,alt-rock,0.585,0.643,3,-8.392,1,0.0395,0.201,0.000306,0.144,0.592,152.98,221800,3
355338,Kina,Get You The Moon (feat. Snøw),4ZLzoOkj0MPWrTLvooIuaa,78,2018,sad,0.498,0.235,1,-16.541,0,0.188,0.72,0.0,0.144,0.0895,118.917,179080,4
376747,Zach Bryan,Heading South,2Dct3GykKZ58hpWRFfe2Qd,78,2019,country,0.68,0.246,4,-14.112,1,0.058,0.783,0.0,0.106,0.388,110.23,171693,4
563738,Tulus,Hati-Hati di Jalan,2hHeGD57S0BcopfVcmehdl,78,2022,jazz,0.643,0.436,6,-11.322,1,0.0357,0.702,0.0889,0.115,0.755,71.969,242000,4
1450774,Adele,Someone Like You,1zwMYTA5nlNjZxYrvBB2pV,78,2011,pop,0.556,0.319,9,-8.251,1,0.0281,0.893,0.0,0.0996,0.294,135.187,285240,4
1370441,Roar,I Can't Handle Change,0I1eFRytp4XRhLCjT6tZm7,78,2010,indie-pop,0.247,0.438,5,-8.478,1,0.0358,0.0447,0.000867,0.111,0.39,185.711,198213,3
321017,Zedd,The Middle,09IStsImFySgyp0pIQdqAc,78,2018,dance,0.753,0.657,7,-3.061,1,0.0449,0.171,0.0,0.112,0.437,107.01,184732,4
561972,beabadoobee,the perfect pair,41P6Tnd8KIHqON0QIydx6a,78,2022,indie-pop,0.634,0.663,11,-6.818,1,0.0331,0.433,0.124,0.102,0.6,146.053,177533,4
197544,One Direction,Drag Me Down,2K87XMYnUMqLcX3zvtAF4G,78,2015,pop,0.73,0.703,0,-5.672,0,0.0369,0.109,0.0,0.0657,0.595,138.113,192120,4
561974,Suki Waterhouse,Good Looking,0j3mqDTK4Z6lvrLzFCUUz6,78,2022,indie-pop,0.364,0.554,4,-9.076,1,0.0301,0.077,0.000297,0.125,0.257,150.079,214800,3
406412,Luis Fonsi,Despacito,6habFhsOp2NvshLv26DqMb,78,2019,pop,0.655,0.797,2,-4.787,1,0.153,0.198,0.0,0.067,0.839,177.928,229360,4
506824,Bizarrap,"Eladio Carrion: Bzrp Music Sessions, Vol. 40",1VauUM5CBX7nkLcgafQL2B,77,2021,hip-hop,0.783,0.524,5,-6.455,0,0.0554,0.241,0.0,0.271,0.839,117.496,164896,4
515630,Rauw Alejandro,Cúrame,1FlL8ycld6uVDDyhV7P5FA,77,2021,pop,0.765,0.625,9,-3.599,0,0.0548,0.584,0.00111,0.112,0.262,102.101,164706,4
140599,American Authors,Best Day Of My Life,5Hroj5K7vLpIG4FNCRIjbP,77,2014,indie-pop,0.673,0.902,2,-2.392,1,0.0346,0.0591,0.000262,0.0558,0.538,100.012,194240,4
340906,Drake,Nonstop,0TlLq3lA83rQOYtrqBqSct,77,2018,hip-hop,0.912,0.412,7,-8.074,1,0.123,0.0165,0.0126,0.104,0.423,154.983,238614,4
406390,Taylor Swift,Afterglow,1SymEzIT3H8UZfibCs3TYi,77,2019,pop,0.756,0.449,9,-8.746,1,0.0344,0.13,0.0,0.114,0.399,111.011,223293,4
540772,Zach Bryan,Sun to Me,1SjsVdSXpwm1kTdYEHoPIT,77,2022,country,0.505,0.27,9,-9.165,0,0.0333,0.593,0.0,0.133,0.557,98.721,163032,4
540774,Luke Combs,"Going, Going, Gone",67AdiJcurlf6gocGobfaXs,77,2022,country,0.565,0.56,6,-6.034,1,0.0275,0.538,0.0,0.0961,0.325,159.931,177267,4
549440,Dermot Kennedy,Kiss Me,7j1ZJAbcm4AMBf82jIrAH3,77,2022,folk,0.64,0.845,0,-3.214,0,0.0356,0.00108,0.0,0.0686,0.478,120.052,229436,4
551137,Zola,AMBER,5UPpgOKi0UQMMMSzWWgJJe,77,2022,french,0.707,0.778,6,-8.915,1,0.221,0.0853,0.00365,0.177,0.668,140.988,182068,4
342780,Beach Bunny,Prom Queen,6MpCaSIOfqBqbMED4kXgNY,77,2018,indie-pop,0.528,0.797,4,-7.487,1,0.0485,0.000391,0.011,0.14,0.751,143.785,136562,4
342779,Vansire,From the Subway Train,0qOCy2LqvdkMora7eZsJhQ,77,2018,indie-pop,0.392,0.429,5,-10.279,0,0.0462,0.527,0.015,0.217,0.105,72.104,57370,4
197550,Justin Bieber,What Do You Mean?,4B0JvthVoAAuygILe3n4Bs,77,2015,pop,0.845,0.567,5,-8.118,0,0.0956,0.59,0.00142,0.0811,0.793,125.02,205680,4
85734,Childish Gambino,3005,5cc9Zbfp9u10sfJeKZ3h16,77,2013,hip-hop,0.664,0.447,6,-7.272,0,0.289,0.112,0.0,0.091,0.659,83.138,234215,4
271631,Billie Eilish,watch,7eB1V5LvAdxCc7brfGhRRo,77,2017,electro,0.441,0.599,0,-8.985,1,0.225,0.333,0.00198,0.103,0.35,165.212,177523,4
224453,Bruno Mars,24K Magic,6b8Be6ljOzmkOmFslEb23P,77,2016,dance,0.818,0.803,1,-4.282,1,0.0797,0.034,0.0,0.153,0.632,106.97,225983,4
341743,Travis Scott,BUTTERFLY EFFECT,2cYqizR4lgvp4Qu6IQ3qGN,77,2018,house,0.763,0.628,11,-5.85,1,0.05,0.0531,0.0,0.114,0.193,140.958,190557,4
515773,TINI,Miénteme,0cOa970mzTWAxKtltpkpLc,77,2021,pop,0.85,0.541,2,-4.522,1,0.0674,0.161,5.01e-06,0.286,0.916,92.003,165275,4
311045,The Neighbourhood,Reflections,2xql0pid3EUwW38AsywxhV,77,2018,alt-rock,0.648,0.594,11,-7.027,0,0.0293,0.114,0.0462,0.116,0.544,113.983,244013,4
1770,Neon Trees,Everybody Talks,2iUmqdfGZcHIhS3b9E9EWq,77,2012,alt-rock,0.471,0.924,8,-3.906,1,0.0586,0.00301,0.0,0.313,0.725,154.961,177280,4
264796,Axwell /\ Ingrosso,More Than You Know,6h5PAsRni4IRlxWr6uDPTP,77,2017,dance,0.646,0.741,5,-4.973,0,0.034,0.0275,0.0,0.312,0.571,123.077,203000,4
264791,Dua Lipa,IDGAF,76cy1WJvNGJTj78UqeA5zr,77,2017,dance,0.836,0.544,7,-5.975,1,0.0943,0.0403,0.0,0.0824,0.51,97.028,217947,4
264785,ZAYN,I Don’t Wanna Live Forever (Fifty Shades Darker),55n9yjI6qqXh5F2mYvUc2y,77,2017,dance,0.731,0.445,0,-8.418,1,0.0533,0.0586,1.96e-05,0.14,0.106,117.97,247160,4
406481,NIKI,lowkey,5TTXEcfsYLh6fTarLaevTi,77,2019,pop,0.752,0.494,0,-8.18,1,0.0559,0.432,0.0,0.0869,0.227,117.901,171356,4
520504,Grupo Los de la O,Fuga Pa Cali 2,5IdyvWCaUa7AgTxMsFj0wB,77,2021,sad,0.743,0.89,7,-5.451,0,0.0837,0.366,0.0,0.0966,0.809,107.635,196864,4
197530,Rihanna,FourFiveSeconds,78TTtXnFQPzwqlbtbwqN0y,77,2015,pop,0.582,0.272,2,-5.662,1,0.0501,0.875,0.0,0.13,0.354,205.846,188238,4
197553,One Direction,Perfect,3NLnwwAQbbFKcEcV8hDItk,77,2015,pop,0.647,0.823,2,-5.231,1,0.0762,0.0598,0.0,0.119,0.396,99.933,230333,4
197533,Meghan Trainor,Like I'm Gonna Lose You (feat. John Legend),2YlZnw2ikdb837oKMKjBkW,77,2015,pop,0.63,0.53,0,-7.259,1,0.0434,0.4,0.0,0.177,0.417,108.038,225053,3
406428,Duncan Laurence,Arcade,1Xi84slp6FryDSCbzq4UCD,77,2019,pop,0.45,0.329,9,-12.603,0,0.0441,0.818,0.00109,0.135,0.266,71.884,183624,3
867043,Beyoncé,Crazy In Love (feat. Jay-Z),5IVuqXILoxVWvWEPm82Jxr,77,2003,dance,0.646,0.77,2,-6.596,0,0.226,0.00249,0.0,0.0715,0.681,99.165,236133,4
462003,Eyedress,Romantic Lover,7s5VQqrjBtrBgZL4pEa46S,77,2020,pop,0.658,0.447,9,-9.299,0,0.0869,0.701,0.924,0.198,0.538,184.316,86739,4
462007,Conan Gray,Maniac,6KfoDhO4XUWSbnyKjNp9c4,77,2020,pop,0.628,0.639,8,-5.46,1,0.0435,0.00162,0.0,0.354,0.493,108.045,185773,4
197548,Demi Lovato,Cool for the Summer,3uwnnTQcHM1rDqSfA4gQNz,77,2015,pop,0.583,0.61,5,-5.639,0,0.0382,0.00425,0.000105,0.14,0.336,114.06,214740,4
66272,Lady Gaga,Applause,5ka2ajep9OAvU5Sgduhiex,77,2013,dance,0.669,0.78,7,-4.287,0,0.053,0.0265,1.63e-06,0.143,0.738,139.945,212333,4
377682,Dua Lipa,Don't Start Now,6WrI0LAC5M1Rw2MnX2ZvEg,77,2019,dance,0.794,0.793,11,-4.521,0,0.0842,0.0125,0.0,0.0952,0.677,123.941,183290,4
66276,Katy Perry,Roar,27tNWlhdAryQY04Gb2ZhUI,77,2013,dance,0.671,0.771,7,-4.821,0,0.0316,0.00492,7.28e-06,0.354,0.436,90.003,223546,4
66277,Avicii,Hey Brother,4lhqb6JvbHId48OUJGwymk,77,2013,dance,0.545,0.78,7,-4.867,0,0.0436,0.0309,4.64e-05,0.0828,0.458,125.014,255093,4
340893,Playboi Carti,Shoota (feat. Lil Uzi Vert),2BJSMvOGABRxokHKB0OI8i,77,2018,hip-hop,0.673,0.649,1,-8.433,0,0.196,0.188,0.0,0.122,0.47,153.075,153800,4
340894,Meek Mill,Going Bad (feat. Drake),2IRZnDFmlqMuOrYOLnZZyc,77,2018,hip-hop,0.889,0.496,4,-6.365,0,0.0905,0.259,0.0,0.252,0.544,86.003,180522,4
1403307,GROUPLOVE,Tongue Tied,0GO8y8jQk1PkHzS31d699N,77,2011,alt-rock,0.56,0.936,3,-5.835,1,0.0439,0.00847,0.0,0.161,0.371,112.96,218013,4
340895,Mac Miller,Self Care,5bJ1DrEM4hNCafcDd1oxHx,77,2018,hip-hop,0.52,0.538,1,-8.109,1,0.206,0.367,0.00187,0.119,0.177,141.894,345133,4
73669,Paramore,Still into You,1yjY7rpaAQvKwpdUliHx0d,77,2013,emo,0.602,0.923,5,-3.763,1,0.044,0.0098,0.0,0.0561,0.765,136.01,216013,4
264803,Avicii,Without You (feat. Sandro Cavazza),6Pgkp4qUoTmJIPn7ReaGxL,77,2017,dance,0.662,0.858,2,-4.844,1,0.0428,0.00163,0.0,0.0456,0.295,133.993,181673,4
73668,salvia palth,i was all over her,7svpAkwc6xaSxlbZ7V7JiS,77,2013,emo,0.529,0.353,7,-12.835,1,0.0292,0.788,0.853,0.116,0.0601,104.557,161463,4
66284,Katy Perry,Unconditionally,009ImBOrIUlWgla8U05RAC,77,2013,dance,0.432,0.725,7,-4.862,1,0.0431,0.00273,0.0,0.208,0.353,128.902,228879,4
340896,Brent Faiyaz,Trust,0oufSLnKQDoBFX5mgkDCgR,77,2018,hip-hop,0.764,0.394,8,-8.559,1,0.152,0.231,9.37e-05,0.117,0.465,92.009,158421,4
340897,Mac Miller,Small Worlds,4gT3mNJA8lnlkYFqGZ8IA2,77,2018,hip-hop,0.516,0.546,5,-9.105,1,0.249,0.814,4.5e-06,0.0995,0.515,78.267,271733,4
406397,Lewis Capaldi,Hold Me While You Wait,60iSKGrGazRzICtMjADNSM,77,2019,pop,0.688,0.53,11,-5.507,1,0.0333,0.443,0.0,0.0995,0.162,106.958,205687,4
515665,Marc Seguí,Tiroteo - Remix,4OwhwvKESFtuu06dTgct7i,77,2021,pop,0.75,0.522,9,-7.018,1,0.0293,0.282,0.0,0.0743,0.601,110.427,321556,4
894998,Linkin Park,Faint,4Yf5bqU3NK4kNOypcrLYwU,77,2003,metal,0.554,0.978,4,-3.554,1,0.131,0.111,0.0,0.0731,0.594,135.095,162600,4
321019,Doja Cat,Wine Pon You (feat. Konshens),2s4AcE9n80mSHl87lp4gIm,77,2018,dance,0.797,0.444,9,-7.738,0,0.0411,0.304,0.00126,0.107,0.138,95.035,219000,4
612535,Kali Uchis,I Wish you Roses,6BQrmjAgPfPTwILoFEK3Hd,77,2023,pop,0.467,0.624,10,-8.511,0,0.0508,0.143,0.000899,0.145,0.31,141.889,225947,4
1271984,Shakira,She Wolf,4cS2HQ6jK80vqdY9ofpztx,77,2009,dance,0.865,0.69,7,-7.448,1,0.0443,0.285,0.0162,0.225,0.867,121.983,188867,4
321022,benny blanco,Eastside (with Halsey & Khalid),7FGq80cy8juXBCD2nrqdWU,77,2018,dance,0.632,0.686,6,-7.665,0,0.243,0.549,0.0,0.2,0.329,89.949,170770,4
569280,Mau y Ricky,Llorar y Llorar - con Carin Leon,4YF13O2n16dcTyGgVmiGvN,77,2022,pop,0.62,0.436,10,-8.108,1,0.213,0.554,0.0,0.0891,0.368,172.854,169705,3
321021,Cardi B,I Like It,58q2HKrzhC3ozto2nDdN4z,77,2018,dance,0.816,0.726,5,-3.998,0,0.129,0.099,0.0,0.372,0.65,136.048,253390,4
569243,Lauren Spencer Smith,Fingers Crossed,3yMC1KsTwh0ceXdIe4QQAQ,77,2022,pop,0.56,0.473,5,-7.23,1,0.0533,0.618,0.0,0.31,0.441,109.414,175345,4
964692,Alejandro Fernández,Me Dediqué a Perderte,4NUt1fcnO9aQAELBgXq3Kr,77,2004,pop,0.642,0.442,8,-9.115,1,0.074,0.491,1.58e-06,0.102,0.465,148.01,231773,4
350209,Joji,YEAH RIGHT,1VGzxJnVQND7Cg5H5wGj14,77,2018,pop,0.672,0.588,1,-9.573,1,0.133,0.619,0.241,0.0992,0.204,169.033,174358,4
399066,Wallows,Are You Bored Yet? (feat. Clairo),57RA3JGafJm5zRtKJiKPIm,77,2019,indie-pop,0.682,0.683,8,-6.444,0,0.0287,0.156,2.32e-05,0.273,0.64,120.023,178000,4
560614,Bizarrap,"Duki: Bzrp Music Sessions, Vol. 50",7MkylDYvKTSuWgrsBhHlsG,77,2022,hip-hop,0.535,0.874,9,-2.248,0,0.137,0.371,0.0,0.192,0.323,140.006,227562,4
631350,Shaggy,It Wasn't Me,3WkibOpDF7cQ5xntM1epyf,77,2000,dance,0.853,0.606,0,-4.596,1,0.0713,0.0561,0.0,0.313,0.654,94.759,227600,4
631352,Britney Spears,Oops!...I Did It Again,6naxalmIoLFWR0siv8dnQQ,77,2000,dance,0.751,0.834,1,-5.444,0,0.0437,0.3,1.77e-05,0.355,0.894,95.053,211160,4
564162,(G)I-DLE,TOMBOY,0IGUXY4JbK18bu9oD4mPIm,77,2022,k-pop,0.755,0.87,1,-2.414,0,0.0936,0.00988,0.0,0.0917,0.645,124.032,174387,4
235637,Joy Again,Looking Out for You,3jfZ9M23l0L7RxzYMTgBTv,77,2016,garage,0.682,0.9,9,-5.028,1,0.0874,0.0884,0.063,0.0685,0.937,100.721,179499,4
564165,Jung Kook,Stay Alive (Prod. SUGA of BTS),7CAdT0HdiQNlt1C7xk2hep,77,2022,k-pop,0.512,0.76,2,-5.889,0,0.0682,0.299,0.0,0.103,0.495,130.096,210928,4
452829,DaBaby,ROCKSTAR (feat. Roddy Ricch),7ytR5pFWmSjzHJIeQkgog4,77,2020,hip-hop,0.746,0.69,11,-7.956,1,0.164,0.247,0.0,0.101,0.497,89.977,181733,4
569309,Tokischa,Delincuente,2ROQe6QkIXODJRx0y8UjzV,77,2022,pop,0.798,0.71,2,-3.39,1,0.0973,0.0576,0.025,0.4,0.662,97.875,226491,4
569279,Ovy On The Drums,CHAO BEBE,2caVKAWz7oM5Hw3LDWWVnQ,77,2022,pop,0.869,0.74,5,-4.699,0,0.108,0.649,7.95e-06,0.135,0.598,117.949,206499,4
344855,BTS,FAKE LOVE,6m1TWFMeon7ai9XLOzdbiR,77,2018,k-pop,0.557,0.719,2,-4.515,0,0.0371,0.00267,0.0,0.306,0.345,77.502,242334,4
608242,BSS,Fighting (Feat. Lee Young Ji),7eBpUuPnDTfbeP1P4P93CS,77,2023,k-pop,0.707,0.86,11,-2.935,0,0.191,0.103,0.0,0.0989,0.922,152.026,204467,4
293490,Chase Atlantic,Into It,4HwDCXsMBC7SUdp2WT4MZP,77,2017,pop,0.518,0.572,10,-6.706,0,0.0416,0.0503,2.41e-05,0.129,0.291,130.053,196767,4
293489,Chase Atlantic,Consume (feat. Goon Des Garcons),0X2bh8NVQ8svDQIn2AdCbW,77,2017,pop,0.556,0.714,9,-5.322,0,0.158,0.07,0.0,0.261,0.434,146.113,267920,4
293486,Taylor Swift,Gorgeous,1ZY1PqizIl78geGM4xWlEA,77,2017,pop,0.8,0.535,7,-6.684,1,0.135,0.0713,9.48e-06,0.213,0.451,92.027,209680,4
284822,Playboi Carti,Magnolia,1e1JKLEDKP7hEQzJfNAgPl,77,2017,hip-hop,0.791,0.582,11,-7.323,0,0.286,0.0114,0.0,0.35,0.443,162.991,181812,4
1412815,Jennifer Lopez,On The Floor,3C0nOe05EIt1390bVABLyN,77,2011,dance,0.73,0.777,3,-5.194,0,0.0496,0.105,0.000478,0.0691,0.575,130.0,284867,4
452817,Drake,Laugh Now Cry Later (feat. Lil Durk),2SAqBLGA283SUiwJ3xOUVI,77,2020,hip-hop,0.761,0.518,0,-8.871,1,0.134,0.244,3.47e-05,0.107,0.522,133.976,261493,4
452816,Playboi Carti,Vamp Anthem,4CzhtKifG867Lu5DNQVBSA,77,2020,hip-hop,0.642,0.69,11,-5.101,1,0.261,0.00599,1.3e-06,0.322,0.641,164.075,124094,4
1030126,Plain White T's,Hey There Delilah,4RCWB3V8V0dignt99LZ8vH,77,2005,pop,0.656,0.291,2,-10.572,1,0.0293,0.872,0.0,0.114,0.298,103.971,232533,4
452811,21 Savage,Rich Nigga Shit (feat. Young Thug),3ruoIF2UnoXdzK8mR61ebq,77,2020,hip-hop,0.825,0.733,1,-5.625,0,0.0969,0.349,0.0,0.112,0.62,97.974,190331,4
177246,The Oh Hellos,"Soldier, Poet, King",3xtiXNDbSKxy20I7D6vFUg,77,2015,folk,0.347,0.758,8,-7.753,1,0.0706,0.031,0.000659,0.109,0.484,117.959,165674,4
188792,Bryson Tiller,Exchange,43PuMrRfbyyuz4QpZ3oAwN,77,2015,hip-hop,0.525,0.433,6,-10.598,1,0.185,0.107,0.0,0.135,0.276,160.108,194613,4
541612,Shawn Mendes,When You're Gone,0U1W2LZVUX7qTm7dDpqxh6,77,2022,dance,0.603,0.691,5,-5.805,1,0.0372,0.0248,0.0,0.583,0.577,147.148,172267,4
321023,Ariana Grande,God is a woman,5OCJzvD7sykQEKHH7qAC3C,77,2018,dance,0.602,0.658,1,-5.934,1,0.0558,0.0233,6e-05,0.237,0.268,145.031,197547,4
541622,Tiësto,Hot In It,3Z7CaxQkqbIs1rewKi6v4W,77,2022,dance,0.748,0.841,7,-5.08,1,0.177,0.00445,1.33e-06,0.0413,0.717,123.045,129817,4
119682,Jessie J,Bang Bang,0puf9yIluy9W0vpMEUoAnN,77,2014,dance,0.706,0.786,0,-3.417,0,0.091,0.26,0.0,0.38,0.751,150.028,199387,4
231843,Lil Peep,white tee,4TVsTKQVeC99tCjfRKLeob,77,2016,emo,0.8,0.526,11,-8.909,1,0.0416,0.285,0.0,0.0717,0.729,149.991,132227,4
612634,Sebastian Yatra,Una Noche Sin Pensar,2oW52tBeJNSv93Ct5AJb8q,77,2023,pop,0.676,0.858,0,-2.636,1,0.0467,0.0354,0.0,0.211,0.67,139.998,161173,4
1368567,Stromae,Alors on danse - Radio Edit,2GYHyAoLWpkxLVa4oYTVko,77,2010,house,0.791,0.59,1,-9.206,0,0.0793,0.0994,0.00203,0.065,0.714,119.951,206067,4
612541,Miley Cyrus,Muddy Feet (feat. Sia),1S1WWTuydW6zljNeHOpZXe,77,2023,pop,0.548,0.779,7,-4.737,1,0.109,0.076,0.000494,0.19,0.524,172.083,136947,4
1121298,Foo Fighters,The Pretender,7x8dCjCr0x6x2lXKujYD34,77,2007,alt-rock,0.433,0.959,9,-4.04,1,0.0431,0.000917,0.0,0.028,0.365,172.984,269373,4
612540,Miley Cyrus,Violet Chemistry,00Ga884hbpVvCNyeQdle1U,77,2023,pop,0.642,0.715,8,-5.711,1,0.0385,0.00265,0.0,0.094,0.588,119.938,246307,4
590811,Morgan Wallen,Neon Star (Country Boy Lullaby),1GiwvmI57OTGcKGNigZFJb,77,2023,country,0.704,0.677,5,-6.135,1,0.0288,0.426,3.29e-06,0.118,0.715,92.021,171495,4
506701,The Kid LAROI,WITHOUT YOU,1KMkcUvF7m3SDChDOa7i5L,77,2021,hip-hop,0.662,0.413,0,-7.357,1,0.0299,0.213,0.0,0.134,0.467,93.005,161385,4
612538,Miley Cyrus,You,6FAsJDkg4y5JSWP9ZMKlDj,77,2023,pop,0.625,0.568,11,-5.663,1,0.0324,0.288,0.0,0.674,0.348,85.545,179427,3
243907,$uicideboy$,Antarctica,5UGAXwbA17bUC0K9uquGY2,77,2016,hip-hop,0.715,0.633,2,-6.869,1,0.0804,0.553,4.45e-06,0.0905,0.319,105.945,126850,5
590810,Morgan Wallen,Hope That’s True,2Ej3iV0nulryy9S3UQvjSx,77,2023,country,0.586,0.838,5,-4.892,1,0.0367,0.163,0.00016,0.0858,0.776,150.114,186465,4
255747,Cigarettes After Sex,Sunsetz,69UqtTHfUKAJweQwEStRzC,77,2017,ambient,0.412,0.477,9,-9.381,0,0.029,0.0542,0.798,0.0975,0.141,75.302,214680,4
590809,Morgan Wallen,Tennessee Numbers,5NzfnUyVaNrxa2VtoyBWlR,77,2023,country,0.425,0.738,6,-5.368,1,0.0342,0.0487,0.00173,0.107,0.267,156.288,225128,4
506732,Gera MX,Botella Tras Botella,2MnLkFqY9Rpg9s3Zv6ZJdK,77,2021,hip-hop,0.727,0.546,0,-4.572,1,0.0437,0.656,0.0,0.122,0.69,106.891,197333,4
569247,The Weeknd,Less Than Zero,2D4dV2KXDTszzJ3p3cFqhA,77,2022,pop,0.535,0.791,0,-5.55,1,0.0327,0.00096,0.000155,0.0788,0.5,142.981,211814,4
564151,Stray Kids,CASE 143,3O8G8eVrhfXTGttyQ1xVuq,77,2022,k-pop,0.812,0.89,6,-2.661,0,0.209,0.0961,0.0,0.0222,0.69,100.006,191965,4
439846,blackbear,hot girl bummer,6jRq8gaZhMUyy5RclRPcAf,77,2020,electro,0.782,0.559,6,-7.106,0,0.0767,0.125,0.0,0.385,0.685,129.992,188344,1
321049,Dynoro,In My Mind,0E9ZjEAyAwOXZ7wJC0PD33,77,2018,dance,0.694,0.77,6,-5.335,1,0.149,0.176,1.1e-05,0.118,0.163,125.905,184560,4
321039,Sia,Snowman,7uoFMmxln0GPXQ0AcCBXRq,77,2018,dance,0.716,0.512,1,-6.257,1,0.0331,0.483,0.0,0.0928,0.326,104.957,165907,3
321037,Marshmello,FRIENDS,08bNPGLD8AhKpnnERrAc6G,77,2018,dance,0.626,0.88,9,-2.384,0,0.0504,0.205,0.0,0.128,0.534,95.079,202621,4
397267,Ali Gatie,It's You,5DqdesEfbRyOlSS3Tf6c29,77,2019,hip-hop,0.732,0.463,11,-6.972,0,0.0287,0.374,0.0,0.194,0.397,95.971,212607,4
433209,Diplo,Heartless (feat. Morgan Wallen),3FU6urUVsgXa6RBuV2PdRk,77,2020,dance,0.765,0.556,11,-6.417,1,0.0512,0.275,0.0,0.0824,0.274,111.033,169227,4
506742,Rvssian,Nostálgico,2BEcap3xJtmiPaHKyfQi4e,77,2021,hip-hop,0.734,0.846,9,-3.425,0,0.0489,0.166,1.74e-06,0.235,0.604,98.026,209884,4
433214,Doja Cat,Boss Bitch,78qd8dvwea0Gosb6Fe6j3k,77,2020,dance,0.707,0.955,10,-4.593,0,0.222,0.127,0.0,0.202,0.575,125.989,134240,4
57299,Ludovico Einaudi,Experience,1BncfTJAWxrsxyT9culBrj,77,2013,ambient,0.447,0.449,2,-10.634,1,0.0376,0.934,0.961,0.0697,0.036,92.468,315427,4
433223,Joel Corry,Head & Heart (feat. MNEK),6cx06DFPPHchuUAcTxznu9,77,2020,dance,0.734,0.874,8,-3.158,1,0.0662,0.168,1.14e-05,0.0489,0.905,122.953,166028,4
397290,Daddy Yankee,Con Calma,5w9c2J52mkdntKOmRLeM2m,77,2019,hip-hop,0.737,0.86,8,-2.652,0,0.0593,0.11,1.94e-06,0.0574,0.656,93.989,193227,4
541629,P!nk,Never Gonna Not Dance Again,6sZo5nJIsFWXefRCCexpx0,77,2022,dance,0.668,0.802,5,-4.005,0,0.0917,0.0273,0.0,0.163,0.769,113.796,225789,4
506682,J. Cole,m y . l i f e (with 21 Savage & Morray),1D3z6HTiQsNmZxjl7F7eoG,77,2021,hip-hop,0.597,0.587,7,-7.026,0,0.137,0.0622,0.0,0.214,0.0753,140.021,218802,4
1140548,Fall Out Boy,Thnks fr th Mmrs,3Zwu2K0Qa5sT6teCCHPShP,77,2007,emo,0.459,0.891,10,-5.057,0,0.0623,0.00511,0.0,0.106,0.588,154.837,203507,4
569269,The Weeknd,Sacrifice,1nH2PkJL1XoUq8oE6tBZoU,77,2022,pop,0.735,0.795,11,-6.523,0,0.113,0.0296,3.18e-05,0.0678,0.905,122.0,188918,4
188796,Rae Sremmurd,This Could Be Us,4jTiyLlOJVJj3mCr7yfPQD,77,2015,hip-hop,0.732,0.69,0,-4.992,0,0.134,0.291,0.0,0.116,0.758,143.072,206307,4
188791,$uicideboy$,Kill Yourself (Part III),0kEZlJh4mK1QRfb3CT5LPk,77,2015,hip-hop,0.753,0.68,5,-7.092,0,0.0349,0.326,4.15e-05,0.423,0.192,105.977,145078,4
411381,Junior H,Ella,0tKl8ZVM6xJkhznvJAS3Nq,77,2019,sad,0.478,0.732,4,-4.342,0,0.0779,0.363,3.34e-06,0.0768,0.664,184.819,259403,3
487893,NEIKED,Better Days (NEIKED x Mae Muller x Polo G),6f5ExP43esnvdKPddwKXJH,77,2021,dance,0.717,0.671,0,-5.077,0,0.0337,0.0018,2.54e-06,0.0921,0.699,110.054,160657,4
487927,Troye Sivan,Angel Baby,2m6Ko3CY1qXNNja8AlugNc,77,2021,dance,0.559,0.559,11,-6.425,1,0.0358,0.0145,0.0,0.138,0.338,72.498,220780,4
487926,Majestic,Rasputin,0b18g3G5spr4ZCkz7Y6Q0Q,77,2021,dance,0.758,0.913,6,-2.926,0,0.113,0.00364,6.92e-05,0.193,0.658,128.04,186210,4
487919,Shawn Mendes,Summer of Love (Shawn Mendes & Tainy),0z8hI3OPS8ADPWtoCjjLl6,77,2021,dance,0.776,0.808,11,-4.501,1,0.117,0.0297,0.000127,0.103,0.494,123.988,184104,4
1343493,Nicki Minaj,Super Bass,3hlksXnvbKogFdPbpO9vel,77,2010,dance,0.723,0.86,11,-4.357,1,0.203,0.271,4.56e-06,0.598,0.667,126.979,200013,4
487912,Joel Corry,OUT OUT (feat. Charli XCX & Saweetie),6Dy1jexKYriXAVG6evyUTJ,77,2021,dance,0.787,0.833,8,-4.403,1,0.0478,0.018,0.00747,0.0374,0.796,123.97,162604,4
595143,Skrillex,Rumble,1GfBLbAhZUWdseuDqhocmn,77,2023,edm,0.81,0.836,1,-7.721,0,0.0645,0.0515,0.229,0.0598,0.0585,139.979,146571,4
569210,SZA,Awkward,2xZ0zfuDTv5LxLhEgD82PG,77,2022,pop,0.618,0.474,5,-12.097,1,0.0789,0.182,0.000122,0.108,0.397,119.999,178000,4
541719,Joel Corry,Lionheart (Fearless),5vlzH0ps6WDyb158oFTAb3,77,2022,dance,0.628,0.967,8,-2.43,1,0.0538,0.0217,0.00157,0.336,0.349,125.982,186689,4
574215,Julión Álvarez y su Norteño Banda,Fuentes De Ortiz,3pPzYqVcgUvaPBwUpjc90j,77,2022,sad,0.825,0.481,10,-6.404,1,0.0372,0.392,0.0,0.0971,0.961,119.985,213333,4
487906,Alesso,When I’m Gone (with Katy Perry),5902W4uHWzhtOff1UK7the,77,2021,dance,0.685,0.886,0,-4.179,1,0.034,0.028,0.0,0.481,0.615,125.034,161267,4
432371,Luke Combs,Forever After All,6IBcOGPsniK3Pso1wHIhew,77,2020,country,0.487,0.65,0,-5.195,1,0.0253,0.191,0.0,0.0933,0.456,151.964,232533,4
574210,Junior H,Como Jordan,2q7DY7bBua9e9Aygmz8XmB,77,2022,sad,0.714,0.873,6,-2.39,0,0.0311,0.028,0.0,0.191,0.628,112.503,225152,3
197612,Jesse & Joy,Dueles,1iRvhKiXRElIH2Uf4gd95P,77,2015,pop,0.531,0.834,2,-3.944,1,0.052,0.277,0.0,0.131,0.526,142.026,247640,4
487895,Doja Cat,Ain't Shit,5lAnYvAIkSDNXqfo7DyFUm,77,2021,dance,0.855,0.488,3,-4.601,1,0.208,0.506,0.0,0.347,0.619,124.097,174253,4
515588,Olivia Rodrigo,brutal,6SRsiMl7w1USE4mFqrOhHC,77,2021,pop,0.672,0.526,4,-6.446,1,0.0599,0.0311,1.37e-06,0.28,0.28,123.999,143747,4
595394,Alok,Work With My Love,6PX5CRJFn24G3cypjNO6yw,77,2023,electro,0.618,0.848,6,-4.329,0,0.0574,0.0028,0.000714,0.302,0.639,123.967,150484,4
1097346,Rihanna,SOS,30cSNer6TV8x2utjULVeQ5,77,2006,pop,0.677,0.671,7,-4.905,1,0.0361,0.004,5.07e-05,0.413,0.527,137.046,238920,4
114856,Aaron Smith,Dancin (feat. Luvli) - Krono Remix,6WkJ2OK163XXS2oARUC9JM,77,2014,chicago-house,0.72,0.741,10,-6.529,0,0.0287,0.101,1.41e-05,0.289,0.357,119.896,198053,4
350215,Dean Lewis,Be Alright,3EPXxR3ImUwfayaurPi3cm,77,2018,pop,0.553,0.586,11,-6.319,1,0.0362,0.697,0.0,0.0813,0.443,126.684,196373,4
246925,Tulus,Monokrom,4GfK1qOF3uBWidbPlTCQRL,77,2016,jazz,0.534,0.462,6,-9.383,1,0.0326,0.573,5.59e-06,0.0974,0.519,88.046,214567,4
423458,The Strokes,The Adults Are Talking,5ruzrDWcT0vuJIOMW7gMnW,77,2020,alt-rock,0.593,0.749,5,-5.67,1,0.0475,0.0113,0.106,0.314,0.649,164.959,309053,4
569228,Taylor Swift,"Would've, Could've, Should've",0aV5uARAknQgYhBaK944FP,77,2022,pop,0.483,0.84,7,-6.508,1,0.119,0.43,0.000575,0.146,0.55,157.979,260362,4
1238483,Michael Jackson,Beat It,1OOtq8tRnDM8kG2gqUPjAj,77,2008,pop,0.776,0.867,3,-3.704,0,0.0479,0.0495,7.92e-06,0.197,0.918,138.827,258040,4
1238468,Rihanna,Take A Bow,3goSVuTt3fDYDP6kRnFwuL,77,2008,pop,0.697,0.467,9,-7.536,1,0.0715,0.248,0.0,0.0941,0.572,82.082,229413,4
574195,Grupo Marca Registrada,Solo Me Dejaste,0OLLsFyVPrjI3iL03lDFXk,77,2022,sad,0.609,0.515,7,-9.843,0,0.0486,0.539,0.0839,0.0722,0.853,152.787,186709,3
574194,1nonly,Step Back!,6jdwbcH788txYS6Doy1F1j,77,2022,sad,0.783,0.89,1,-5.995,1,0.2,0.185,0.00417,0.0969,0.437,127.996,150675,4
574193,Grupo Los de la O,Mentiras,3jRZg6U0m9Ir115Wt66ebU,77,2022,sad,0.611,0.723,7,-6.571,1,0.213,0.218,0.0,0.0715,0.669,195.181,234593,3
350205,Khalid,Better,6zeeWid2sgw4lap2jV61PZ,77,2018,pop,0.596,0.552,0,-10.278,0,0.097,0.0765,0.334,0.104,0.112,97.949,229320,4
574171,Ivan Cornejo,La Curiosidad,0hnvQLkV7yOjslEzflJSK4,77,2022,sad,0.626,0.454,3,-8.767,0,0.0392,0.729,0.000442,0.159,0.36,123.351,216000,4
243909,Frank Ocean,Nights,7eqoqGkKwgOaWNNHx90uEZ,77,2016,hip-hop,0.457,0.551,5,-9.36,0,0.167,0.427,1.15e-06,0.113,0.428,89.87,307151,4
560196,JID,Surround Sound (feat. 21 Savage & Baby Tate),1udwFobQ1JoOdWPQrp2b6u,77,2022,hip-hop,0.575,0.56,5,-7.302,1,0.478,0.173,0.0,0.257,0.471,75.956,229938,4
487924,Jason Derulo,Acapulco,3eJH2nAjvNXdmPfBkALiPZ,77,2021,dance,0.774,0.792,10,-4.021,1,0.0523,0.051,0.0,0.155,0.507,122.062,139672,4
569523,G. V. Prakash,Vaa Vaathi,0cgwdBXXlPfXJXWf3wMs32,77,2022,pop-film,0.582,0.504,9,-8.423,0,0.05,0.355,0.0,0.86,0.428,90.899,225381,4
560318,PSY,That That (prod. & feat. SUGA of BTS),7GNRUsU3M4XNDDB9xle5Dz,77,2022,hip-hop,0.905,0.962,4,-3.197,1,0.0856,0.0299,0.0,0.0272,0.906,129.969,174647,4
569439,TINI,La Triple T,7kYbxvrGXv8cmKjkqgqhrw,77,2022,pop,0.801,0.633,11,-2.785,0,0.0777,0.414,0.0,0.27,0.676,92.025,167674,4
560204,Quavo,HOTEL LOBBY (Unc & Phew),4vVjPTApwXZwB2H3mBq3ml,77,2022,hip-hop,0.825,0.649,11,-4.297,1,0.169,0.117,0.0,0.232,0.143,127.978,142657,4
1367730,Gorillaz,Rhinestone Eyes,1foMv2HQwfQ2vntFf9HFeG,77,2010,hip-hop,0.676,0.703,8,-5.815,0,0.0302,0.0869,0.000687,0.0463,0.852,92.761,200173,4
410161,Dayglow,Can I Call You Tonight?,61OJxhoY3Ix50rYVKo8zRK,77,2019,rock,0.641,0.842,9,-7.27,1,0.0292,0.134,0.911,0.419,0.499,129.978,278769,4
560286,Daddy Yankee,X ÚLTIMA VEZ,48AJSd42lXpicsGqcgopof,77,2022,hip-hop,0.812,0.855,7,-3.725,1,0.0554,0.0789,0.000167,0.108,0.573,90.04,192477,4
569373,Maria Becerra,LA NENA DE ARGENTINA,0Dl34Kegtc0y0m0oPhQfiI,77,2022,pop,0.531,0.58,5,-4.688,0,0.188,0.0984,0.000201,0.101,0.887,169.865,151988,4
175407,Alessia Cara,Scars To Your Beautiful,0wI7QkCcs8FUQE1OkXUIqd,77,2015,electro,0.573,0.739,0,-5.74,1,0.129,0.0285,0.0,0.111,0.451,97.085,230240,4
1098037,Andra & The Backbone,Sempurna,2UgCs0i0rNHUH2jKE5NZHE,77,2006,pop,0.358,0.32,4,-9.946,1,0.0308,0.726,0.0,0.105,0.384,115.499,268423,3
175406,blackbear,idfc,3SErMoIKdRELto2OspGs5L,77,2015,electro,0.718,0.422,4,-9.115,0,0.0621,0.0764,0.0,0.17,0.455,144.678,207027,4
350313,Morat,Cuando Nadie Ve,71iAechwVKGu26pahzFL0k,77,2018,pop,0.806,0.778,1,-4.577,0,0.0616,0.133,0.0,0.218,0.84,95.993,219587,4
175402,Melanie Martinez,Pacify Her,360Wr96ywrCQq4kTAJ8Pq6,77,2015,electro,0.576,0.593,9,-6.024,0,0.0306,0.0467,0.000767,0.237,0.373,157.993,220013,4
560442,Bizarrap,"Villano Antillano: Bzrp Music Sessions, Vol. 51",4hceSKjrkDTO0nMKFcb3sj,77,2022,hip-hop,0.82,0.752,1,-7.635,0,0.0648,0.0584,0.00417,0.628,0.423,127.999,187500,4
605560,Karan Aujla,52 Bars,6rFckZb1cuJYzsZiGHgqks,77,2023,hip-hop,0.449,0.779,1,-3.321,0,0.205,0.000898,0.0,0.389,0.433,115.231,214024,3
606474,Måneskin,BABY SAID,2KReCz1L5XkGIBhDncQ5VZ,77,2023,indie-pop,0.622,0.715,6,-4.04,0,0.0323,0.000982,0.0,0.0796,0.607,131.012,164682,4
93568,Lorde,Ribs,2MvvoeRt8NcOXWESkxWn3g,77,2013,pop,0.511,0.472,4,-9.277,1,0.091,0.534,0.614,0.11,0.0399,127.978,258969,4
605199,Oliver Tree,Here We Go Again,3WsbAGQt6HgTj9kg6f466M,77,2023,hip-hop,0.552,0.945,8,-3.771,0,0.0561,0.00676,0.000174,0.0556,0.384,130.011,164541,4
541608,Burna Boy,Alone,0AoBY2Y3qs6dtGgOD6c91N,77,2022,dance,0.6,0.659,4,-7.264,0,0.0542,0.176,0.0,0.111,0.307,89.955,221747,4
598943,MC Rogerinho,085 - Ao Vivo,7Ht57bh2FwiQLwRH9zqESG,77,2023,funk,0.85,0.655,2,-2.891,0,0.0298,0.211,0.0,0.952,0.797,106.031,163584,4
541604,Burna Boy,Last Last,5YbPxJwPfrj7uswNwoF1pJ,77,2022,dance,0.795,0.565,3,-4.457,0,0.0948,0.131,0.0,0.0802,0.55,87.925,172342,4
576566,Diego & Victor Hugo,Beijo de Glicose - Ao Vivo,6gyhp7IcNhTYzwlk8utsgP,77,2022,sertanejo,0.556,0.87,9,-3.738,0,0.101,0.409,0.0,0.896,0.59,100.002,171007,4
605185,NF,MOTTO,3q9PVufz68TRvOao25IMNk,77,2023,hip-hop,0.685,0.882,0,-4.103,0,0.296,0.082,0.0,0.286,0.715,80.283,217272,4
560209,Kendrick Lamar,Die Hard,2g6tReTlM2Akp41g0HaeXN,77,2022,hip-hop,0.775,0.736,1,-8.072,0,0.247,0.319,0.00116,0.127,0.362,100.988,239027,4
507638,Jasleen Royal,"Ranjha (From ""Shershaah"")",72zHuDxFQTjbL51qJQSA7j,77,2021,indian,0.603,0.573,1,-5.843,1,0.0502,0.478,0.0,0.0971,0.236,82.941,228855,4
328652,XXXTENTACION,changes,7AFASza1mXqntmGtbxXprO,77,2018,emo,0.669,0.308,11,-10.068,1,0.029,0.883,0.0,0.0984,0.52,64.934,121887,4
569244,Conan Gray,Family Line,0iNZGC211wst3VjtobNnC5,76,2022,pop,0.326,0.397,6,-8.145,1,0.0461,0.619,0.0,0.0979,0.276,153.713,216095,3
590815,Morgan Wallen,I Deserve A Drink,7u2iWRkkz8GBYFe4apxVBl,76,2023,country,0.475,0.606,5,-4.906,1,0.03,0.0995,0.0171,0.0931,0.303,123.009,206138,3
590816,Morgan Wallen,Me + All Your Reasons,68eDGmSTQgxJde9JTG7b71,76,2023,country,0.504,0.827,5,-5.48,1,0.0375,0.205,0.0,0.355,0.424,146.14,174741,4
590817,Morgan Wallen,Single Than She Was,12BjylmI6NS7ydikIzbuD0,76,2023,country,0.664,0.649,6,-5.946,1,0.0252,0.00761,1.01e-05,0.179,0.68,113.087,158226,4
591104,Jonas Brothers,Wings,4l61TlfmTwxt7PdzEe28rz,76,2023,dance,0.371,0.714,5,-5.455,0,0.145,0.127,0.0,0.12,0.325,181.367,118994,3
931087,Usher,My Boo,68vgtRHr7iZHpzGpon6Jlo,76,2004,dance,0.662,0.507,5,-8.238,1,0.118,0.257,0.0,0.0465,0.676,86.412,223440,4
590814,Kelsea Ballerini,Mountain With A View,2fBvSCdG3lDjImqJvnYtvq,76,2023,country,0.436,0.434,10,-7.153,1,0.0502,0.679,0.0,0.419,0.447,117.836,177920,4
397242,"Tyler, The Creator","GONE, GONE / THANK YOU",1hz7SRTGUNAtIQ46qiNv2p,76,2019,hip-hop,0.518,0.492,10,-8.436,0,0.193,0.216,0.0012,0.146,0.471,78.848,375387,4
1427216,Snoop Dogg,"Young, Wild & Free (feat. Bruno Mars)",5HQVUIKwCEXpe7JIHyY734,76,2011,funk,0.715,0.655,0,-6.425,1,0.137,0.0525,0.0,0.115,0.531,95.078,207333,4
368575,Cigarettes After Sex,Cry,0Qr61NXlyAeQaADO5xn3rI,76,2019,ambient,0.409,0.399,7,-10.456,1,0.0275,0.763,0.654,0.112,0.161,142.823,256800,4
397244,Drake,Money In The Grave (Drake ft. Rick Ross),5ry2OE6R2zPQFDO85XkgRb,76,2019,hip-hop,0.831,0.502,10,-4.045,0,0.046,0.101,0.0,0.122,0.101,100.541,205427,4
590818,Morgan Wallen,F150-50,77kye8TttXpEbvgoiVjZdo,76,2023,country,0.541,0.754,7,-5.453,1,0.0276,0.0653,0.0,0.109,0.37,90.904,191635,4
591105,Meghan Trainor,Mother,69ZzhvHnSSnzMO8SMYEJWb,76,2023,dance,0.751,0.661,9,-6.131,1,0.0871,0.124,0.0,0.456,0.761,120.052,147481,4
328662,6ix9ine,MALA,4epHhc2lvhFYzMlKA23O3G,76,2018,emo,0.72,0.825,5,-3.627,0,0.0424,0.689,0.0,0.103,0.789,100.008,206550,4
591135,Mimi Webb,Red Flags,2r7BOWS3bEYjEUbLiH8kVM,76,2023,dance,0.841,0.65,8,-5.627,1,0.131,0.021,4.15e-06,0.0694,0.748,129.979,141972,4
507429,Shubh,Elevated,2AilvPt1AQ8PixlCKqkjfj,76,2021,hip-hop,0.828,0.533,6,-5.779,0,0.091,0.214,2.8e-05,0.307,0.605,93.021,200659,4
328651,XXXTENTACION,the remedy for a broken heart (why am I so in love),4UKCKdYiLN6IMA5ZESUTL7,76,2018,emo,0.699,0.304,1,-11.192,1,0.0993,0.779,0.000993,0.137,0.271,119.705,160184,4
224476,Calvin Harris,My Way,1vvNmPOiUuyCbgWmtc6yfm,76,2016,dance,0.818,0.913,4,-3.06,0,0.0426,0.093,3.69e-05,0.161,0.536,119.986,219160,4
590813,Morgan Wallen,In The Bible (feat. HARDY),2aw1aEAxMe05MZIS5XiK8U,76,2023,country,0.488,0.806,1,-4.451,1,0.0291,0.0119,6.02e-06,0.111,0.509,77.014,195326,4
551927,Vulgo FK,Meca Cereja,52kcarcX0FQ6wPulXm2bMJ,76,2022,funk,0.711,0.53,9,-7.149,0,0.0736,0.535,1.41e-05,0.0834,0.395,124.161,234194,4
327778,Jeremy Zucker,comethru,18uwL0vNUanqZH0ro2QcOP,76,2018,electro,0.795,0.178,0,-11.991,1,0.0574,0.607,0.0,0.623,0.608,93.982,181613,4
569414,Feid,Le Pido a DIOS,4TFNKnMWjcMWzpkSwQrrcu,76,2022,pop,0.626,0.597,3,-5.094,0,0.0991,0.0167,6.2e-06,0.109,0.883,174.958,165880,4
569452,Feid,Si Te La Encuentras Por Ahí,02jLfqc9gMo8PkHEGHY3OT,76,2022,pop,0.743,0.576,8,-3.552,0,0.076,0.151,5.87e-05,0.128,0.455,171.945,191573,4
271632,Billie Eilish,bellyache,51NFxnQvaosfDDutk0tams,76,2017,electro,0.695,0.573,4,-8.597,0,0.106,0.46,0.0734,0.482,0.408,99.939,179172,4
576573,Matheus & Kauan,Basiquinho - Ao Vivo,2HMbGPbGiqGaHXzFkQAmZI,76,2022,sertanejo,0.504,0.827,1,-2.948,1,0.115,0.353,0.0,0.101,0.737,75.96,164384,4
576568,Bruno & Denner,Cavalo de Pau,74Le949TrZk4zwDjtWzH23,76,2022,sertanejo,0.728,0.707,7,-4.289,1,0.0328,0.332,0.0,0.462,0.657,126.973,164029,4
1201007,Chris Brown,Forever,3NZJlJemX3mzjf56MqC5ML,76,2008,dance,0.672,0.82,11,-4.456,1,0.0459,0.0368,0.000188,0.184,0.438,120.005,278573,4
576567,Henrique & Juliano,Evento Cancelado - Ao Vivo,11fqunD6qlOCrRd88kMOk6,76,2022,sertanejo,0.584,0.592,2,-4.904,0,0.0316,0.505,0.0,0.515,0.395,92.035,183244,3
576563,Gusttavo Lima,Cara da Derrota - Ao Vivo,2bWVxK5GlPtS4D3FcLjGgQ,76,2022,sertanejo,0.778,0.804,7,-4.386,1,0.0412,0.462,0.0,0.834,0.605,122.074,161803,4
174636,Calvin Harris,How Deep Is Your Love,22mek4IiqubGD9ctzxc69s,76,2015,edm,0.738,0.868,11,-4.373,0,0.0731,0.0392,0.00169,0.388,0.336,122.003,212640,4
574218,Peso Pluma,Delivery,1ZxJvq28DUmAFZxt9lU7n6,76,2022,sad,0.699,0.58,11,-6.753,0,0.527,0.283,0.0,0.0926,0.706,83.759,209736,4
1343498,P!nk,Raise Your Glass,1gv4xPanImH17bKZ9rOveR,76,2010,dance,0.7,0.709,7,-5.006,1,0.0838,0.0048,0.0,0.029,0.624,122.019,202960,4
574216,Gerardo Coronel,Te Felicito,5IR7Ecj0Ue1xufcOn6AUP1,76,2022,sad,0.478,0.384,0,-5.03,1,0.0433,0.672,0.0,0.13,0.548,77.022,224524,4
952565,Daddy Yankee,Tu Príncipe,2FNqnsX74ZlwduUAcnmzee,76,2004,hip-hop,0.77,0.804,4,-5.479,1,0.0623,0.16,1e-05,0.193,0.568,94.017,205520,4
401158,Red Velvet,Psycho,3CYH422oy1cZNoo0GTG1TK,76,2019,k-pop,0.664,0.666,8,-2.203,1,0.0446,0.193,0.0,0.0854,0.405,139.987,210560,4
574202,Edgardo Nuñez,Te Amo,2r69ZhXm40bzjGIPdRvaqk,76,2022,sad,0.741,0.542,8,-4.726,1,0.0262,0.368,0.0,0.162,0.763,79.998,193621,5
341744,Travis Scott,5% TINT,11kDth1aKUEUMq9r1pqyds,76,2018,house,0.712,0.481,4,-5.415,0,0.0487,0.173,0.0,0.241,0.062,140.0,196138,4
341745,Travis Scott,CAN'T SAY,27a1mYSG5tYg7dmEjWBcmL,76,2018,house,0.702,0.708,10,-5.366,0,0.0547,0.201,0.0,0.118,0.713,147.98,198408,4
498374,MC Cabelinho,X1,0dcHD9QhnWRA41zoLnC83X,76,2021,funk,0.579,0.804,8,-5.024,1,0.0581,0.457,0.0,0.136,0.546,183.075,188852,3
574197,Fuerza Regida,Modo Maldito,2VmeNiaRsq0Z2gcMcQvHb8,76,2022,sad,0.763,0.767,5,-4.181,0,0.201,0.4,0.0,0.127,0.725,87.502,134624,3
272518,Lil Peep,Save That Shit,64PgpLHuQK3UJ5qZ875Vei,76,2017,emo,0.534,0.583,2,-8.672,1,0.0288,0.0262,0.0,0.421,0.145,106.0,231547,4
569393,Feid,La Pasamos CXBRXN,672zDo2nzWSoIIQ7zD5kuj,76,2022,pop,0.785,0.734,6,-4.686,1,0.0778,0.117,1.13e-06,0.185,0.561,94.049,228640,4
569370,Lasso,Ojos Marrones - Con Sebastián Yatra,2GQclWZHwE4fMdqShvOPWU,76,2022,pop,0.787,0.662,8,-4.285,0,0.0372,0.0648,0.0,0.133,0.79,119.983,198880,4
569358,Piso 21,Los Cachos,5fhcuVxuBWfgNXGuyAtLmr,76,2022,pop,0.774,0.73,0,-3.865,1,0.134,0.108,0.0,0.194,0.421,91.966,212304,4
569263,Harry Styles,Cinema,35TyJIMR3xRouUuo2sjS6v,76,2022,pop,0.829,0.644,9,-7.696,0,0.0427,0.354,0.0511,0.0944,0.896,105.993,243508,4
590812,Morgan Wallen,Keith Whitley,1vcJdUJDM2NVXBsGncmLyh,76,2023,country,0.322,0.693,6,-4.366,1,0.0281,0.0884,0.000316,0.0853,0.228,83.233,187519,4
551913,DJ Cayoo,Sorrisin De Puto,2X5o4nRiocnoaaQ2wMwaeC,76,2022,funk,0.876,0.563,8,-0.797,0,0.239,0.541,0.0,0.348,0.763,86.649,106154,5
288434,BLACKPINK,As If It's Your Last,4ZxOuNHhpyOj4gv52MtQpT,76,2017,k-pop,0.786,0.852,8,-2.687,1,0.0813,0.0687,0.0,0.0759,0.455,125.036,213264,4
551905,MC Cabelinho,MINHA CURA,3YQvZNmRc2y1hgdvustkce,76,2022,funk,0.656,0.393,2,-8.503,0,0.0469,0.831,0.0,0.176,0.817,134.73,154694,4
551885,Ana Castela,Pipoco,7AwVSKaQxpidrtYBerkHKk,76,2022,funk,0.774,0.742,8,-4.178,1,0.0766,0.473,0.000472,0.342,0.736,134.991,194023,4
569246,Harry Styles,Grapejuice,4j6kId9QIqhoXvqHKgSKa0,76,2022,pop,0.645,0.721,5,-4.394,1,0.0336,0.357,0.143,0.204,0.88,182.928,191959,4
397266,Lil Nas X,Old Town Road - Remix,2YpeDb67231RjR0MgVLzsG,76,2019,hip-hop,0.878,0.619,6,-5.56,1,0.102,0.0533,0.0,0.113,0.639,136.041,157067,4
569255,Harry Styles,Daydreaming,69w5X6uTrOaWM32IetSzvO,76,2022,pop,0.707,0.811,4,-5.298,0,0.0304,0.311,0.0152,0.131,0.899,113.971,187342,4
397286,Tainy,Adicto (with Anuel AA & Ozuna),3jbT1Y5MoPwEIpZndDDwVq,76,2019,hip-hop,0.734,0.836,10,-4.803,0,0.0735,0.017,1.64e-05,0.179,0.623,80.002,270741,4
507353,Shubh,We Rollin,6ZYxNjuAU9Vy3VtF6W1dtE,76,2021,hip-hop,0.82,0.504,4,-9.113,0,0.141,0.261,7e-06,0.104,0.275,85.016,199206,4
569356,Manuel Turizo,Éxtasis,2X8AGLwb9F0JzJ9zT27a22,76,2022,pop,0.829,0.747,7,-3.511,1,0.149,0.276,0.0,0.339,0.576,98.03,191607,4
397360,Dave,Location (feat. Burna Boy),3z4CGd63tpUn9a6oQSG0CI,76,2019,hip-hop,0.812,0.496,9,-5.969,0,0.297,0.271,0.0,0.0955,0.55,109.979,241293,4
399065,Strawberry Guy,Mrs Magic,0TZejo18HlJ86OrWNsXKnw,76,2019,indie-pop,0.471,0.634,8,-7.406,1,0.031,0.159,0.365,0.374,0.366,132.542,208500,4
224467,ZAYN,PILLOWTALK,0PDUDa38GO8lMxLCRc4lL1,76,2016,dance,0.584,0.7,11,-4.275,1,0.0456,0.117,0.0,0.0939,0.438,124.944,202747,4
399068,Clairo,Bubble Gum,3zksbXteOCeSusJ5Xltr3t,76,2019,indie-pop,0.509,0.0167,9,-24.639,1,0.115,0.979,2.72e-05,0.387,0.229,207.97,175961,3
399078,Labrinth,Still Don't Know My Name,6N22FZs2ZhPBYi3b9XPajV,76,2019,indie-pop,0.316,0.63,5,-5.963,1,0.117,0.471,0.262,0.205,0.313,89.643,153294,1
399181,Calein,Umaasa,4AULw1VRyJP17zMvwgTIUs,76,2019,indie-pop,0.627,0.433,9,-9.868,1,0.0232,0.295,0.393,0.332,0.353,96.016,335625,4
129470,Indila,Tourner Dans Le Vide,1MqzIgGsHP4cNjPboevsfq,76,2014,french,0.594,0.698,6,-8.645,0,0.0428,0.103,0.0,0.173,0.376,119.991,246093,4
569329,Sech,Foto En Panty,4HehbhlVK81hZT5Yg7QmiR,76,2022,pop,0.823,0.892,4,-5.306,0,0.119,0.176,0.0,0.495,0.785,100.05,174947,4
119681,Rixton,Me And My Broken Heart,1oew3nFNY3vMacJAsvry0S,76,2014,dance,0.545,0.783,5,-4.261,0,0.0345,0.00489,0.0,0.132,0.551,174.084,193733,4
320107,Luke Combs,She Got the Best of Me,698eQRku24PIYPQPHItKlA,76,2018,country,0.533,0.907,11,-3.793,1,0.0406,0.0292,0.0,0.386,0.7,150.99,183160,4
85740,Eminem,Rap God,6or1bKJiZ06IlK0vFvY75k,76,2013,hip-hop,0.708,0.843,7,-2.66,1,0.314,0.397,0.0,0.799,0.625,148.14,363521,4
569220,SZA,F2F,2e2AXpIiJpet5b4qg85Gh6,76,2022,pop,0.533,0.74,2,-5.767,1,0.0359,0.089,2.95e-06,0.337,0.465,89.934,185040,4
140598,Mitski,First Love/Late Spring,3sslYZcFKtUvIEWN9lADgr,76,2014,indie-pop,0.445,0.543,0,-8.196,1,0.0272,0.000825,0.0137,0.202,0.102,99.963,278640,4
340901,Drake,Nice For What,3CA9pLiwRIGtUBiMjbZmRw,76,2018,hip-hop,0.585,0.909,8,-6.474,1,0.0707,0.0891,9.7e-05,0.119,0.758,93.372,210747,4
12121,Flo Rida,Wild Ones (feat. Sia),1NpW5kyvO4XrNJ3rnfcNy3,76,2012,dance,0.608,0.86,5,-5.324,0,0.0554,0.0991,0.0,0.262,0.437,127.075,232947,4
340903,A$AP Rocky,Sundress,2aPTvyE09vUCRwVvj0I8WK,76,2018,hip-hop,0.721,0.707,6,-6.364,1,0.0595,0.181,3.68e-06,0.143,0.743,125.005,158206,4
1254009,Estelle,American Boy,6etwirSInfuJrSOlogS6Sh,76,2008,soul,0.693,0.729,0,-2.99,1,0.378,0.171,0.0,0.07,0.521,117.848,284733,4
12120,Pitbull,Feel This Moment (feat. Christina Aguilera),0Hf4aIJpsN4Os2f0y0VqWl,76,2012,dance,0.673,0.758,7,-3.632,1,0.158,0.039,0.0,0.341,0.542,135.956,229507,4
12119,Train,Drive By,0KAiuUOrLTIkzkpfpn9jb9,76,2012,dance,0.765,0.837,1,-3.113,0,0.032,0.00107,1.06e-05,0.0801,0.721,122.028,195973,4
12117,MARINA,Bubblegum Bitch,6IbnUaczZBT34DhaD6S18F,76,2012,dance,0.495,0.856,0,-5.123,0,0.0311,0.000219,0.0,0.103,0.609,158.024,154667,4
12112,Kesha,Die Young,7EQGXaVSyEDsCWKmUcfpLk,76,2012,dance,0.711,0.7,1,-4.805,0,0.046,0.00498,0.000125,0.215,0.801,128.001,211920,4
744883,Train,Drops of Jupiter (Tell Me),2hKdd3qO7cWr2Jo0Bcs0MA,76,2001,dance,0.481,0.638,0,-5.862,1,0.0276,0.153,0.0,0.154,0.497,79.064,259933,4
175403,Melanie Martinez,Play Date,4DpNNXFMMxQEKl7r0ykkWA,76,2015,electro,0.68,0.729,5,-5.077,1,0.0475,0.612,0.0,0.224,0.446,123.97,179867,4
188814,G-Eazy,"Me, Myself & I",40YcuQysJ0KlGQTeGUosTC,76,2015,hip-hop,0.756,0.674,0,-6.518,0,0.0959,0.0184,0.0,0.158,0.389,111.995,251467,4
553392,Peter Fox,Zukunft Pink (feat. Inéz),4YxZQd3I4rj1nqkXgvpCk4,76,2022,german,0.903,0.719,1,-8.054,1,0.052,0.514,7.67e-05,0.743,0.639,118.036,230829,4
560850,Anirudh Ravichander,Jimikki Ponnu,7fRIo7WyDxXn3r233GCcdL,76,2022,hip-hop,0.751,0.826,5,-7.805,0,0.205,0.588,0.0125,0.104,0.848,176.063,224096,4
188795,$uicideboy$,Paris,6tO5bxNnMuh1c3cziSpecA,76,2015,hip-hop,0.849,0.648,7,-6.188,1,0.0835,0.0706,0.00636,0.0984,0.195,106.058,111020,4
341001,Cosculluela,Madura,5n2XTRsYFlZwNBp06KAjDX,76,2018,hip-hop,0.794,0.546,11,-7.729,1,0.314,0.132,1.58e-06,0.139,0.759,175.96,190996,4
452815,Playboi Carti,ILoveUIHateU,1BpKJw4RZxaFB88NE5uxXf,76,2020,hip-hop,0.684,0.693,4,-6.651,0,0.0339,0.00534,0.0,0.506,0.108,134.988,135122,4
293470,SZA,Love Galore (feat. Travis Scott),0q75NwOoFiARAVp4EXU4Bs,76,2017,pop,0.795,0.594,0,-6.2,1,0.0748,0.112,0.0,0.162,0.409,135.002,275080,4
293472,Khalid,Location,152lZdxL1OR0ZMW6KquMif,76,2017,pop,0.736,0.449,1,-11.462,0,0.425,0.33,0.000162,0.0898,0.326,80.126,219080,4
406377,H.E.R.,Could've Been (feat. Bryson Tiller),6oEVnWKgPqIEPc53OYDNqG,76,2019,pop,0.45,0.352,1,-11.733,0,0.267,0.649,3.8e-06,0.249,0.408,102.679,252747,4
293494,Miley Cyrus,Malibu,1UZOjK1BwmwWU14Erba9CZ,76,2017,pop,0.573,0.781,8,-6.406,1,0.0555,0.0767,2.64e-05,0.0813,0.343,139.934,231907,4
1271981,Jay Sean,Down,6cmm1LMvZdB5zsCwX5BjqE,76,2009,dance,0.727,0.68,2,-4.498,1,0.0286,0.0101,0.0,0.0821,0.728,132.012,212507,4
293519,Ozuna,Se Preparó,1m69ELEgE6k5ZWsap40ozt,76,2017,pop,0.739,0.821,1,-4.233,1,0.0852,0.222,9.6e-06,0.311,0.693,171.077,188080,4
406381,Summer Walker,Playing Games (with Bryson Tiller) - Extended Version,2xyx0o4xNOLLjBSbOOdcbA,76,2019,pop,0.726,0.408,11,-6.606,0,0.0614,0.603,0.0,0.225,0.459,115.918,143227,4
406382,jagger finn,Vas,6S7o12almFeL57rbRvdY5l,76,2019,pop,0.514,0.424,0,-10.645,1,0.0282,0.918,0.849,0.126,0.416,71.114,90324,4
340900,Playboi Carti,R.I.P.,3L0IKstjUgDFVQAbQIRZRv,76,2018,hip-hop,0.725,0.725,8,-6.067,0,0.159,0.0119,0.0,0.086,0.515,140.003,192027,4
771640,System Of A Down,Aerials,4e9eGQYsOiBcftrWXwsVco,76,2001,metal,0.364,0.922,0,-4.217,0,0.0567,0.000915,0.0346,0.0697,0.227,79.342,235053,4
560219,Drake,Sticky,4rmVZajAF7PkrCagGPHbqa,76,2022,hip-hop,0.853,0.495,6,-14.63,1,0.14,0.0917,0.000217,0.0844,0.0774,137.027,243228,4
560206,Kendrick Lamar,Rich Spirit,1QPreu0BNOrUfEb8HTd2qG,76,2022,hip-hop,0.852,0.421,10,-9.153,0,0.208,0.428,2.28e-06,0.106,0.457,95.977,202285,4
85733,J. Cole,Power Trip (feat. Miguel),2uwnP6tZVVmTovzX5ELooy,76,2013,hip-hop,0.667,0.608,1,-7.054,1,0.216,0.324,0.000198,0.426,0.475,99.992,241160,4
243910,Brent Faiyaz,Poison,5NijSs5dAwaIybq1GaRTIe,76,2016,hip-hop,0.689,0.394,2,-10.102,0,0.065,0.711,0.000905,0.0859,0.382,117.489,212992,3
33751,Owl City,Good Time,1kPpge9JDLpcj15qgrPbYX,76,2012,indie-pop,0.56,0.872,3,-4.269,1,0.14,0.0239,6.98e-06,0.371,0.682,126.05,205933,4
243915,Drake,Hotline Bling,0wwPcA6wtMf6HUMpIRdeP7,76,2016,hip-hop,0.891,0.628,2,-7.863,1,0.0551,0.00258,0.00019,0.0504,0.552,134.966,267067,4
263878,Tyler Childers,Feathered Indians,2tgQaL85WoRfgEa4hFQgrE,76,2017,country,0.536,0.574,7,-6.705,1,0.0254,0.75,0.00277,0.105,0.877,87.194,224947,4
487044,Morgan Wallen,Sand In My Boots,0uRrG2jRR5tuifsYIJHEao,76,2021,country,0.403,0.537,3,-6.628,1,0.031,0.59,0.0,0.112,0.414,69.877,202133,4
243952,Arcángel,Tu No Vive Asi (feat. Mambo Kingz & DJ Luian),6NSMQFKgjpQb0KkjMDYIK0,76,2016,hip-hop,0.815,0.514,6,-9.446,0,0.361,0.54,0.0,0.611,0.623,120.054,264000,4
377750,Charlie Puth,Cheating on You,0ClPIeT6MSgfSgQ9ZrJbAq,76,2019,dance,0.749,0.535,4,-6.785,1,0.0336,0.0131,3.65e-05,0.0982,0.601,123.042,196607,4
805047,t.A.T.u.,All The Things She Said,4bJygwUKrRgq1stlNXcgMg,76,2002,dance,0.603,0.834,5,-5.766,0,0.0417,0.0411,0.00609,0.105,0.376,89.957,214440,4
32073,Kendrick Lamar,Swimming Pools (Drank),6REbwUNlppTfcnV4d4ZoZi,76,2012,hip-hop,0.577,0.447,8,-5.892,1,0.277,0.00627,0.00022,0.0899,0.189,74.236,247800,4
32072,Frank Ocean,Thinkin Bout You,7DfFc7a6Rwfi3YQMRbDMau,76,2012,hip-hop,0.721,0.339,0,-11.195,1,0.0532,0.409,0.00153,0.0973,0.2,129.83,200747,4
487899,Bruno Mars,Smokin Out The Window,3xVZYkcuWalGudeKl861wb,76,2021,dance,0.627,0.618,2,-8.529,1,0.0437,0.0558,0.0,0.351,0.848,82.03,197443,4
487905,Becky Hill,Remember,4laAKIq9ZxBCwf99rauPYb,76,2021,dance,0.612,0.862,8,-2.903,1,0.037,0.041,0.0,0.0907,0.354,123.849,160766,4
12127,P!nk,Try,1jF7IL57ayN4Ity3jQqGu0,76,2012,dance,0.674,0.628,2,-7.079,1,0.03,0.00144,0.0,0.0944,0.552,103.998,247907,4
264793,Zara Larsson,Lush Life,1rIKgCH4H52lrvDcz50hS8,76,2017,dance,0.694,0.712,7,-3.923,0,0.046,0.132,0.0,0.211,0.799,98.023,201122,4
487910,Galantis,Heartbreak Anthem (with David Guetta & Little Mix),5K6Ssv4Z3zRvxt0P6EKUAP,76,2021,dance,0.595,0.784,1,-4.878,1,0.102,0.216,0.0,0.0608,0.479,124.111,183726,4
264799,Shakira,Chantaje (feat. Maluma),6mICuAdrwEjh6Y6lroV2Kg,76,2017,dance,0.852,0.773,8,-2.921,0,0.0776,0.187,3.05e-05,0.159,0.907,102.034,195840,4
12125,Flo Rida,Whistle,3bC1ahPIYt1btJzSSEyyrF,76,2012,dance,0.747,0.937,0,-5.746,1,0.0453,0.0208,0.0,0.29,0.739,103.976,224653,4
264805,Martin Garrix,Scared to Be Lonely,3ebXMykcMXOcLeJ9xZ17XH,76,2017,dance,0.584,0.54,1,-7.786,0,0.0576,0.0895,0.0,0.261,0.195,137.972,220883,4
560197,Drake,Broke Boys,45pUWUeEWGoSdH6UF162G8,76,2022,hip-hop,0.642,0.533,2,-7.45,1,0.266,0.0104,0.000108,0.251,0.112,120.041,225439,4
796902,Audioslave,Like a Stone,3YuaBvuZqcwN3CEAyyoaei,76,2002,alt-rock,0.614,0.568,7,-5.477,0,0.0276,0.00797,0.0,0.0997,0.516,107.849,293960,4
12123,Macklemore & Ryan Lewis,Thrift Shop (feat. Wanz),6CjtS2JZH9RkDz5UVInsa9,76,2012,dance,0.781,0.526,6,-6.986,0,0.293,0.0633,0.0,0.0457,0.665,94.993,235613,4
560205,Drake,Privileged Rappers,7l2nxyx7IkBX5orhkALg0V,76,2022,hip-hop,0.934,0.614,5,-7.384,1,0.198,0.00274,0.0,0.123,0.616,144.045,160821,4
560644,AP Dhillon,Summer High,1aL9518P5G72N92b48tuKw,76,2022,hip-hop,0.86,0.541,1,-6.51,0,0.0325,0.165,0.163,0.0663,0.952,114.984,177391,4
406388,Taylor Swift,You Need To Calm Down,6RRNNciQGZEXnqk8SQ9yv5,76,2019,pop,0.771,0.671,2,-5.617,1,0.0553,0.00929,0.0,0.0637,0.714,85.026,171360,4
462019,Taylor Swift,willow,0lx2cLdOt3piJbcaXIV74f,76,2020,pop,0.392,0.574,7,-9.195,1,0.17,0.833,0.00179,0.145,0.529,81.112,214707,4
606476,Måneskin,GOSSIP (feat. Tom Morello),44Xyja7xYPlVC6v2CeweSi,76,2023,indie-pop,0.704,0.819,9,-2.974,1,0.0626,0.00176,0.0,0.094,0.914,139.921,168280,4
612544,Miley Cyrus,Wildcard,1rpfEeYbtYDcnLWSBZBmNH,76,2023,pop,0.723,0.676,6,-6.266,0,0.0505,0.116,0.135,0.109,0.232,109.997,193120,4
612543,Miley Cyrus,Handstand,6fcZVY3WjwKxVKlKFu84rF,76,2023,pop,0.414,0.881,10,-5.826,0,0.239,0.089,0.000149,0.0868,0.24,183.925,205240,4
77595,Arctic Monkeys,Arabella,7nzsY8vlnKdvGOEE0rjAXZ,76,2013,garage,0.579,0.558,2,-6.986,1,0.0895,0.0202,1.26e-06,0.212,0.506,179.949,207357,4
564152,BLACKPINK,Shut Down,0ARKW62l9uWIDYMZTUmJHF,76,2022,k-pop,0.82,0.686,0,-5.102,1,0.038,0.00412,0.0,0.184,0.668,110.058,175889,3
564154,Stray Kids,MANIAC,63irPUP3xB74fHdw1Aw9zR,76,2022,k-pop,0.581,0.8,1,-2.613,1,0.411,0.154,0.0,0.0697,0.709,119.872,182758,5
564155,BLACKPINK,Typa Girl,0L8LOav65XwLjCLS11gNPD,76,2022,k-pop,0.915,0.621,7,-6.519,1,0.1,0.0745,0.0,0.628,0.527,131.984,179173,4
564159,NMIXX,DICE,1QpwvWMQGdOgA8MXXfgs4H,76,2022,k-pop,0.556,0.798,7,-3.331,1,0.254,0.0848,0.0,0.33,0.628,131.096,165747,4
564160,NAYEON,POP!,3lOMJTQTd6J34faYwASc33,76,2022,k-pop,0.795,0.859,2,-2.994,1,0.0542,0.0361,0.0,0.0321,0.356,96.986,168107,4
564163,ITZY,Cheshire,7ixVW7RobslvMrvlzHYLha,76,2022,k-pop,0.79,0.838,7,-3.183,1,0.0501,0.332,7.07e-06,0.357,0.738,98.966,182453,4
608241,TOMORROW X TOGETHER,Devil by the Window,53H3sGmqiXWO4MwuZAJfyn,76,2023,k-pop,0.536,0.596,6,-5.799,0,0.0984,0.0592,6.6e-06,0.116,0.643,133.995,186471,4
564169,NCT DREAM,Candy,27bIik73QCu8Xzt3xpG1bI,76,2022,k-pop,0.65,0.964,1,-1.329,1,0.0348,0.0538,0.0,0.245,0.836,120.008,217067,4
605264,Justin Quiles,Whiskey y Coco,0otoSS2m3QjbDLzsHMobgK,76,2023,hip-hop,0.755,0.768,8,-4.032,1,0.145,0.112,6.49e-06,0.203,0.617,176.006,186477,4
406389,Rex Orange County,Pluto Projector,4EWBhKf1fOFnyMtUzACXEc,76,2019,pop,0.379,0.219,5,-11.196,1,0.0307,0.707,0.000691,0.118,0.188,79.786,267520,4
605188,The Kid LAROI,I GUESS IT'S LOVE?,0zotwiNo16aaUg76C4Fgl5,76,2023,hip-hop,0.595,0.823,7,-6.448,1,0.0566,0.0662,0.0,0.569,0.435,155.005,170388,4
390040,AnnenMayKantereit,Tom's Diner,0oA9wBGDY4uyILLg4GymWP,76,2019,german,0.68,0.428,6,-8.107,0,0.135,0.376,0.000344,0.355,0.334,98.222,269333,4
564963,Bad Omens,Just Pretend,1H4Y9uW4N0LsxJUz0VnaPJ,76,2022,metal,0.457,0.834,5,-4.674,0,0.0817,0.00252,0.00125,0.1,0.201,140.032,204677,4
402043,Falling In Reverse,Popular Monster,4GssB27iJeqmfGxS94Tfij,76,2019,metal,0.461,0.897,3,-3.982,0,0.092,0.00821,0.0,0.0965,0.358,165.107,220537,4
245684,Ricky Montgomery,Mr Loverman,2IVsRhKrx8hlQBOWy4qebo,76,2016,indie-pop,0.639,0.526,0,-6.697,1,0.0256,0.245,2.43e-05,0.25,0.488,130.033,216880,3
462008,Taylor Swift,champagne problems,0sY6ZUTh4yoctD8VIXz339,76,2020,pop,0.462,0.24,0,-12.077,1,0.0377,0.92,0.0,0.113,0.32,171.319,244000,4
462009,THE ANXIETY,Meet Me At Our Spot,07MDkzWARZaLEdKxo6yArG,76,2020,pop,0.773,0.47,2,-7.93,1,0.0299,0.0153,0.000193,0.0851,0.399,94.995,162680,4
432370,Chris Stapleton,You Should Probably Leave,2UikqkwBv7aIvlixeVXHWt,76,2020,country,0.602,0.477,9,-8.425,1,0.032,0.268,3.1e-05,0.173,0.552,183.89,213493,4
569214,SZA,SOS,5xMw6qCcpd2gBXPGTegC4W,76,2022,pop,0.507,0.657,7,-7.356,0,0.233,0.669,6.97e-06,0.0947,0.506,119.159,117773,1
569216,SZA,Used (feat. Don Toliver),1TweDM3JC49LNeelLVg3yX,76,2022,pop,0.734,0.689,10,-6.454,0,0.0871,0.532,8.47e-05,0.322,0.705,149.579,70160,4
462018,Tate McRae,that way,7l97ElWmIdVHWUaOeeU5ZC,76,2020,pop,0.453,0.383,0,-11.015,1,0.163,0.728,0.0,0.387,0.333,105.029,175027,4
612545,Miley Cyrus,Island,0lJrPatloYarTbsKciShJu,76,2023,pop,0.657,0.784,8,-6.374,1,0.0422,0.336,0.000671,0.673,0.772,81.975,239573,4
612608,Feid,REMIX EXCLUSIVO,3eqCJfgJJs8iKx49KO12s3,76,2023,pop,0.651,0.557,5,-5.466,0,0.204,0.0358,0.0,0.154,0.711,87.063,206947,4
612614,Rauw Alejandro,DE CAROLINA,6J3kt4eAqRffh5lBuHJJSO,76,2023,pop,0.795,0.958,7,-1.674,1,0.116,0.17,1.34e-06,0.251,0.927,110.977,181622,4
376748,Tyler Childers,All Your'n,0fCwTrRNfoNk962ati8n2K,76,2019,country,0.585,0.55,11,-7.342,1,0.0255,0.408,3.97e-05,0.115,0.839,78.176,218280,4
321027,Ariana Grande,no tears left to cry,2qT1uLXPVPzGgFOx4jtEuo,76,2018,dance,0.699,0.713,9,-5.507,0,0.0594,0.04,3.11e-06,0.294,0.354,121.993,205920,4
406395,Harry Styles,Fine Line,6VzcQuzTNTMFnJ6rBSaLH9,76,2019,pop,0.306,0.347,2,-8.5,1,0.0334,0.172,0.00013,0.0485,0.0511,120.996,377960,4
433243,MEDUZA,Paradise (feat. Dermot Kennedy),6ft4hAq6yde8jPZY2i5zLr,76,2020,dance,0.632,0.595,8,-7.644,0,0.0401,0.0689,0.0,0.209,0.435,124.114,167903,4
406401,Tones And I,Dance Monkey,2XU0oxnq2qxCpomAAuJY8K,76,2019,pop,0.824,0.588,6,-6.4,0,0.0924,0.692,0.000104,0.149,0.513,98.027,209438,4
406403,Olivia Rodrigo,"All I Want - From ""High School Musical: The Musical: The Series""",4Yxc55NX3tAXC2mHRAhtcW,76,2019,pop,0.376,0.43,0,-6.585,0,0.0328,0.0902,0.0,0.0912,0.129,77.599,177323,3
433236,Dua Lipa,Physical,3AzjcOeAmA57TIOr9zF1ZW,76,2020,dance,0.647,0.844,0,-3.756,1,0.0457,0.0137,0.000658,0.102,0.746,146.967,193829,4
433232,Dua Lipa,Break My Heart,017PF4Q3l4DBUiWoXk4OWT,76,2020,dance,0.73,0.729,4,-3.434,0,0.0884,0.167,1.39e-06,0.349,0.467,113.011,221820,4
433227,Ava Max,My Head & My Heart,1KixkQVDUHggZMU9dUobgm,76,2020,dance,0.614,0.934,9,-3.709,0,0.07,0.0697,0.0,0.121,0.436,116.001,174760,4
377676,5 Seconds of Summer,Teeth,26wLOs3ZuHJa2Ihhx6QIE6,76,2019,dance,0.756,0.448,3,-2.993,0,0.0404,0.0508,3.87e-06,0.11,0.431,139.031,204887,4
433217,Chris Brown,Go Crazy,1IIKrJVP1C9N7iPtG6eOsK,76,2020,dance,0.755,0.578,0,-8.932,0,0.145,0.316,0.0,0.25,0.581,94.148,176960,4
377669,Doja Cat,Say So,3Dv1eDb0MEgF93GpLXlucZ,76,2019,dance,0.787,0.673,11,-4.583,0,0.159,0.264,3.35e-06,0.0904,0.779,110.962,237893,4
623702,Toploader,Dancing in the Moonlight,3Fzlg5r1IjhLk2qRw667od,76,2000,alt-rock,0.632,0.856,10,-3.463,1,0.0348,0.0624,0.0,0.347,0.867,119.397,232693,4
321052,Ellie Goulding,Love Me Like You Do,0Cy7wt6IlRfBPHXXjmZbcP,76,2018,dance,0.489,0.597,5,-6.633,0,0.0292,0.27,0.0,0.105,0.324,95.012,253520,4
456852,BTS,Life Goes On,5FVbvttjEvQ8r2BgUcJgNg,76,2020,k-pop,0.566,0.716,1,-5.733,1,0.0424,0.00691,0.0,0.37,0.45,81.068,207481,4
406415,JP Saxe,If the World Was Ending (feat. Julia Michaels),2kJwzbxV2ppxnQoYw4GLBZ,76,2019,pop,0.464,0.473,1,-10.086,1,0.129,0.866,0.0,0.109,0.604,75.801,208687,4
341386,Duki,She Don't Give a Fo,03a359wbiUsjN9h6yzXvmS,76,2018,hip-hop,0.854,0.556,1,-4.49,1,0.14,0.345,0.0,0.165,0.342,119.938,209531,4
617265,Hugo & Guilherme,Metade De Mim - Ao Vivo,6cZqw8wIrMsFxCNMzLRbNU,76,2023,sertanejo,0.633,0.862,0,-5.206,0,0.0804,0.297,0.0,0.746,0.465,141.981,160836,4
617263,Guilherme & Santiago,Se Ele Soubesse - Ao Vivo Em Goiânia / 2022,2zDwJnP9n9yCUyfiLIwkDM,76,2023,sertanejo,0.255,0.672,0,-5.065,1,0.0462,0.707,0.0,0.787,0.502,199.048,170107,4
406435,Ed Sheeran,I Don't Care (with Justin Bieber),3HVWdVOQ0ZA45FuZGSfvns,76,2019,pop,0.798,0.675,6,-5.041,1,0.0442,0.0912,0.0,0.0894,0.842,101.956,219947,4
615633,miguel cornejo,La Bolsa Gucci,7KBTLsYW2sI42vdlVP079C,76,2023,sad,0.685,0.808,1,-4.124,0,0.0762,0.326,0.0,0.373,0.869,141.988,136121,3
376749,Luke Combs,Beer Never Broke My Heart,7aEtlGHoiPAfRB084NiDmx,76,2019,country,0.538,0.863,1,-4.483,1,0.0481,0.0139,0.0,0.0874,0.637,77.001,186733,4
561988,New West,Those Eyes - Sped Up,6XDBohkvajOwoqr8jHPjzQ,76,2022,indie-pop,0.495,0.406,9,-6.657,1,0.0264,0.687,0.000184,0.32,0.286,157.881,167658,3
1370442,Roar,Christmas Kids,40gk32E7YaTFoQwDIWv2SY,76,2010,indie-pop,0.425,0.754,2,-6.028,1,0.0367,0.0104,0.112,0.438,0.558,152.092,135693,4
329900,Hal,L,5zsVcDTZEKISPTCLYiTdwb,76,2018,folk,0.656,0.364,2,-6.877,1,0.0325,0.834,7.67e-05,0.0982,0.487,152.959,220852,4
498345,Anitta,Envolver,3IAfUEeaXRX9s9UdKOJrFI,76,2021,funk,0.812,0.736,4,-5.421,0,0.0833,0.152,0.00254,0.0914,0.396,91.993,193806,4
506708,Russ,3:15 (Breathe),0dGqP4VickYjtIaB5VOt4H,76,2021,hip-hop,0.451,0.627,8,-4.59,1,0.127,0.591,0.00958,0.118,0.77,74.69,184000,4
515724,LAGOS,Mónaco,3HgvO4B5LLmdPOT2d8cSZd,76,2021,pop,0.699,0.654,11,-6.264,1,0.0383,0.054,7.08e-06,0.095,0.319,100.037,192313,4
541692,Topic,Kernkraft 400 (A Better Day),3kcKlOkQQEPVwxwljbGJ5p,76,2022,dance,0.623,0.727,11,-5.57,0,0.0562,0.184,2.02e-05,0.309,0.4,125.975,165800,4
515582,Summer Walker,No Love (with SZA),08SB2OtZkaliju77WYEKxk,76,2021,pop,0.707,0.618,1,-5.825,0,0.19,0.17,0.0,0.293,0.517,133.876,231498,4
59168,Cage The Elephant,Cigarette Daydreams,2tznHmp70DxMyr2XhWLOW0,76,2013,blues,0.636,0.676,2,-3.442,1,0.0263,0.0807,0.0,0.0831,0.273,113.98,208760,4
541602,Selena Gomez,My Mind & Me,0XER3HPMx223xWaAgNKp4Y,76,2022,dance,0.6,0.389,9,-5.727,1,0.0337,0.566,0.0,0.0826,0.244,143.577,147597,4
284826,Frank Ocean,Chanel,6Nle9hKrkL1wQpwNfEkxjh,76,2017,hip-hop,0.776,0.503,0,-5.732,0,0.237,0.874,0.0,0.112,0.473,110.134,210285,4
515606,Amaarae,SAD GIRLZ LUV MONEY Remix (feat. Kali Uchis and Moliy),09gysnJpfQ3ublBmJDfcEC,76,2021,pop,0.87,0.523,1,-8.052,0,0.0602,0.433,2.07e-05,0.113,0.319,110.02,204764,4
472580,Vaundy,怪獣の花唄,10zz9RZt9DnqcxNWksRNrx,76,2020,soul,0.425,0.939,2,-3.498,1,0.054,0.00361,0.0,0.331,0.638,150.015,224806,4
146275,OneRepublic,Counting Stars,6sy3LkhNFjJWlaeSMNwQ62,76,2014,piano,0.664,0.705,1,-4.972,0,0.0382,0.0654,0.0,0.115,0.477,122.017,257840,4
995868,Shakira,La Tortura (feat. Alejandro Sanz),5BSclXJTa9B0iURhUjZo50,76,2005,dance,0.74,0.783,0,-5.367,1,0.0427,0.0297,0.000308,0.123,0.812,100.011,212893,4
284859,G-Eazy,Him & I (with Halsey),5k38wzpLb15YgncyWdTZE4,76,2017,hip-hop,0.589,0.731,2,-6.343,1,0.0868,0.0534,0.0,0.308,0.191,87.908,268867,4
415109,Pamungkas,To the Bone,3pCt2wRdBDa2kCisIdHWgF,76,2019,singer-songwriter,0.668,0.727,7,-6.55,0,0.027,0.514,1.9e-05,0.1,0.939,139.991,344571,4
284828,21 Savage,Bank Account,5eqK0tbzUPo2SoeZsov04s,76,2017,hip-hop,0.884,0.347,8,-8.227,0,0.35,0.015,7e-06,0.0871,0.376,75.016,220307,4
515721,Sebastian Yatra,Tacones Rojos,0Be7sopyKMv8Y8npsUkax2,76,2021,pop,0.748,0.856,11,-3.517,0,0.0348,0.0824,0.0,0.142,0.927,123.031,189320,4
541607,Martin Garrix,Hero,4Wu62DoQg1ECGlDKDfo30R,76,2022,dance,0.534,0.696,9,-5.211,0,0.0694,0.316,0.0,0.248,0.251,168.149,160714,4
549417,Chance Peña,In My Room,7CiDwKE62N6ey3LyG6s7xc,76,2022,folk,0.408,0.338,4,-13.626,1,0.0431,0.521,0.000639,0.0732,0.1,133.943,177609,3
506723,Oliver Tree,Life Goes On,0eu4C55hL6x29mmeAjytzC,76,2021,hip-hop,0.7,0.49,0,-5.187,1,0.076,0.186,0.0,0.117,0.569,79.982,161803,4
506688,Drake,Way 2 Sexy (with Future & Young Thug),0k1WUmIRnG3xU6fvvDVfRG,76,2021,hip-hop,0.803,0.597,11,-6.035,0,0.141,0.000619,4.5e-06,0.323,0.331,136.008,257605,4
541618,Lady Gaga,Hold My Hand,0oWraSo5ASJ0h1BEagTyEw,76,2022,dance,0.519,0.617,7,-4.287,1,0.0313,0.0387,0.0,0.401,0.222,147.708,225300,3
466592,1nonly,Stay With Me,2WYs5LxOZfEyURXu7V0O1a,76,2020,sad,0.684,0.844,9,-7.649,1,0.335,0.302,0.0,0.374,0.335,126.677,141505,5
1161276,Linkin Park,Bleed It Out,0UFDKFqW2oGspYeYqo9wjA,76,2007,metal,0.529,0.967,1,-3.647,0,0.0508,0.114,0.0,0.61,0.596,140.127,166373,4
506686,Baby Keem,16,1Is8hGpkGMiePASAxBluxM,76,2021,hip-hop,0.701,0.782,1,-4.987,1,0.138,0.0918,2.31e-06,0.124,0.57,94.03,156040,4
40352,Alicia Keys,Girl on Fire,4esOae7i4rqTbAu9o5Pxco,76,2012,pop,0.482,0.706,9,-5.762,1,0.0607,0.135,0.00106,0.105,0.144,92.513,224920,4
350319,Morat,Besos En Guerra,1mlGScrDQqHqmhdIqE8MmA,76,2018,pop,0.69,0.973,2,-3.588,1,0.0492,0.126,0.0,0.101,0.772,143.957,231533,4
40355,Taylor Swift,I Knew You Were Trouble.,6FB3v4YcR57y4tXFcdxI1E,76,2012,pop,0.622,0.469,3,-6.798,0,0.0363,0.00454,2.25e-06,0.0335,0.679,77.019,219720,4
540777,Zach Bryan,"Burn, Burn, Burn",5jfhLCSIFUO4ndzNRh4w4G,76,2022,country,0.508,0.296,3,-10.513,1,0.0755,0.897,5e-05,0.11,0.134,82.532,268856,4
40359,Adele,Skyfall,6VObnIkLVruX4UVyxWhlqm,76,2012,pop,0.346,0.552,0,-6.864,0,0.0282,0.417,0.0,0.114,0.0789,75.881,286480,4
515611,Benson Boone,GHOST TOWN,135Lf4Q0CzlMNfOxbEUsLH,76,2021,pop,0.391,0.335,0,-10.064,1,0.0763,0.389,0.0,0.102,0.116,174.185,193733,3
540776,Megan Moroney,Tennessee Orange,3fl4zil6HJ0N1FL3YIRwdC,76,2022,country,0.38,0.488,9,-6.637,1,0.029,0.126,7.23e-06,0.115,0.268,156.031,223120,3
341884,Anuv Jain,Baarishein,5iCY0TXNImK4hyKfcplQsg,76,2018,indian,0.475,0.124,2,-9.463,1,0.0444,0.926,0.0,0.0972,0.19,94.42,207310,4
1004479,Fall Out Boy,"Sugar, We're Goin Down",2TfSHkHiFO4gRztVIkggkE,76,2005,emo,0.494,0.842,7,-4.784,1,0.0843,0.00579,0.0,0.122,0.574,162.011,229093,4
541628,Swedish House Mafia,Heaven Takes You Home (feat. Connie Constance),3nEHrvNNtgLv9rneTAYVr4,76,2022,dance,0.665,0.738,0,-5.931,0,0.0379,0.0124,0.00598,0.0923,0.0389,125.037,214071,4
540775,Cole Swindell,She Had Me At Heads Carolina,200x8ONbPfFzByUr3fVz46,76,2022,country,0.607,0.912,8,-3.449,1,0.0611,0.124,0.0,0.332,0.722,134.944,206107,4
65399,Darius Rucker,Wagon Wheel,3xdjjKMcMOFgo1eQrfbogM,76,2013,country,0.537,0.66,9,-7.174,1,0.0296,0.455,0.0,0.135,0.574,148.096,298373,4
510745,LISA,MONEY,7hU3IHwjX150XLoTVmjD0q,76,2021,k-pop,0.831,0.554,1,-9.998,0,0.218,0.161,6.12e-05,0.152,0.396,140.026,168228,4
1018093,Aventura,Ella Y Yo - Featuring Don Omar,6G4U9avyBNEfP0fAIduev3,76,2005,hip-hop,0.732,0.708,9,-7.905,0,0.262,0.534,0.0,0.237,0.717,175.924,267787,4
515634,NIKI,Every Summertime,68HocO7fx9z0MgDU0ZPHro,76,2021,pop,0.628,0.676,6,-4.227,1,0.0424,0.393,6.94e-05,0.0978,0.723,78.996,215687,4
66275,Demi Lovato,Heart Attack,1V6gIisPpYqgFeWbMLI0bA,76,2013,dance,0.504,0.785,8,-4.802,1,0.104,0.0738,0.0,0.239,0.502,173.968,210840,4
1018085,50 Cent,Just A Lil Bit,4nva9EpKntUTs6CRSGBCn9,76,2005,hip-hop,0.489,0.692,1,-6.672,1,0.41,0.0322,0.00608,0.315,0.527,96.946,237707,4
541714,Danna Paola,XT4S1S,7dMTCS9BLzBqYTlAuHP8TM,76,2022,dance,0.797,0.677,9,-4.163,0,0.0857,0.101,0.0,0.441,0.919,130.034,219320,4
510751,IVE,ELEVEN,7n2FZQsaLb7ZRfRPfEeIvr,76,2021,k-pop,0.828,0.731,9,-3.033,1,0.111,0.0617,0.0,0.048,0.587,119.978,178453,4
146765,Taylor Swift,Blank Space,1p80LdxRV74UKvL8gnD7ky,76,2014,pop,0.753,0.678,5,-5.421,1,0.0644,0.085,1.64e-06,0.13,0.583,96.006,231827,4
510752,BTS,Permission to Dance,3XYRV7ZSHqIRDG87DKTtry,76,2021,k-pop,0.702,0.741,9,-5.33,1,0.0427,0.00544,0.0,0.337,0.646,124.925,187585,4
66271,Justin Timberlake,Mirrors,4rHZZAmHpZrA3iH5zx8frV,76,2013,dance,0.574,0.512,5,-6.664,0,0.0503,0.234,0.0,0.0946,0.512,76.899,484147,4
541593,Beyoncé,ALIEN SUPERSTAR,1Hohk6AufHZOrrhMXZppax,76,2022,dance,0.545,0.641,10,-6.398,0,0.0998,0.00453,6.59e-05,0.171,0.464,121.892,215460,4
66279,will.i.am,Scream & Shout,2iJuuzV8P9Yz0VSurttIV5,76,2013,dance,0.772,0.685,5,-6.849,1,0.0696,0.019,8.96e-05,0.131,0.501,130.033,283400,4
1062603,Ne-Yo,So Sick,6brl7bwOHmGFkNw3MBqssT,76,2006,dance,0.452,0.574,6,-8.336,1,0.31,0.246,0.0,0.189,0.58,92.791,207187,4
515592,Eyedress,Something About You,6RiiSy9GzSwiyDEJDiMuKe,76,2021,pop,0.648,0.781,9,-8.736,0,0.0271,0.0332,0.013,0.305,0.822,133.417,153313,4
350208,Summer Walker,Deep,3LfHBTYZBTqmz43tvVXJBd,76,2018,pop,0.646,0.335,3,-9.915,0,0.247,0.626,1.3e-05,0.107,0.419,167.927,92093,4
344857,BTS,Euphoria,5YMXGBD6vcYP7IolemyLtK,76,2018,k-pop,0.637,0.799,2,-4.518,1,0.0338,0.394,0.0,0.0921,0.57,104.996,228615,4
515643,Shawn Mendes,It'll Be Okay,2KnLkZ3z7PO3kgVGHGqDpD,76,2021,pop,0.398,0.286,7,-11.881,1,0.033,0.616,0.000146,0.0912,0.0666,78.262,222800,4
541595,Beyoncé,BREAK MY SOUL,5pyoxDZ1PX0KxBxiRVxA4U,76,2022,dance,0.693,0.887,1,-5.039,0,0.0795,0.0581,2.71e-06,0.27,0.864,114.942,278282,4
197558,Coldplay,Adventure of a Lifetime,69uxyAqqPIsUyTO8txoP2M,76,2015,pop,0.638,0.924,7,-3.887,1,0.036,0.00205,0.000175,0.149,0.53,111.995,263787,4
1024535,System Of A Down,Lonely Day,1VNWaY3uNfoeWqb5U8x2QX,76,2005,metal,0.47,0.796,8,-3.277,0,0.0336,0.362,1.1e-06,0.133,0.215,113.108,167907,3
515585,Drake,Yebba’s Heartbreak,1PDP7mLiAMwhfmgIwzhOm2,76,2021,pop,0.476,0.161,8,-11.665,0,0.0407,0.967,0.0381,0.109,0.0908,119.614,133763,4
350206,Kali Uchis,Dead To Me,6LOZws7T3jqZz78unPgFF9,76,2018,pop,0.675,0.761,4,-4.469,0,0.0466,0.432,0.0,0.102,0.428,119.001,199506,4
931089,Natasha Bedingfield,Unwritten,3U5JVgI2x4rDyHGObzJfNf,75,2004,dance,0.706,0.8,5,-6.333,1,0.0399,0.00584,0.0,0.0822,0.629,100.011,259333,4
1084457,La Factoria,Perdóname,6yLqoieklk9gwabLaUDJ4s,75,2006,hip-hop,0.67,0.821,9,-5.868,0,0.0334,0.251,0.0,0.199,0.384,94.983,242390,4
805042,Justin Timberlake,Rock Your Body,1AWQoqb9bSvzTjaLralEkT,75,2002,dance,0.892,0.714,4,-6.055,0,0.141,0.201,0.000234,0.0521,0.817,100.972,267267,4
89876,Avenged Sevenfold,Hail to the King,5anCkDvJ17aznvK5TED5uo,75,2013,metal,0.58,0.916,3,-4.358,0,0.0387,0.000297,0.0259,0.126,0.683,118.004,305907,4
1084454,Don Omar,Salió El Sol,48NXpYRuvv9izul4oXhqS9,75,2006,hip-hop,0.887,0.701,4,-5.892,0,0.0873,0.106,0.00948,0.0466,0.965,110.002,315293,4
515602,Taylor Swift,Love Story (Taylor’s Version),3CeCwYWvdfXbZLXFhBrbnf,75,2021,pop,0.626,0.79,2,-4.302,1,0.0311,0.135,3.97e-06,0.0989,0.416,119.082,235767,4
146796,Nico & Vinz,Am I Wrong,1fidCEsYlaVE3pHwKCvpFZ,75,2014,pop,0.729,0.675,8,-6.003,1,0.0312,0.175,1.58e-06,0.55,0.779,119.968,245867,4
563990,Tulus,Interaksi,32Pdf9eyXDEMoClEJW6yYP,75,2022,jazz,0.464,0.344,9,-8.302,1,0.033,0.778,1.23e-06,0.132,0.751,177.713,170000,4
612558,Kali Uchis,Fantasy (feat. Don Toliver),1dvqHhLNccePPBHq11TW7v,75,2023,pop,0.641,0.684,10,-6.119,0,0.0476,0.129,0.000288,0.141,0.188,104.036,178275,4
190725,Cavetown,Devil Town,0vf2eBw2inhl8y61cYQMv2,75,2015,indie-pop,0.576,0.759,3,-8.165,1,0.0599,0.12,0.0,0.121,0.501,99.969,179955,4
612622,Sam Smith,Who We Love (feat. Ed Sheeran),16axxBqfSvis8mjhrLHWeH,75,2023,pop,0.568,0.289,11,-8.973,1,0.0395,0.858,0.0,0.0943,0.338,140.122,162390,4
162918,X Ambassadors,Renegades,0fYVliAYKHuPmECRs1pbRf,75,2015,alt-rock,0.526,0.862,2,-6.003,1,0.0905,0.0144,0.0597,0.229,0.528,90.052,195200,4
162917,The Neighbourhood,The Beach,2u0CelO5c81XS7z3dGpHbS,75,2015,alt-rock,0.245,0.64,2,-7.426,0,0.0608,0.131,8.11e-06,0.0766,0.105,135.739,255133,4
1084481,Don Omar,Ojitos Chiquitos,4f49sFQko7jHLEFd3tCf5p,75,2006,hip-hop,0.801,0.839,1,-3.267,0,0.24,0.0206,7.65e-05,0.0946,0.792,170.011,229027,4
1156502,Pritam,Tum Se Hi,7eQl3Yqv35ioqUfveKHitE,75,2007,indian,0.609,0.538,6,-7.842,1,0.0273,0.328,0.0,0.125,0.608,130.015,321225,4
452825,Future,Life Is Good (feat. Drake),5yY9lUy8nbvjM1Uyo1Uqoc,75,2020,hip-hop,0.676,0.609,2,-5.831,0,0.481,0.0706,0.0,0.152,0.508,142.037,237735,4
564158,BLACKPINK,Pink Venom,5zwwW9Oq7ubSxoCGyW1nbY,75,2022,k-pop,0.693,0.734,4,-6.189,1,0.202,0.0145,0.0,0.217,0.708,180.06,186964,4
595422,Miranda!,Uno los Dos,7Cg58yt6PVyvckydVLRZsp,75,2023,electro,0.771,0.436,11,-6.531,1,0.0485,0.398,0.0,0.154,0.188,122.917,215427,3
598353,Hamza,Nocif,4BZZTXcd5ROagKhynqj61X,75,2023,french,0.844,0.55,11,-7.903,0,0.0882,0.0318,0.00117,0.107,0.788,121.971,229387,4
138939,J. Cole,Love Yourz,2e3Ea0o24lReQFR4FA7yXH,75,2014,hip-hop,0.677,0.638,8,-8.631,1,0.333,0.589,0.0,0.193,0.435,82.81,211497,4
551892,Mc Jacaré,Vento Forte,5PSkF3QpVMlAx8U5Inxj39,75,2022,funk,0.86,0.78,3,-4.158,0,0.131,0.246,0.000827,0.31,0.801,130.048,123712,4
342790,Two Feet,I Feel Like I'm Drowning,3aauaXWRgwCMoykMbI0Jq1,75,2018,indie-pop,0.717,0.577,8,-5.436,1,0.0491,0.708,0.00428,0.0899,0.235,104.927,185520,3
1437937,Drake,Headlines,6LxSe8YmdPxy095Ux6znaQ,75,2011,hip-hop,0.636,0.566,6,-7.16,0,0.106,0.365,0.000353,0.0917,0.425,151.894,235987,4
1437941,Drake,Take Care,124NFj84ppZ5pAxTuVQYCQ,75,2011,hip-hop,0.629,0.515,0,-10.358,0,0.265,0.0267,1.22e-05,0.0888,0.299,121.845,277387,4
1437942,Childish Gambino,Heartbeat,0zo4aX57COch7Wh3NRImTM,75,2011,hip-hop,0.8,0.545,1,-7.002,0,0.127,0.00369,0.000461,0.0445,0.294,119.954,269840,4
138940,ScHoolboy Q,Collard Greens,0zO8ctW0UiuOefR87OeJOZ,75,2014,hip-hop,0.825,0.575,11,-4.87,1,0.0633,0.025,9.94e-06,0.205,0.65,153.954,299960,4
608250,KAI,Rover,3WUyu94psXrYV6HZbXgcFA,75,2023,k-pop,0.629,0.806,1,-2.034,0,0.201,0.0212,0.000487,0.0955,0.545,186.022,174507,4
595387,Melanie Martinez,DEATH,3PzeZR8CqtwXmSn5AVao7J,75,2023,electro,0.392,0.541,1,-8.68,1,0.0641,0.102,1.02e-05,0.288,0.447,181.866,306656,4
1309411,Miley Cyrus,Party In The U.S.A.,5Q0Nhxo0l2bP3pNjpGJwV1,75,2009,pop,0.652,0.698,10,-4.667,0,0.042,0.00112,0.000115,0.0886,0.47,96.021,202067,4
1437960,JAY-Z,Why I Love You,4lLmG1fatRUgnRz0Ol0WUi,75,2011,hip-hop,0.48,0.808,5,-4.133,1,0.0423,0.0259,0.0,0.269,0.37,123.387,201373,4
466608,Junior H,Dias Nublados,7xQrt5TkFBBmlTEPJvXTH8,75,2020,sad,0.739,0.689,0,-4.859,0,0.0284,0.43,0.00318,0.102,0.4,99.984,221888,3
515632,Adele,I Drink Wine,6v0UJD4a2FtleHeSYVX02A,75,2021,pop,0.437,0.565,10,-5.596,1,0.0466,0.697,0.0,0.119,0.306,115.389,376169,4
595142,Skrillex,RATATA,4wteGC0HtLeZWjDcczc4Pw,75,2023,edm,0.889,0.6,9,-10.603,1,0.144,0.0145,0.0,0.08,0.501,123.978,126774,4
551876,L7NNON,Ai Preto,5vC8UAOHeG95ehRzZChniB,75,2022,funk,0.953,0.57,6,-5.149,1,0.245,0.537,0.0,0.0993,0.834,129.947,131583,4
520495,Ivan Cornejo,Está Dañada,6G2xXQRSZlEzYsUEb3uvuR,75,2021,sad,0.405,0.565,1,-9.266,0,0.0372,0.38,0.0195,0.107,0.166,159.892,214149,3
598960,Mc IG,Noite Fria,3lT2haeJ7ype7nCJrV96nI,75,2023,funk,0.76,0.435,6,-5.883,1,0.222,0.326,0.0,0.0679,0.451,81.653,160976,4
263880,Luke Combs,Hurricane,6xHI9KjUjYT0FPtGO8Mxa1,75,2017,country,0.464,0.813,10,-6.185,1,0.0416,0.0153,0.0,0.254,0.515,75.977,222533,4
263879,Tyler Childers,Lady May,3t5OV1asJHmOlf23T08CLv,75,2017,country,0.539,0.16,3,-13.285,1,0.0329,0.881,0.000268,0.105,0.322,81.446,183533,4
608243,TOMORROW X TOGETHER,"Farewell, Neverland",43mnNatwMMydJ4CxMdQVnJ,75,2023,k-pop,0.615,0.645,1,-5.87,0,0.134,0.357,0.0,0.113,0.787,167.952,180676,4
805045,Avril Lavigne,Sk8er Boi,00Mb3DuaIH1kjrwOku9CGU,75,2002,dance,0.487,0.9,0,-4.417,1,0.0482,6.79e-05,0.0,0.358,0.484,149.937,204000,4
564166,SEVENTEEN,HOT,6I2tqFhk8tq69iursYxuxd,75,2022,k-pop,0.765,0.777,5,-4.376,0,0.0399,0.0539,2.58e-06,0.338,0.64,111.944,197587,4
564170,ENHYPEN,Polaroid Love,5elW2CKSoqjYoJ32AGDxf1,75,2022,k-pop,0.738,0.67,7,-3.766,0,0.0439,0.458,0.0,0.361,0.651,138.055,184602,4
606470,Lovejoy,Call Me What You Like,21rYCEejlfM0LYRlfzxGeM,75,2023,indie-pop,0.517,0.891,0,-6.749,0,0.101,0.00905,0.0245,0.0654,0.363,152.007,226077,4
1154622,Daddy Yankee,Ella Me Levanto,7fGODUqa0gtkb72oBVCgCD,75,2007,hip-hop,0.76,0.9,5,-4.782,1,0.0668,0.0715,0.0,0.221,0.761,100.046,209493,4
423459,The Neighbourhood,Pretty Boy,7IL8PSVwLOJxqYne6azxQv,75,2020,alt-rock,0.578,0.386,6,-11.464,1,0.0278,0.208,0.0453,0.307,0.569,154.902,234093,4
1238487,Miki Matsubara,Mayonaka no Door / Stay With Me,2BHj31ufdEqVK5CkYDp9mA,75,2008,pop,0.658,0.747,5,-6.615,1,0.0431,0.176,8.49e-06,0.0789,0.792,108.259,312293,4
466593,Carin Leon,La Boda Del Huitlacoche - Live,1Tcm4Qi0lbzXofH11MIzJs,75,2020,sad,0.684,0.882,9,-7.963,1,0.0761,0.517,9.81e-05,0.296,0.892,140.545,188417,3
605183,Logic,"Self Medication (feat. Seth MacFarlane, Redman, & Statik Selektah)",5E4mQ2mXblbeuI4tefnMZG,75,2023,hip-hop,0.655,0.881,5,-3.531,0,0.431,0.626,0.0,0.125,0.651,92.118,315103,4
466595,Carin Leon,El Amor De Tu Vida,5HpXH64cSBNu26yhw3vK37,75,2020,sad,0.542,0.489,8,-7.89,1,0.0573,0.378,0.0,0.123,0.674,125.336,163224,3
466596,Junior H,Mente Positiva,3WQilym5Vi4ypxb70vx0eY,75,2020,sad,0.576,0.604,5,-7.558,0,0.047,0.27,0.0,0.176,0.734,99.746,192391,3
551912,MC Cabelinho,NÉ SEGREDO,4pjznsLeoyimnxGlVpmyJI,75,2022,funk,0.654,0.71,3,-5.68,0,0.111,0.619,0.0,0.218,0.508,103.548,155772,3
329568,George Ezra,Shotgun,4ofwffwvvnbSkrMSCKQDaC,75,2018,folk,0.673,0.735,5,-4.733,1,0.0457,0.286,0.0,0.242,0.754,115.744,201287,4
466598,Junior H,Se Amerita,3pQYf90V5idOGrXzosm9rt,75,2020,sad,0.752,0.719,6,-4.399,0,0.0285,0.264,7.96e-05,0.126,0.544,107.582,235858,4
605189,Quavo,Greatness,2eN0rxTtgxKkmVCNgizayr,75,2023,hip-hop,0.825,0.718,1,-2.896,1,0.0518,0.0732,0.000157,0.142,0.919,139.983,185001,4
321041,Halsey,Without Me,5p7ujcrUXASCNwRaWNHR1C,75,2018,dance,0.752,0.488,6,-7.05,1,0.0705,0.297,9.11e-06,0.0936,0.533,136.041,201661,4
515599,Olivia Rodrigo,enough for you,2TOzTqQXNmR2zDJXihjZ2e,75,2021,pop,0.638,0.259,7,-10.706,1,0.0898,0.753,0.0,0.219,0.269,88.485,202827,4
293476,SZA,The Weekend,6gU9OKjOE7ghfEd55oRO57,75,2017,pop,0.4,0.366,8,-9.405,0,0.0597,0.242,0.0,0.126,0.161,73.313,272187,3
1004480,Fall Out Boy,"Dance, Dance",0a7BloCiNzLDD9qSQHh5m7,75,2005,emo,0.622,0.961,11,-3.198,0,0.154,0.00523,0.0,0.0854,0.449,114.452,180267,4
452814,Lil Baby,On Me,4Iedi94TIaB2GGb1nMB68v,75,2020,hip-hop,0.856,0.564,6,-6.295,0,0.392,0.00327,0.0,0.134,0.483,77.972,135960,4
452818,Machine Gun Kelly,my ex's best friend (with blackbear),7kDUspsoYfLkWnZR7qwHZl,75,2020,hip-hop,0.731,0.675,5,-5.134,0,0.0434,0.00473,0.0,0.141,0.298,124.939,139461,4
642617,Limp Bizkit,Rollin' (Air Raid Vehicle),3IV4swNduIRunHREK80owz,75,2000,funk,0.603,0.933,1,-3.358,1,0.171,0.00591,0.0,0.206,0.709,96.306,213760,4
462040,Billie Eilish,No Time To Die,73SpzrcaHk0RQPFP73vqVR,75,2020,pop,0.38,0.219,4,-13.273,0,0.0358,0.917,0.0104,0.0827,0.0517,73.537,242265,4
293473,Jhené Aiko,Sativa,2pg2TiYo9Rb8KeB5JjP7jS,75,2017,pop,0.741,0.61,6,-7.34,0,0.0511,0.316,0.0,0.534,0.72,125.99,276960,4
1002563,I Monster,Who Is She ?,1QxcWlk8PivolUaWcpAoNq,75,2005,electro,0.392,0.802,1,-4.014,0,0.0418,0.076,0.00908,0.0925,0.101,152.734,213373,4
462045,Sam Smith,Fire On Fire,7t3Xdbufg7q2onVsR8RBdY,75,2020,pop,0.584,0.408,1,-7.356,0,0.0461,0.476,0.0,0.18,0.333,115.129,246735,4
293484,Taylor Swift,...Ready For It?,2yLa0QULdQr0qAIvVwN6B5,75,2017,pop,0.613,0.764,2,-6.509,1,0.136,0.0527,0.0,0.197,0.417,160.015,208187,4
293485,Rex Orange County,Best Friend,3rPtS4nfpy7PsARctAWpzd,75,2017,pop,0.576,0.714,6,-5.247,1,0.0595,0.395,0.0,0.115,0.321,144.981,262231,4
776381,Mary J. Blige,Family Affair,3aw9iWUQ3VrPQltgwvN9Xu,75,2001,pop,0.911,0.551,8,-3.75,0,0.0449,0.132,4.12e-05,0.0863,0.969,92.887,265867,4
560230,Mac Miller,Love Lost,0N9C80kcgL0xXGduKnYKWi,75,2022,hip-hop,0.735,0.812,2,-4.417,1,0.151,0.528,0.0,0.186,0.584,109.835,162876,4
1167486,All Time Low,"Dear Maria, Count Me In",0JJP0IS4w0fJx01EcrfkDe,75,2007,pop,0.459,0.895,2,-3.126,1,0.0805,0.00725,0.0,0.206,0.572,181.04,182827,4
1244826,Kings of Leon,Use Somebody,5VGlqQANWDKJFl0MBG3sg2,75,2008,rock,0.276,0.715,0,-5.356,1,0.0432,0.00552,0.000417,0.201,0.173,137.028,230760,4
207777,White Noise Baby Sleep,"White Noise Sleeping Aid to Help My Baby Fall Asleep, Sleep Through the Night",20GlDz2SYsXF8pzdxguxfe,75,2015,sleep,0.179,0.00189,1,-25.2,1,0.327,0.982,0.279,0.111,1e-05,81.71,595106,4
1024537,System Of A Down,B.Y.O.B.,0EYOdF5FCkgOJJla8DI2Md,75,2005,metal,0.538,0.981,1,-2.688,0,0.14,0.00662,0.0,0.219,0.711,101.414,255467,4
617264,US Agroboy,Eu Minto (Ao Vivo),6tW23l5oRR8XyYJsF5si9G,75,2023,sertanejo,0.644,0.87,8,-3.924,0,0.0716,0.589,0.0,0.616,0.895,154.993,160641,3
560259,La Santa Grifa,Tocame,4dWY6RpM9zmYvwqxrNvwtV,75,2022,hip-hop,0.647,0.367,11,-14.356,0,0.595,0.198,0.0,0.109,0.714,99.803,233064,4
519371,Imagine Dragons,Enemy - From the series Arcane League of Legends,5UlnuulVAVmmesw4VzqHdG,75,2021,rock,0.722,0.745,7,-4.164,1,0.256,0.247,0.0,0.419,0.52,77.029,173381,4
384325,Billie Eilish,you should see me in a crown,3XF5xLJHOQQRbWya6hBp7d,75,2019,electro,0.678,0.533,4,-10.485,1,0.186,0.462,0.219,0.139,0.323,150.455,180953,4
560324,Oliver Tree,Miss You - Sped Up Version,4pH8cIlMI9NrTWcDiQbuRe,75,2022,hip-hop,0.527,0.66,0,-10.692,1,0.0877,0.0141,0.0185,0.156,0.283,173.979,171702,4
410165,PUBLIC,Make You Mine,5iFwAOB2TFkPJk8sMlxP8g,75,2019,rock,0.606,0.799,9,-4.452,1,0.0261,0.0128,0.0,0.15,0.638,103.014,232907,4
748044,Modjo,Lady - Hear Me Tonight,49X0LAl6faAusYq02PRAY6,75,2001,disco,0.72,0.808,6,-5.627,1,0.0379,0.00793,0.0293,0.0634,0.869,126.041,307154,4
750556,Daft Punk,One More Time,0DiWol3AO6WpXZgp0goxAV,75,2001,electro,0.613,0.697,2,-8.618,1,0.133,0.0194,0.0,0.332,0.476,122.746,320357,4
188805,A$AP Rocky,"Everyday (feat. Rod Stewart, Miguel & Mark Ronson)",2N3U8uTYhjX2KwGT0pf5x0,75,2015,hip-hop,0.394,0.661,4,-8.684,1,0.192,0.00996,0.0,0.343,0.335,149.818,260987,4
93576,Lorde,Team,3G6hD9B2ZHOsgf4WfNu7X1,75,2013,pop,0.69,0.578,6,-7.436,1,0.0929,0.167,0.0,0.305,0.416,99.961,193059,4
93610,One Direction,Strong,3cKM7UXBZmgjEgEBTkaIlU,75,2013,pop,0.741,0.663,0,-7.308,1,0.0434,0.0608,0.0,0.0931,0.338,115.013,184373,4
372776,Aaron Smith,Dancin - Krono Remix,4IlqQhaxrGPxmg35YcXXuS,75,2019,chicago-house,0.751,0.727,10,-9.789,0,0.0304,0.0442,0.0338,0.1,0.28,119.982,256000,4
93589,James Arthur,Impossible,5yVIlYEHZxQVLyInCdldoS,75,2013,pop,0.376,0.695,0,-4.782,0,0.0933,0.135,0.0,0.11,0.302,169.533,209440,4
188794,Mac Miller,Weekend (feat. Miguel),6GnhWMhgJb7uyiiPEiEkDA,75,2015,hip-hop,0.843,0.435,8,-8.442,1,0.178,0.47,0.0,0.147,0.19,120.058,208080,4
93584,One Direction,You & I,2afCBiru10AFckfOa49wIa,75,2013,pop,0.574,0.329,1,-6.829,1,0.0274,0.22,0.0,0.0986,0.356,130.993,237933,4
93579,One Direction,Best Song Ever,5T7ZFtCcOgkpjxcuaeZbw0,75,2013,pop,0.652,0.877,1,-2.986,1,0.0465,0.0227,0.0,0.0789,0.486,118.491,200107,4
560228,Kendrick Lamar,Count Me Out,6BU1RZexmvJcBjgagVVt3M,75,2022,hip-hop,0.776,0.431,4,-7.544,0,0.091,0.671,0.0,0.153,0.495,133.999,283642,4
302807,John Mayer,You're Gonna Live Forever in Me,51lPx6ZCSalL2kvSrDUyJc,75,2017,singer-songwriter,0.542,0.131,7,-14.104,1,0.0316,0.983,0.00544,0.156,0.319,136.161,190013,4
293506,Harry Styles,Kiwi,33SNO8AaciGbNaQFkxvPrW,75,2017,pop,0.375,0.93,2,-2.631,1,0.0561,0.00064,0.0,0.318,0.491,147.124,176387,4
445600,Zoe Wees,Control,50Td3qilgs8BLtv8mHyT1t,75,2020,german,0.599,0.465,4,-4.95,1,0.0314,0.643,1.57e-06,0.149,0.0678,113.82,230880,4
433219,Ariana Grande,motive (with Doja Cat),5GkQIP5mWPi4KZLLXeuFTT,75,2020,dance,0.789,0.742,10,-5.664,0,0.0652,0.0681,0.0,0.166,0.661,116.965,167990,4
506687,J. Cole,p r i d e . i s . t h e . d e v i l (with Lil Baby),5W8jRrZ6tWrTrqnKRtIQBf,75,2021,hip-hop,0.861,0.656,4,-7.867,0,0.425,0.104,0.0,0.0986,0.331,88.967,218210,4
487945,ATB,Your Love (9PM),5YaskwnGDZFDRipaqzbwQx,75,2021,dance,0.669,0.784,7,-5.603,1,0.112,0.194,6.28e-06,0.115,0.517,125.993,150053,4
321036,DJ Snake,"Taki Taki (with Selena Gomez, Ozuna & Cardi B)",4w8niZpiMy6qz1mntFA5uM,75,2018,dance,0.842,0.801,8,-4.167,0,0.228,0.157,4.82e-06,0.0642,0.617,95.881,212500,4
506694,Drake,Girls Want Girls (with Lil Baby),37Nqx7iavZpotJSDXZWbJ3,75,2021,hip-hop,0.767,0.438,7,-8.726,0,0.29,0.181,0.0,0.142,0.381,86.975,221980,4
569217,Noah Kahan,Stick Season,0mflMxspEfB0VbI1kyLiAv,75,2022,pop,0.662,0.488,9,-6.894,1,0.0682,0.782,0.0,0.102,0.817,117.913,182347,4
456850,BLACKPINK,How You Like That,4SFknyjLcyTLJFPKD2m96o,75,2020,k-pop,0.812,0.761,11,-5.222,1,0.0812,0.0465,0.000135,0.0601,0.344,130.032,182956,4
560222,Gunna,pushin P (feat. Young Thug),3XOalgusokruzA5ZBA2Qcb,75,2022,hip-hop,0.773,0.422,1,-4.572,0,0.187,0.00783,0.00693,0.129,0.488,77.502,136267,1
376761,Dan + Shay,"10,000 Hours (with Justin Bieber)",2wrJq5XKLnmhRXHIAf9xBa,75,2019,country,0.654,0.63,10,-4.644,1,0.0259,0.153,0.0,0.111,0.43,89.991,167693,4
515586,Carolina Gaitán - La Gaita,We Don't Talk About Bruno,52xJxFP6TqMuO4Yt0eOkMz,75,2021,pop,0.577,0.45,0,-8.516,0,0.0834,0.357,0.0,0.111,0.83,205.863,216120,4
146791,Lana Del Rey,Sad Girl,11MyiSGZSYSmhhqwGUTtAq,75,2014,pop,0.345,0.587,5,-8.346,1,0.0364,0.539,0.0731,0.119,0.258,119.479,317760,4
146793,The Weeknd,"Earned It (Fifty Shades Of Grey) - From The ""Fifty Shades Of Grey"" Soundtrack",2PIvq1pGrUjY007X5y1UpM,75,2014,pop,0.659,0.381,2,-5.922,0,0.0304,0.385,0.0,0.0972,0.426,119.844,252227,3
617266,Israel & Rodolffo,Seu Brilho Sumiu - Ao Vivo,3PH1nUysW7ybo3Yu8sqlPN,75,2023,sertanejo,0.625,0.916,6,-3.704,1,0.0461,0.309,0.0,0.906,0.746,153.664,168840,4
72866,Daft Punk,Instant Crush (feat. Julian Casablancas),2cGxRwrMyEAp8dEbuZaVv6,75,2013,electro,0.775,0.585,10,-9.516,0,0.0271,0.0422,0.619,0.077,0.518,109.942,337560,4
561099,Pritam,Kesariya,4UMIv5jd9gK98a39BQRD9X,75,2022,indian,0.577,0.574,0,-6.525,1,0.0278,0.572,0.0,0.1,0.436,94.009,268165,4
506684,DJ Khaled,EVERY CHANCE I GET (feat. Lil Baby & Lil Durk),1EJIcDYXwSqipW5dFe4uJz,75,2021,hip-hop,0.477,0.727,2,-4.053,1,0.286,0.000866,0.0,0.108,0.227,150.062,236524,4
547737,Alec Benjamin,Devil Doesn’t Bargain,1zu2GKHPJIsUu80SUJX4H4,75,2022,electro,0.448,0.606,3,-4.565,1,0.0609,0.577,0.0,0.217,0.483,121.15,163613,4
510271,Yura Yunita,Tutur Batin,1k1e4Amkn7hIFrEthtazqT,75,2021,jazz,0.576,0.329,10,-8.87,1,0.0487,0.813,0.000671,0.108,0.397,72.91,215591,4
560210,$uicideboy$,1000 Blunts,09riz9pAPJyYYDVynE5xxY,75,2022,hip-hop,0.83,0.698,5,-6.517,0,0.077,0.224,1.02e-06,0.191,0.595,132.99,175476,4
560902,Karan Aujla,White Brown Black,3nKQrVVlwbAQSnFbgZWdN0,75,2022,hip-hop,0.868,0.748,1,-3.492,0,0.0951,0.29,3.93e-06,0.252,0.829,119.965,176000,4
361625,Aaryan Shah,Renegade,3yWF3DqFBNLvf7s4C7mKUm,75,2018,soul,0.551,0.561,9,-10.408,0,0.0559,0.509,0.367,0.369,0.207,103.118,222576,4
361626,Darci,On My Own,0F4FejjWi3bf5vGOkuQwPS,75,2018,soul,0.767,0.593,4,-5.901,1,0.0413,0.0324,4.5e-06,0.0878,0.579,130.007,171692,4
560211,NLE Choppa,Capo,1vux5TJpXtc7tbjA1YODpp,75,2022,hip-hop,0.614,0.953,2,-4.162,1,0.0688,0.119,0.0,0.331,0.593,154.969,192200,4
560667,Dave,Starlight,531KGXtBroSrOX9LVmiIgc,75,2022,hip-hop,0.954,0.367,4,-9.551,0,0.288,0.341,5.48e-06,0.0979,0.372,124.026,211935,4
286608,Still Woozy,Goodie Bag,4vHNeBWDQpVCmGbaccrRzi,75,2017,indie-pop,0.739,0.522,7,-12.304,0,0.151,0.821,0.00124,0.233,0.619,138.263,146390,4
560212,Lil Durk,Mad Max,2i2qDe3dnTl6maUE31FO7c,75,2022,hip-hop,0.898,0.64,5,-8.796,0,0.255,0.0212,0.0,0.0919,0.68,149.988,153600,4
560213,Lil Baby,Forever (feat. Fridayy),1T4k0sw0HldDg004Kw4Oct,75,2022,hip-hop,0.462,0.251,4,-12.072,0,0.159,0.414,0.0,0.201,0.137,89.705,167977,3
462026,Gracie Abrams,"I miss you, I’m sorry",4nyF5lmSziBAt7ESAUjpbx,75,2020,pop,0.445,0.455,7,-6.405,1,0.0575,0.731,1.47e-06,0.124,0.151,109.885,167538,5
1403322,Zoé,Labios Rotos - En Vivo,1nULBrlzWatdcjA2ZctIMv,75,2011,alt-rock,0.579,0.758,11,-7.08,1,0.0281,0.0731,0.00292,0.708,0.288,109.054,243040,4
293560,ZAYN,Dusk Till Dawn (feat. Sia) - Radio Edit,1j4kHkkpqZRBwE0A4CN4Yv,75,2017,pop,0.259,0.437,11,-6.589,0,0.0386,0.102,1.32e-06,0.106,0.0951,180.042,239000,4
510230,Yura Yunita,Dunia Tipu-Tipu,0mMqopQJOWADJSPRMYkvTF,75,2021,jazz,0.48,0.325,1,-8.513,1,0.0354,0.907,1.52e-05,0.112,0.619,111.774,218735,5
825788,Aventura,Obsesion,65H6t1WQBim6q93yM8fEwn,75,2002,hip-hop,0.804,0.56,1,-6.912,0,0.0397,0.416,0.0,0.0608,0.768,133.682,254720,4
146780,PARTYNEXTDOOR,Belong to the City,5c3luoCub1Z1Gg74NdNtuq,75,2014,pop,0.582,0.482,5,-9.813,0,0.0479,0.709,0.00138,0.129,0.193,88.198,98024,4
551865,DJ Dozabri,É Só Um Lance Lero Lero,5DoYLtsVnNMcrgpMdEPOsI,75,2022,funk,0.905,0.713,7,-3.183,1,0.271,0.588,3.66e-06,0.0981,0.756,130.193,116308,4
140600,Mitski,Francis Forever,5411TEB6tlzvuF5A4oyldr,75,2014,indie-pop,0.535,0.448,2,-9.167,1,0.0279,0.00262,1.94e-05,0.115,0.32,101.986,149680,4
247529,BLACKPINK,BOOMBAYAH,13MF2TYuyfITClL1R2ei6e,75,2016,k-pop,0.661,0.836,5,-3.164,0,0.059,0.00268,0.0,0.497,0.396,124.952,240793,4
377706,MEDUZA,Lose Control,7CHi4DtfK4heMlQaudCuHK,75,2019,dance,0.598,0.526,10,-8.659,0,0.0415,0.129,0.0,0.14,0.529,123.935,168387,4
1201009,Ne-Yo,Miss Independent,34ceTg8ChN5HjrqiIYCn9Q,75,2008,dance,0.673,0.683,1,-5.693,1,0.115,0.522,0.0,0.235,0.713,171.86,232000,4
174627,Flo Rida,My House,6Knv6wdA0luoMUuuoYi2i1,75,2015,edm,0.688,0.702,7,-4.792,0,0.0499,0.0215,0.0,0.128,0.74,94.006,192191,4
1201012,Britney Spears,Womanizer,4fixebDZAVToLbUCuEloa2,75,2008,dance,0.724,0.695,11,-5.226,1,0.0622,0.073,0.0,0.0889,0.235,139.0,224400,4
377702,Mabel,Don't Call Me Up,5WHTFyqSii0lmT9R21abT8,75,2019,dance,0.674,0.881,9,-2.853,1,0.147,0.296,3.01e-06,0.0793,0.234,98.994,178480,4
284824,GoldLink,Crew (feat. Brent Faiyaz & Shy Glizzy),15EPc80XuFrb2LmOzGjuRg,75,2017,hip-hop,0.728,0.607,1,-8.417,0,0.132,0.133,0.0,0.0864,0.445,129.938,176702,4
1201016,T.I.,Live Your Life,3jlbL2OTD5YmIunYzgQTAN,75,2008,dance,0.375,0.862,11,-3.363,0,0.255,0.071,0.0,0.211,0.478,159.841,338853,4
284823,Playboi Carti,Location,3yk7PJnryiJ8mAPqsrujzf,75,2017,hip-hop,0.717,0.79,11,-4.213,1,0.2,0.33,0.000125,0.518,0.371,125.985,168784,4
569322,Fujii Kaze,Matsuri,7AMGgAPFczs3wJgMqu6Eqi,75,2022,pop,0.663,0.731,1,-7.335,1,0.0338,0.00892,0.0502,0.293,0.356,97.025,225920,4
344854,TWICE,What is Love,3zhbXKFjUDw40pTYyCgt1Y,75,2018,k-pop,0.574,0.909,8,-1.573,1,0.0658,0.0987,0.0,0.264,0.569,169.966,208240,4
1333295,Dread Mar I,Tu Sin Mi,2cIDetbjLPkhYf4r7z86WH,75,2010,alt-rock,0.797,0.41,9,-5.777,0,0.032,0.158,0.0,0.0552,0.789,83.963,245056,4
569307,The Weeknd,Nothing Is Lost (You Give Me Strength),1DzJbVkBELu6jDu6q0T0tk,75,2022,pop,0.52,0.693,5,-7.704,1,0.0331,0.0002,2.2e-05,0.122,0.12,126.985,267505,4
507301,Sidhu Moose Wala,295,5W7DOVGQLTigu09afW7QMT,75,2021,hip-hop,0.557,0.794,11,-5.698,0,0.2,0.179,0.0,0.106,0.432,91.366,270000,4
550147,Matheus Fernandes,Balanço da Rede,2qmG7dokbGpDGD0T5wORWt,75,2022,forro,0.764,0.796,6,-4.611,0,0.033,0.193,0.0,0.0853,0.924,140.072,166436,4
340951,Nio Garcia,Te Boté - Remix,3V8UKqhEK5zBkBb6d6ub8i,75,2018,hip-hop,0.903,0.675,11,-3.445,0,0.214,0.542,1.28e-05,0.0595,0.442,96.507,417920,4
399064,The Backseat Lovers,Kilby Girl,1170VohRSx6GwE6QDCHPPH,75,2019,indie-pop,0.329,0.444,1,-9.973,1,0.0417,0.0578,0.0352,0.113,0.225,162.279,282206,4
540779,Zach Bryan,Oklahoma Smokeshow,0OWhKvvsHptt6vnnNUSM9a,75,2022,country,0.544,0.573,8,-5.694,1,0.0356,0.0958,0.0,0.104,0.233,122.977,211739,4
377700,Topic,Breaking Me,3H7ihDc1dqLriiWXwsc2po,75,2019,dance,0.789,0.72,8,-5.652,0,0.218,0.223,0.0,0.129,0.664,122.031,166794,4
298607,Alfredo Olivas,El Paciente,2Nk3gXgekore0lfB7PCnub,75,2017,sad,0.706,0.713,3,-3.609,1,0.0367,0.319,0.0,0.114,0.973,142.002,211267,3
588385,Prinz,Beautiful Day (Thank You for Sunshine),1wNlxeNoKgMK3pAuZCHDcJ,75,2023,chill,0.843,0.564,0,-8.673,1,0.21,0.0874,0.0,0.104,0.618,142.086,110070,4
406408,Sam Fischer,This City,3H3r2nKWa3Yk5gt8xgmsEt,75,2019,pop,0.605,0.377,11,-6.213,1,0.0443,0.733,0.0,0.0808,0.519,73.877,194853,4
574222,Julión Álvarez y su Norteño Banda,Que Te Vaya Bien,5Ei8EK2uXNkqqVSe2QYsFp,75,2022,sad,0.667,0.467,7,-5.906,1,0.0276,0.237,0.0,0.271,0.406,97.99,151387,3
296629,Green Day,Boulevard of Broken Dreams,5GorCbAP4aL0EJ16frG2hd,75,2017,punk,0.496,0.682,8,-4.095,1,0.0294,0.00552,2.94e-05,0.0589,0.474,167.06,262333,4
574217,Fuerza Regida,Me Tocó Morir,6k9zUQ7Gngrs8ULzQOyDDV,75,2022,sad,0.723,0.617,0,-3.69,0,0.0497,0.421,0.0,0.109,0.973,150.075,144640,3
397305,Lil Nas X,Old Town Road,0F7FA14euOIX8KcbEturGH,75,2019,hip-hop,0.907,0.53,1,-6.112,1,0.127,0.0578,2.23e-06,0.101,0.507,135.998,113000,4
340917,Gucci Mane,Wake Up in the Sky,0QIjsbm2fh1cJ45XO9eGqq,75,2018,hip-hop,0.8,0.578,4,-5.144,0,0.0485,0.00381,0.0,0.359,0.367,143.01,204665,4
406393,Billie Eilish,listen before i go,0tMSssfxAL2oV8Vri0mFHE,75,2019,pop,0.319,0.0561,0,-23.023,1,0.045,0.935,0.00384,0.388,0.082,79.764,242652,3
1201008,P!nk,So What,0JiY190vktuhSGN6aqJdrt,75,2008,dance,0.534,0.87,11,-3.078,0,0.0425,0.000334,0.0,0.241,0.462,126.019,215160,4
406404,Taylor Swift,ME! (feat. Brendon Urie of Panic! At The Disco),2Rk4JlNc2TPmZe2af99d45,75,2019,pop,0.61,0.83,0,-4.105,1,0.0571,0.033,0.0,0.118,0.728,182.162,193000,4
1201005,Soulja Boy,Kiss Me Thru The Phone,2q4rjDy9WhaN3o9MvDbO21,75,2008,dance,0.758,0.712,7,-3.781,1,0.112,0.0185,0.0,0.0677,0.795,149.998,193387,4
178885,PNL,J’comprends pas,1CxtymiucDK0AB9vgGZ6q2,75,2015,french,0.373,0.523,1,-9.111,1,0.041,0.228,0.0171,0.111,0.0398,104.959,283493,4
888440,50 Cent,In Da Club,4RY96Asd9IefaL3X4LOLZ8,75,2003,hip-hop,0.902,0.72,6,-2.776,0,0.347,0.26,0.0,0.0749,0.805,90.059,193467,4
569473,Paul Partohap,P.S. I LOVE YOU,1w3azB0VuRFp79AduIwrIy,75,2022,pop,0.485,0.385,8,-8.939,1,0.0376,0.207,0.0551,0.0859,0.15,128.058,240903,3
174641,Robin Schulz,Sugar (feat. Francesco Yates),5tf1VVWniHgryyumXyJM7w,75,2015,edm,0.636,0.815,5,-5.098,0,0.0581,0.0185,0.0,0.163,0.636,123.063,219043,4
507151,AP Dhillon,TERE TE,6TClJ8jXi3OBV7gcrU3jx5,75,2021,hip-hop,0.692,0.488,7,-10.96,0,0.135,0.0508,0.0,0.154,0.299,171.9,114419,4
1225503,Daddy Yankee,Llamado de Emergencia,2jnZUvhw2LTvDI6YidRVcO,75,2008,hip-hop,0.703,0.909,4,-4.456,0,0.0358,0.216,1.57e-06,0.162,0.777,97.982,239920,4
40356,Justin Bieber,Beauty And A Beat,190jyVPHYjAqEaOGmMzdyk,75,2012,pop,0.602,0.843,0,-4.831,1,0.0593,0.000688,5.27e-05,0.0682,0.526,128.003,227987,4
327775,Alec Benjamin,Water Fountain,4IhKLu7Vk3j2TLmnFPl6To,75,2018,electro,0.723,0.504,8,-5.572,1,0.0392,0.388,7.4e-05,0.087,0.551,133.975,218893,4
576571,Matheus & Kauan,Gatilho - Ao Vivo,42nZBOwXNdO24Ml032bLBS,75,2022,sertanejo,0.48,0.93,2,-4.441,1,0.143,0.0302,0.0,0.689,0.641,160.063,155284,4
569380,Ruger,Asiwaju,7ErtOGQ9DwyQa3lwP77j4u,75,2022,pop,0.727,0.6,8,-4.799,1,0.24,0.636,5.1e-06,0.106,0.754,199.796,216000,4
406396,Lana Del Rey,Norman fucking Rockwell,3RIgHHpnFKj5Rni1shokDj,75,2019,pop,0.215,0.203,5,-12.65,1,0.0346,0.968,0.0585,0.0923,0.143,78.287,248934,1
284841,Logic,1-800-273-8255,5tz69p7tJuGPeMGwNTxYuV,75,2017,hip-hop,0.62,0.574,5,-7.788,0,0.0479,0.569,0.0,0.19,0.357,100.023,250173,4
284839,NF,Lie,07FkzikE6FuHIa8Ma7zJGc,75,2017,hip-hop,0.513,0.661,5,-6.419,1,0.24,0.161,0.0,0.246,0.179,94.791,209213,4
569367,Lojay,Monalisa,3baPniPXS0iEII8rDUJdYP,75,2022,pop,0.828,0.726,10,-6.389,0,0.0419,0.106,0.00101,0.103,0.67,113.017,212976,4
576569,Murilo Huff,Perfeito Pra Ficar Sozinho - Ao Vivo,4cxQWmXmmbFoWvV8qipQTe,75,2022,sertanejo,0.586,0.734,5,-5.048,1,0.0474,0.708,0.0,0.492,0.572,90.551,170568,4
569347,Victony,Soweto,3IQT2MM49GkXfHF9eemaw5,75,2022,pop,0.747,0.665,5,-7.073,0,0.0363,0.0289,0.000153,0.102,0.554,104.959,148000,4
119701,Calvin Harris,Blame (feat. John Newman),07nH4ifBxUB4lZcsf44Brn,75,2014,dance,0.414,0.857,0,-4.078,0,0.0808,0.0287,0.00574,0.343,0.348,128.024,212960,4
119690,Becky G,Shower,3DmW6y7wTEYHJZlLo1r6XJ,75,2014,dance,0.699,0.529,2,-7.548,1,0.0487,0.0317,3.59e-05,0.285,0.121,119.987,206167,4
406400,Lana Del Rey,Happiness is a butterfly,3lG6OtGDsYAOALxEmubQQm,75,2019,pop,0.467,0.119,2,-10.99,1,0.0401,0.969,1.4e-06,0.0973,0.156,70.499,272485,4
576560,Gusttavo Lima,Fala Mal de Mim - Ao Vivo,6gEOM9IEBzvTdbwNrSkBdC,75,2022,sertanejo,0.672,0.957,7,-4.272,1,0.0485,0.197,0.000481,0.386,0.895,160.005,204938,4
377720,MEDUZA,Piece Of Your Heart,1DFD5Fotzgn6yYXkYsKiGs,75,2019,dance,0.677,0.744,10,-6.806,0,0.0295,0.0404,0.00016,0.074,0.631,124.08,152913,4
952553,MF DOOM,Rapp Snitch Knishes feat. Mr. Fantastik,5KUNwkaNf8l5A9sXZhiCgI,75,2004,hip-hop,0.728,0.832,7,-6.827,1,0.267,0.327,0.0,0.504,0.825,95.051,172893,4
119684,Ariana Grande,Break Free,12KUFSHFgT0XCoiSlvdQi4,75,2014,dance,0.687,0.702,7,-5.324,0,0.0455,0.0064,4.35e-05,0.204,0.284,129.956,214840,4
569344,MoonDeity,WAKE UP!,4B8gtpBuEtU9XUizl6BK2W,75,2022,pop,0.676,0.617,0,-4.626,1,0.0414,0.000816,0.636,0.227,0.718,124.978,142940,4
462309,Yasser Desai,"Dil Ko Karaar Aaya (From ""Sukoon"")",5urYiIXu1ZhfMAOsp7WDTc,75,2020,pop-film,0.55,0.448,11,-9.117,1,0.0366,0.777,0.000459,0.111,0.388,147.986,231487,4
515884,Jamie Miller,Here's Your Perfect,2aTKrdenCq5qBOoJPFdn4P,75,2021,pop,0.558,0.454,6,-5.335,1,0.0551,0.499,0.0,0.146,0.424,113.12,158594,4
569521,Silambarasan TR,"Thee Thalapathy (From ""Varisu"")",6TK7jseRCrogw9IzQYkw2h,75,2022,pop-film,0.674,0.907,10,-5.078,0,0.122,0.567,0.0,0.259,0.828,130.011,258000,4
284832,Young Nudy,EA (feat. 21 Savage),68MTDH8Kk4jBEV1ah0n89s,75,2017,hip-hop,0.451,0.876,10,-5.205,0,0.414,0.261,0.0,0.098,0.227,87.306,227176,5
1354804,Dr. Dog,Where'd All the Time Go?,0UV5zxRMz6AO4ZwUOZNIKI,75,2010,folk,0.454,0.82,2,-4.193,1,0.0567,0.132,0.000969,0.115,0.575,166.303,234800,4
340913,Kodak Black,ZEZE (feat. Travis Scott & Offset),0FZ4Dmg8jJJAPJnvBIzD9z,75,2018,hip-hop,0.861,0.603,8,-5.788,0,0.176,0.0521,0.0,0.0924,0.504,98.043,228760,4
569256,Lauren Spencer Smith,Flowers,6Z165JvPnS8PYvGW8oLGLc,75,2022,pop,0.684,0.449,3,-9.738,1,0.611,0.869,0.0,0.0881,0.341,66.165,157373,4
574196,Los Gemelos De Sinaloa,No Le Aflojo,7ifMxHITc3NIipJO4R5NGb,75,2022,sad,0.698,0.687,5,-4.115,0,0.0501,0.195,0.0,0.0829,0.773,116.765,202876,4
590829,Luke Combs,Growin' Up and Gettin' Old,6DdPacpAdYkxV8MCzsjaXu,75,2023,country,0.511,0.6,2,-5.699,1,0.0268,0.16,5.25e-06,0.114,0.269,146.051,233667,4
510750,ENHYPEN,FEVER,0UzymivvUH5s8z4PeWZJaK,75,2021,k-pop,0.6,0.713,6,-5.079,0,0.0592,0.0642,0.0,0.142,0.471,72.999,172107,4
515655,Ruth B.,Dandelions - slowed + reverb,6fhG2KJgwO7CrNflRaRmvp,75,2021,pop,0.573,0.715,8,-3.293,0,0.0256,0.0444,0.0,0.0898,0.258,101.699,268717,3
235638,Mild High Club,Homage,7DcJ6fEBb7BaKuYKTwiDxK,75,2016,garage,0.546,0.465,5,-8.167,1,0.0287,0.153,0.00259,0.321,0.415,73.369,177493,4
569240,Taylor Swift,Paris,7712gjoih4QoDbXpljEk21,75,2022,pop,0.7,0.509,7,-10.547,1,0.0789,0.112,3.27e-05,0.137,0.345,110.947,196259,4
224472,Fifth Harmony,Work from Home (feat. Ty Dolla $ign),4tCtwWceOPWzenK2HAIJSb,75,2016,dance,0.803,0.585,8,-5.861,1,0.0432,0.103,3.94e-06,0.0644,0.593,105.017,214480,4
224473,Lady Gaga,Million Reasons,7dZ1Odmx9jWIweQSatnRqo,75,2016,dance,0.666,0.423,0,-8.012,1,0.043,0.494,0.0,0.106,0.154,129.89,205280,4
377671,Kehlani,Nights Like This (feat. Ty Dolla $ign),6ZRuF2n1CQxyxxAAWsKJOy,75,2019,dance,0.61,0.725,8,-5.131,1,0.15,0.367,0.0,0.154,0.291,146.163,201788,4
397249,NF,The Search,3oLe5ZILASG8vU5dxIMfLY,75,2019,hip-hop,0.789,0.789,2,-4.813,1,0.298,0.598,0.0,0.099,0.37,119.95,248053,4
12124,Flo Rida,Good Feeling,2LEF1A8DOZ9wRYikWgVlZ8,75,2012,dance,0.706,0.89,1,-4.444,0,0.0688,0.0588,0.00286,0.306,0.684,128.011,248133,4
224479,Kungs,This Girl (Kungs Vs. Cookin' On 3 Burners),1A8j067qyiNwQnZT0bzUpZ,75,2016,dance,0.792,0.717,0,-4.759,0,0.0393,0.0927,3.59e-05,0.226,0.466,121.985,195547,4
574177,Eslabon Armado,HASTA LA MUERTE,3qAJAUr7yc9bPDx4ESt6ND,75,2022,sad,0.555,0.832,11,-3.691,1,0.0412,0.28,0.0,0.0894,0.43,170.124,209903,3
397240,Quality Control,Baby (Lil Baby feat. DaBaby),5MPPttjfGap2C6j6eKcO6J,75,2019,hip-hop,0.97,0.463,10,-7.259,1,0.366,0.0957,0.0,0.151,0.46,108.003,142417,4
510746,LeeHi,ONLY,6TBJkXHPhu3EsMk1bshwuI,75,2021,k-pop,0.536,0.296,5,-7.451,1,0.0346,0.892,0.0,0.0873,0.151,122.907,240907,3
1103893,Muse,Supermassive Black Hole,3lPr8ghNDBLc2uZovNyLs9,75,2006,rock,0.668,0.921,7,-3.727,1,0.0439,0.0492,0.00517,0.0877,0.782,120.0,212440,4
406485,Rauw Alejandro,El Efecto,4SJHHpKhcuXwDsCsPqshXj,75,2019,pop,0.849,0.781,0,-4.635,0,0.159,0.406,0.0,0.0801,0.893,84.041,217143,4
406427,Dean Lewis,Half A Man,1ugQtcwmKOXvKAYzhjncmv,75,2019,pop,0.507,0.204,0,-11.575,1,0.0504,0.855,0.0,0.143,0.343,77.765,179120,4
591108,Chlöe,How Does It Feel,0ixyLzNaPr7G2Fu5ETgssB,75,2023,dance,0.575,0.738,8,-3.65,1,0.0712,0.208,0.0,0.153,0.391,82.609,166623,4
264786,Calvin Harris,"Feels (feat. Pharrell Williams, Katy Perry & Big Sean)",5bcTCxgc7xVfSaMV3RuVke,75,2017,dance,0.893,0.745,11,-3.105,0,0.0571,0.0642,0.0,0.0943,0.872,101.018,223413,4
569227,SZA,Notice Me,4fnNBPN9W6AoOYSQS3FJxT,75,2022,pop,0.724,0.68,5,-6.822,1,0.117,0.275,9.91e-05,0.11,0.777,159.919,160920,4
591194,Jason Derulo,Saturday/Sunday,2tX3PY8eP3h9XaBcLXuRBa,75,2023,dance,0.698,0.781,8,-5.615,0,0.0401,0.143,0.0,0.0762,0.851,124.017,166573,4
569223,SZA,Gone Girl,2Sjx8DWZO5zaTyTAmgo2gY,75,2022,pop,0.428,0.439,5,-7.674,1,0.0591,0.57,0.0,0.153,0.418,150.007,244027,4
515645,Justin Bieber,Off My Face,3T03rPwlL8NVk1yIaxeD8U,75,2021,pop,0.509,0.228,4,-8.68,1,0.0332,0.92,0.0,0.104,0.586,90.674,156468,4
591214,Rita Ora,You Only Love Me,5FHPvs8RxWBQXP2Rq9I2B2,75,2023,dance,0.67,0.727,7,-5.477,1,0.0689,0.277,0.0,0.52,0.412,110.151,150013,4
138961,Mr. Probz,Waves - Robin Schulz Radio Edit,1HFfMOxCAT4GAwaPfCdmUs,75,2014,hip-hop,0.829,0.51,5,-9.334,0,0.0369,0.00821,0.00143,0.0829,0.45,119.994,208133,4
515658,Aimer,残響散歌,7v8wKvNQQIxkugCFFjrkaO,75,2021,pop,0.367,0.896,11,-4.002,1,0.091,0.000627,0.0,0.207,0.38,170.863,184893,4
406483,IV Of Spades,Come Inside Of My Heart,3Eb5sztvEMa0Mqnb8DUAlU,75,2019,pop,0.676,0.565,10,-9.411,1,0.03,0.00321,0.000579,0.241,0.689,113.007,246396,4
498396,MC Pipokinha,Bota na Pipokinha (feat. DJ FELYPINHO 013),5Yt3AV2nXQdPqdknyLtJk0,75,2021,funk,0.949,0.866,11,-11.127,0,0.377,0.302,0.0156,0.425,0.139,129.996,193985,4
590821,HARDY,red (feat. Morgan Wallen),2D3JfPyY2LkzXgNOb7qziR,75,2023,country,0.582,0.878,11,-4.564,1,0.0404,0.0305,0.0,0.0791,0.581,140.03,205768,4
1343524,Flo Rida,Club Can't Handle Me (feat. David Guetta),6ebkx7Q5tTxrCxKq4GYj0Y,75,2010,dance,0.616,0.869,0,-3.911,1,0.0327,0.0283,0.0,0.064,0.473,127.966,234560,4
569253,Taylor Swift,Mastermind,7FmYn9e7KHMXcxqGSj9LjH,75,2022,pop,0.662,0.357,4,-14.064,1,0.154,0.553,0.00129,0.0837,0.124,125.966,191039,4
340902,Playboi Carti,Fell In Luv (feat. Bryson Tiller),1s9DTymg5UQrdorZf43JQm,75,2018,hip-hop,0.657,0.668,2,-6.208,1,0.136,0.0273,0.0,0.32,0.227,162.997,206333,4
1130966,Mark Ronson,Valerie (feat. Amy Winehouse) - Version Revisited,6kopmMZiyLmw7h66uXcXR7,75,2007,dance,0.699,0.83,1,-4.898,1,0.0633,0.00243,0.00024,0.0995,0.889,105.809,219413,4
1130956,M.I.A.,Paper Planes,1ixbwbeBi5ufN4noUKmW5a,75,2007,dance,0.447,0.848,2,-6.175,1,0.222,0.033,7.46e-05,0.65,0.485,172.253,205200,4
541643,Anne-Marie,PSYCHO,1eprzC29mwUQqcVj0eILdx,75,2022,dance,0.62,0.681,9,-4.915,1,0.356,0.0138,0.0,0.0248,0.741,160.743,162493,4
197521,Adele,Love In The Dark,7B5Npv8NjjTCzk8PLpU66h,75,2015,pop,0.331,0.341,9,-6.057,0,0.0309,0.528,0.0,0.109,0.152,109.821,285935,4
40343,Rihanna,Diamonds,1z9kQ14XBSN0r2v6fx4IdG,75,2012,pop,0.564,0.71,11,-4.92,0,0.0461,0.00125,0.0,0.109,0.393,91.972,225147,4
590819,Morgan Wallen,Wine Into Water,0oPRfdP48RM4bd3xBFyiRo,75,2023,country,0.564,0.829,6,-5.842,1,0.0281,0.0466,0.000184,0.118,0.393,122.038,223968,4
590820,Morgan Wallen,180 (Lifestyle),4Q6LSSmQwn94hioXfvzdbU,75,2023,country,0.589,0.901,6,-4.513,1,0.0433,0.123,1.18e-05,0.167,0.746,83.878,189157,4
342781,Mitski,Nobody,2P5yIMu2DNeMXTyOANKS6k,75,2018,indie-pop,0.398,0.717,0,-5.253,1,0.0398,0.07,0.0,0.085,0.487,117.296,193429,4
1121295,MGMT,Electric Feel,3FtYbEfBqAlGO46NUDQSAt,75,2007,alt-rock,0.763,0.803,1,-3.713,1,0.0351,0.0709,0.285,0.348,0.561,103.04,229640,3
272517,XXXTENTACION,I Don't Wanna Do This Anymore,5de9Ho64dovuQI8Uhn5gPD,75,2017,emo,0.433,0.778,4,-7.681,1,0.041,0.843,0.0,0.139,0.764,114.208,87561,4
590823,Morgan Wallen,Good Girl Gone Missin’,5LisHkYlpdkqNYl1HZ5cKd,75,2023,country,0.558,0.492,7,-7.604,1,0.0273,0.316,3.13e-05,0.0729,0.134,86.031,175031,4
224464,Rachel Platten,Fight Song,37f4ITSlgPX81ad2EvmVQr,75,2016,dance,0.564,0.714,7,-4.987,1,0.129,0.0549,0.0,0.155,0.33,175.924,204013,4
1343531,B.o.B,Nothing on You,2A5YAFeEwGi7KlGMYRf5dX,75,2010,dance,0.553,0.798,10,-5.992,1,0.109,0.578,0.0,0.599,0.378,103.948,107703,4
590824,Morgan Wallen,Last Drive Down Main,3NsqLy0x8l9VyNfOHQTNHs,75,2023,country,0.45,0.846,6,-4.091,1,0.0447,0.116,3.21e-05,0.263,0.598,160.045,193164,4
406392,Arizona Zervas,ROXANNE,696DnlkuDOXcMAnKlTgXXK,75,2019,pop,0.621,0.601,6,-5.616,0,0.148,0.0522,0.0,0.46,0.457,116.735,163636,5
377672,Doja Cat,Rules,1TMWcbxL5YF8rKsFHv5hAP,74,2019,dance,0.651,0.724,7,-5.457,1,0.166,0.172,0.0,0.13,0.686,144.146,187040,4
515730,Coldplay,Let Somebody Go,4cGqn0E8JCSY9gQllQj4Mf,74,2021,pop,0.592,0.342,0,-8.93,1,0.0339,0.193,0.00245,0.11,0.155,130.953,241595,4
560223,Pharrell Williams,Cash In Cash Out,3S68RFe1lsdCdTMPIMJM3X,74,2022,hip-hop,0.877,0.56,7,-3.751,1,0.0596,0.00721,1.45e-06,0.0839,0.154,119.971,216136,4
560224,Lil Baby,California Breeze,6ug9fUi5oLLgQgOF1G8WkM,74,2022,hip-hop,0.738,0.666,5,-6.97,0,0.455,0.00361,0.0,0.107,0.215,161.734,177789,4
560227,Yung Gravy,Betty (Get Money),4cacyP5c3PMlfnyjpg13xW,74,2022,hip-hop,0.723,0.772,1,-6.784,1,0.0792,0.00524,1.15e-05,0.367,0.58,102.004,146471,4
40344,Rihanna,Pour It Up,76VtA90NKurNqaQpV126Ue,74,2012,pop,0.785,0.478,2,-8.735,1,0.0419,0.0254,0.0,0.0901,0.39,134.002,161200,4
406438,Ed Sheeran,South of the Border (feat. Camila Cabello & Cardi B),4vUmTMuQqjdnvlZmAH61Qk,74,2019,pop,0.857,0.621,9,-6.376,0,0.0825,0.148,0.0,0.0865,0.668,97.989,204467,4
197536,The Weeknd,In The Night,25KybV9BOUlvcnv7nN3Pyo,74,2015,pop,0.505,0.68,7,-4.993,1,0.0714,0.0796,0.0,0.0465,0.539,168.022,235653,3
197546,Meghan Trainor,Dear Future Husband,3cU2wBxuV6nFiuf6PJZNlC,74,2015,pop,0.655,0.782,1,-4.789,1,0.185,0.375,0.0,0.317,0.832,79.427,184227,4
476747,Zack Tabudlo,Give Me Your Forever,4mzP5mHkRvGxdhdGdAH7EJ,74,2021,acoustic,0.627,0.363,8,-8.127,1,0.0291,0.279,0.0,0.0928,0.301,99.905,244800,4
406436,Sam Smith,Dancing With A Stranger (with Normani),6Qs4SXO9dwPj5GKvVOv8Ki,74,2019,pop,0.741,0.52,8,-7.513,1,0.0656,0.45,1.97e-06,0.222,0.347,102.998,171030,4
765004,Eve,Let Me Blow Ya Mind,3RmKpob8xzv1pzHEQrMJah,74,2001,hip-hop,0.908,0.557,8,-4.243,0,0.107,0.242,0.0,0.0709,0.897,90.032,230133,4
197542,Meghan Trainor,Better When I'm Dancin',5k5fWendNngd89O8JKoE8L,74,2015,pop,0.756,0.789,2,-7.002,1,0.0324,0.53,0.000711,0.157,0.873,127.987,176267,4
406429,Lewis Capaldi,Forever,12OLyHDxt6dqlAybSPFBK3,74,2019,pop,0.646,0.355,1,-7.119,1,0.0263,0.873,0.0,0.115,0.364,84.988,210863,4
377666,Lizzo,Truth Hurts,3HWzoMvoF3TQfYg4UPszDq,74,2019,dance,0.715,0.624,4,-3.046,0,0.114,0.11,0.0,0.123,0.412,158.087,173325,4
744887,Kylie Minogue,Can't Get You out of My Head,3E7ZwUMJFqpsDOJzEkBrQ7,74,2001,dance,0.766,0.563,9,-7.516,0,0.0339,0.0263,0.683,0.115,0.964,126.007,230640,4
377684,Kygo,Higher Love,6oJ6le65B3SEqPwMRNXWjY,74,2019,dance,0.693,0.678,8,-7.159,1,0.0324,0.0151,5.71e-06,0.101,0.404,103.952,228267,4
547379,Fred again..,Turn On The Lights again.. (feat. Future),6gdDu39yYqPcaTgCwYEW8i,74,2022,edm,0.683,0.887,6,-4.944,0,0.0497,0.0125,0.446,0.318,0.551,132.007,267947,4
560237,Kendrick Lamar,United In Grief,5Gt9bxniM1SxN61yRzRhXL,74,2022,hip-hop,0.529,0.845,8,-8.142,1,0.404,0.244,0.0,0.143,0.331,85.63,255378,3
406420,Harry Styles,Lights Up,4jAIqgrPjKLTY9Gbez25Qb,74,2019,pop,0.575,0.621,10,-8.165,0,0.032,0.0392,0.0045,0.141,0.27,101.987,172213,4
93581,Marc Anthony,Vivir Mi Vida,3QHMxEOAGD51PDlbFPHLyJ,74,2013,pop,0.656,0.877,0,-3.231,0,0.0342,0.345,0.0,0.349,0.894,105.018,252347,4
1411795,Luke Bryan,Country Girl (Shake It For Me),0JbSghVDghtFEurrSO8JrC,74,2011,country,0.645,0.904,2,-4.532,1,0.0462,0.0293,0.0,0.0834,0.671,105.97,225560,4
560221,Drake,BackOutsideBoyz,0wshkEEcJUQU33RSRBb5dv,74,2022,hip-hop,0.849,0.433,5,-8.434,0,0.316,0.0407,0.0,0.388,0.395,142.11,152962,4
560220,Drake,Hours In Silence,0sSRLXxknVTQDStgU1NqpY,74,2022,hip-hop,0.501,0.403,6,-11.106,0,0.119,0.234,0.0,0.267,0.111,118.352,399154,4
508718,Arthur Nery,Isa lang,0HAG6nIiEKd75yGpovuSJQ,74,2021,indie-pop,0.429,0.464,6,-8.445,0,0.0719,0.783,0.0,0.0846,0.375,121.17,269256,3
515608,Taylor Swift,Red (Taylor's Version),4OAuvHryIVv4kMDNSLuPt6,74,2021,pop,0.516,0.777,1,-4.908,0,0.0375,0.00108,1.62e-06,0.0761,0.408,125.047,223093,4
540784,Lainey Wilson,Heart Like A Truck,5ZCjp56T8J6d7amJyFSzrI,74,2022,country,0.587,0.632,9,-5.416,1,0.0311,0.148,1.01e-05,0.158,0.392,139.974,199040,4
340898,Migos,Stir Fry,2UVbBKQOdFAekPTRsnkzcf,74,2018,hip-hop,0.817,0.816,2,-5.402,1,0.269,0.00263,0.0,0.159,0.508,181.982,190288,4
540785,HARDY,wait in the truck (feat. Lainey Wilson),7trjNYF5ek7zX4GKSHQZbP,74,2022,country,0.534,0.466,6,-6.98,1,0.0272,0.277,0.0,0.0979,0.23,140.0,277660,4
243933,Lil Wayne,"Sucker for Pain (with Wiz Khalifa, Imagine Dragons, Logic & Ty Dolla $ign feat. X Ambassadors)",4dASQiO1Eoo3RJvt74FtXB,74,2016,hip-hop,0.502,0.786,9,-4.378,0,0.317,0.255,0.0,0.65,0.739,169.021,243491,4
423470,Anıl Emre Daldal,M.,6wfb4nI2Vih263JqC8WSoW,74,2020,alt-rock,0.575,0.366,1,-13.644,0,0.0281,0.568,0.957,0.129,0.444,100.004,223750,4
540786,Zach Bryan,The Good I'll Do,53zCCom4uEoIBaOAEJtjUL,74,2022,country,0.434,0.215,10,-8.478,1,0.0417,0.82,0.0,0.456,0.187,118.152,211316,4
243921,Tory Lanez,Say It,2Gyc6e2cLxA5hoX1NOvYnU,74,2016,hip-hop,0.546,0.529,11,-10.511,0,0.0583,0.0862,6.5e-06,0.124,0.247,107.331,237787,4
243920,Drake,Too Good,3BtuIIrQlkujKPuWF2B85z,74,2016,hip-hop,0.794,0.653,7,-7.839,1,0.104,0.0489,4.88e-05,0.1,0.397,117.996,263373,4
86645,Pritam,Kabira,4bD9z9qa4qg9BhryvYWB7c,74,2013,indian,0.59,0.555,2,-6.861,1,0.0271,0.481,0.0,0.192,0.191,84.027,223460,4
263881,Chris Stapleton,Broken Halos,06gD2ZtK3Dzc1BYqWExQJJ,74,2017,country,0.613,0.564,8,-7.085,1,0.0251,0.134,1.65e-06,0.0585,0.538,78.388,180907,4
263882,Brett Young,In Case You Didn't Know,10M2Ex445zw585Ducldzkw,74,2017,country,0.607,0.536,10,-7.306,1,0.0305,0.386,0.0,0.102,0.434,147.986,224853,4
243913,Future,Low Life (feat. The Weeknd),7EiZI6JVHllARrX9PUvAdX,74,2016,hip-hop,0.722,0.331,8,-7.789,1,0.0726,0.337,0.282,0.146,0.102,143.961,313547,4
264798,P!nk,What About Us,0Qh38w01QRXK6KHIv0e3hb,74,2017,dance,0.491,0.588,1,-6.177,1,0.0506,0.0281,2.01e-06,0.0906,0.193,113.608,269600,4
1232158,Slipknot,Psychosocial,3RAFcUBrCNaboRXoP3S5t1,74,2008,metal,0.568,0.981,2,-3.889,1,0.0887,0.00269,0.00275,0.0243,0.307,135.146,284120,4
264797,The Chainsmokers,Paris,72jbDTw1piOOj770jWNeaG,74,2017,dance,0.653,0.658,2,-6.428,1,0.0304,0.0215,1.66e-06,0.0939,0.219,99.99,221507,4
264788,Zedd,Stay,6uBhi9gBXWjanegOb2Phh0,74,2017,dance,0.69,0.622,5,-5.025,0,0.0622,0.253,0.0,0.116,0.544,102.04,210091,4
264783,Niall Horan,Slow Hands,2cOUlop2ZakjOKe4WinesN,74,2017,dance,0.735,0.425,0,-6.648,1,0.0464,0.011,0.0,0.055,0.848,85.896,188174,4
264782,Halsey,Walls Could Talk,5ln5yQdUywVbf8HhFsOcd6,74,2017,dance,0.626,0.423,1,-6.035,1,0.0513,0.128,0.0,0.18,0.571,95.162,101790,4
85737,A$AP Rocky,"F**kin' Problems (feat. Drake, 2 Chainz & Kendrick Lamar)",4X5f3vT8MRuXF68pfjNte5,74,2013,hip-hop,0.853,0.693,1,-6.87,1,0.275,0.0239,0.0,0.11,0.662,95.967,233787,4
264779,Hailee Steinfeld,"Let Me Go (with Alesso, Florida Georgia Line & watt)",5Gu0PDLN4YJeW75PpBSg9p,74,2017,dance,0.664,0.708,8,-4.154,1,0.0474,0.0337,0.0,0.0841,0.742,103.07,174800,4
264777,Demi Lovato,Sorry Not Sorry,0yvPEnB032fojLfVluFjUv,74,2017,dance,0.706,0.643,11,-6.929,0,0.234,0.0242,0.0,0.262,0.885,143.931,203760,4
540782,Corey Kent,Wild as Her,4RG7P0CXQ4pe0OeCAHjX5L,74,2022,country,0.504,0.736,0,-6.079,1,0.0352,0.00216,0.0,0.129,0.46,148.014,199733,4
340904,Lil Baby,Life Goes On,2bSk87AVkCIIC3Bcligq1z,74,2018,hip-hop,0.716,0.541,1,-7.909,1,0.149,0.0021,0.0,0.115,0.387,139.978,247055,4
540781,Jordan Davis,What My World Spins Around,6HBRLaSQ7NB8MNlaqzYen1,74,2022,country,0.675,0.726,2,-6.459,1,0.0461,0.105,0.0,0.153,0.671,124.872,186791,4
540778,Parker McCollum,Handle On You,6Qpfsw8OS5HW5XxgmXYLWS,74,2022,country,0.588,0.931,6,-3.925,1,0.0318,0.00411,0.0,0.345,0.625,105.027,219333,4
406391,Surfaces,Sunday Best,1Cv1YLb4q0RzL6pybtaMLo,74,2019,pop,0.878,0.525,5,-6.832,1,0.0578,0.183,0.0,0.0714,0.694,112.022,158571,4
560215,$uicideboy$,Matte Black,0hPRWztAIbNkt6GcFcLiqF,74,2022,hip-hop,0.877,0.826,10,-3.75,0,0.206,0.122,1.05e-05,0.104,0.814,75.003,238146,4
40360,Taylor Swift,We Are Never Ever Getting Back Together,0VwNdo84DaVYLIkbVO86ND,74,2012,pop,0.628,0.676,7,-5.911,1,0.0916,0.00957,2.65e-05,0.121,0.75,85.984,193147,4
836550,Maroon 5,Sunday Morning,5qII2n90lVdPDcgXEEVHNy,74,2002,pop,0.608,0.768,0,-5.227,1,0.0475,0.0913,0.0,0.0629,0.809,88.059,244880,4
40365,One Direction,They Don't Know About Us,6M31fPFCYB8Job3MCjjrDV,74,2012,pop,0.514,0.727,0,-6.131,1,0.0492,0.126,0.0,0.0978,0.37,147.917,200400,4
560208,Gunna,P power (feat. Drake),0lEjxUUlKqjqXrVlIHFduD,74,2022,hip-hop,0.828,0.591,1,-6.217,1,0.109,0.0199,0.000323,0.361,0.202,119.251,193347,4
560207,Drake,Jumbotron Shit Poppin,2ZlABhxMMa43COmZ97kKsJ,74,2022,hip-hop,0.799,0.575,6,-6.257,0,0.282,0.221,0.0,0.196,0.319,99.026,137151,4
547741,Izzamuzzic,Shootout,4pTkDIlpFNoeWbahu8pVXW,74,2022,electro,0.663,0.578,2,-9.079,1,0.0687,0.312,0.906,0.109,0.553,86.986,295309,4
515688,Ed Sheeran,Overpass Graffiti,4btFHqumCO31GksfuBLLv3,74,2021,pop,0.52,0.849,9,-3.794,0,0.186,0.00253,0.0,0.119,0.774,175.908,236907,4
995870,Madonna,Hung Up,3850dYVgOFIXJh5U4BFEWH,74,2005,dance,0.649,0.647,9,-7.695,0,0.0452,0.0039,0.161,0.0686,0.405,125.02,337733,4
995858,Gym Class Heroes,Cupid's Chokehold / Breakfast in America,2Lhdl74nwwVGOE2Gv35QuK,74,2005,dance,0.72,0.744,1,-6.938,0,0.12,0.237,0.0,0.255,0.619,78.953,243773,4
32111,Daddy Yankee,Limbo,3pDhN3qB33AOPhQEkUCaWt,74,2012,hip-hop,0.806,0.875,7,-3.817,1,0.088,0.0838,0.00192,0.065,0.917,125.063,224693,4
522725,George Henrique & Rodrigo,Vai Lá Em Casa Hoje,2wSCalnGOnXdAJC0Fn8OUY,74,2021,sertanejo,0.456,0.84,8,-3.637,0,0.283,0.519,0.0,0.96,0.589,157.612,191524,4
384326,Melanie Martinez,Teacher's Pet,5o5akY9xnEk6lpMkD8RwD9,74,2019,electro,0.686,0.794,7,-6.136,0,0.0385,0.27,2.25e-05,0.125,0.532,140.952,241893,3
553482,Rubi,ONLY 4 LIFE - Remix,7jYwZOptDPesQgzj7vhsEF,74,2022,german,0.662,0.726,6,-6.786,1,0.0516,0.132,0.0,0.455,0.408,149.944,148800,4
515594,Drake,Champagne Poetry,2HSmyk2qMN8WQjuGhaQgCk,74,2021,pop,0.423,0.667,6,-7.012,0,0.326,0.758,0.0,0.246,0.496,86.743,336511,4
515598,Taylor Swift,right where you left me - bonus track,3zwMVvkBe2qIKDObWgXw4N,74,2021,pop,0.581,0.619,10,-6.524,1,0.0282,0.769,0.000106,0.117,0.645,137.915,245027,4
540780,Jordan Davis,Next Thing You Know,2lNTHWu2I5Tcz9ukWsV5Jj,74,2022,country,0.557,0.597,5,-8.296,1,0.048,0.646,0.0,0.0974,0.414,78.526,175238,4
340932,Drake,In My Feelings,2G7V7zsVDxg1yRsu7Ew9RJ,74,2018,hip-hop,0.835,0.626,1,-5.833,1,0.125,0.0589,6e-05,0.396,0.35,91.03,217925,4
12116,Zedd,Clarity,60wwxj6Dd9NJlirf84wr2c,74,2012,dance,0.509,0.781,8,-3.48,1,0.072,0.0398,0.0,0.0749,0.176,128.0,271427,4
515604,Ryan Mack,Overwhelmed (Ryan Mack Remix),03eyNjBM2mpx28H6kdaufN,74,2021,pop,0.658,0.445,0,-8.749,0,0.154,0.161,0.0,0.0845,0.513,174.111,103240,4
340919,Migos,Walk It Talk It,6n4U3TlzUGhdSFbUUhTvLP,74,2018,hip-hop,0.907,0.633,2,-5.145,1,0.184,0.0876,2.6e-06,0.106,0.395,145.914,276147,4
515636,Justin Bieber,Hold On,1nahzW3kfMuwReTka28tH5,74,2021,pop,0.658,0.634,1,-6.068,0,0.0431,0.0104,0.0,0.12,0.302,140.002,170813,4
440727,XXXTENTACION,Riot,4aOOExMBUyxKnEYb39SrTg,74,2020,emo,0.509,0.542,3,-8.027,0,0.442,0.019,0.00639,0.23,0.151,97.767,78681,4
1008253,Korn,Coming Undone,3o7TMr6RmIusYH7Kkg7ujR,74,2005,funk,0.687,0.677,2,-4.172,1,0.0508,0.000643,0.000137,0.0564,0.545,75.052,199773,4
569265,Leah Kate,10 Things I Hate About You,6Jkm5kUldvIqxzI1Pa7nXH,74,2022,pop,0.544,0.786,8,-2.97,1,0.0501,0.00991,0.0,0.169,0.446,153.967,157138,4
590826,Morgan Wallen,Money On Me,09UUDUFaudMcUkocm2iqR8,74,2023,country,0.485,0.78,2,-5.963,1,0.0292,0.00813,0.00321,0.0845,0.323,75.063,175159,4
590825,Morgan Wallen,Me To Me,3CqT9ajcy6pY7TonEPiV4H,74,2023,country,0.639,0.909,9,-4.176,1,0.048,0.145,0.0,0.144,0.554,114.04,138959,4
590822,Old Dominion,Memory Lane,5kB6WithhB8Iv08EMNmAbt,74,2023,country,0.645,0.8,6,-4.272,1,0.0363,0.0189,1.12e-05,0.0858,0.375,118.977,172480,4
541644,Charlie Puth,That's Hilarious,0wPKDeY4fZXT6k9bzV0kx0,74,2022,dance,0.713,0.442,6,-5.909,1,0.0604,0.739,0.0,0.112,0.546,108.038,144934,4
569248,charlieonnafriday,Enough,4vuVzf7BIZhDAFm3TB0Tzy,74,2022,pop,0.745,0.543,7,-8.137,1,0.0396,0.22,0.0,0.174,0.242,139.964,185267,4
1130973,Chris Brown,With You,5Lgcn7u07bHuqbOtXkN62u,74,2007,dance,0.662,0.693,3,-4.298,1,0.0698,0.134,0.0,0.145,0.655,86.009,252120,4
569260,Taylor Swift,Question...?,0heeNYlwOGuUSe7TgUD27B,74,2022,pop,0.751,0.502,7,-8.763,1,0.167,0.2,0.0,0.296,0.106,108.943,210557,4
397291,Santa Fe Klan,Debo Entender,55mzJ0LftLnef8sxAjrMkU,74,2019,hip-hop,0.678,0.457,0,-6.854,1,0.177,0.741,0.0,0.113,0.563,72.156,238420,4
397303,Cartel De Santa,Burbujas de Cristal,15yuvKhcoEtV5KwKxqHSwa,74,2019,hip-hop,0.783,0.75,1,-4.891,1,0.106,0.218,0.0,0.546,0.48,123.043,224625,4
590828,Morgan Wallen,Outlook,3uKJ1sSJXGLCMItH0YNPkh,74,2023,country,0.526,0.764,2,-6.038,1,0.0298,0.0342,6.77e-05,0.136,0.243,103.001,193713,4
569272,Billie Eilish,The 30th,5SHpuW2qjkQtFRpE6P9Nks,74,2022,pop,0.387,0.135,7,-14.398,1,0.051,0.929,0.0,0.0948,0.21,82.987,216448,4
397475,Paulo Londra,Nena Maldición (feat. Lenny Tavárez),77dMSg2VHi2wwXjXNrmcrZ,74,2019,hip-hop,0.566,0.531,6,-6.635,1,0.0716,0.192,0.0,0.179,0.367,118.96,227518,4
569283,Giveon,Lost Me,6TSO4hwz9WGrEUY7ABGVim,74,2022,pop,0.428,0.443,2,-8.955,0,0.101,0.525,1.76e-05,0.219,0.2,87.934,180954,4
569290,Lana Del Rey,Did you know that there's a tunnel under Ocean Blvd,5U1OEoEW4xnalSAToamwZL,74,2022,pop,0.431,0.34,0,-9.384,1,0.0311,0.794,0.0108,0.12,0.0529,119.877,285051,4
398061,Surf Mesa,ily (i love you baby) (feat. Emilee),62aP9fBQKYKxi7PDXwcUAS,74,2019,house,0.674,0.774,11,-7.567,0,0.0892,0.0686,0.00188,0.393,0.33,112.05,176547,4
541615,Megan Thee Stallion,Sweetest Pie,7mFj0LlWtEJaEigguaWqYh,74,2022,dance,0.814,0.628,7,-7.178,1,0.221,0.167,0.0,0.101,0.677,123.977,201334,4
399075,Cavetown,Juliet,45ROR8UMn60YEVQnDy0uVF,74,2019,indie-pop,0.546,0.586,6,-8.488,1,0.0313,0.00346,0.00114,0.0562,0.364,131.778,278991,4
344859,EXO,Love Shot,0yB4jrSwN0bFtFRDR5vyMj,74,2018,k-pop,0.689,0.678,5,-4.287,0,0.119,0.0702,0.0,0.0889,0.335,145.883,200306,4
590827,Kelsea Ballerini,Blindsided,65gLItuJFVkdt3k4ibQMAz,74,2023,country,0.667,0.581,0,-5.89,1,0.0375,0.227,0.0,0.112,0.407,122.016,170907,4
541654,Sia,Unstoppable - R3HAB Remix,0F3v8p8ZnEGtZDxNcJ5Klq,74,2022,dance,0.678,0.744,6,-4.058,0,0.234,0.495,2.35e-05,0.0631,0.433,101.987,162353,4
284827,$uicideboy$,For the Last Time,240audWazVjwvwh7XwfSZE,74,2017,hip-hop,0.844,0.533,1,-9.612,1,0.552,0.0735,3.46e-06,0.0953,0.23,140.078,156081,4
591223,Jonas Blue,Weekends,3JlHRjPt2TNB9h7VFf0im2,74,2023,dance,0.571,0.937,6,-3.365,1,0.033,0.0337,3.71e-05,0.212,0.607,148.979,127004,4
466606,Junior H,Clave Ali,0rSlb6Ng6JobokQUPngjRE,74,2020,sad,0.649,0.704,10,-4.073,1,0.0364,0.311,1.61e-05,0.31,0.611,108.181,201873,4
1309647,Atif Aslam,Tera Hone Laga Hoon,0dLbrlAVPPjpPqnYfmJsWk,74,2009,pop,0.684,0.771,8,-5.353,1,0.0307,0.548,0.0,0.112,0.539,119.982,299827,4
350231,Ozuna,Solita,7rwX0O3RlxqqIjQM8evm5E,74,2018,pop,0.807,0.633,10,-6.016,0,0.0929,0.0564,0.0,0.107,0.325,138.038,311726,4
350220,The Weeknd,Try Me,4ppTAJUbNXELZcoUaL90wo,74,2018,pop,0.456,0.679,8,-5.778,0,0.064,0.596,0.000573,0.129,0.107,92.026,221107,4
350219,The Weeknd,Hurt You,6QdnKD1zwEgyOWtkrdzlOF,74,2018,pop,0.476,0.718,5,-7.227,0,0.149,0.263,0.00261,0.109,0.361,183.932,230027,4
350211,Summer Walker,Karma,2Fyjjpg03fn7n5cj0Qm380,74,2018,pop,0.593,0.294,1,-10.072,0,0.0499,0.345,2.03e-05,0.287,0.152,113.847,188907,4
350210,Dominic Fike,Babydoll,7yNf9YjeO5JXUE3JEBgnYc,74,2018,pop,0.762,0.604,7,-5.296,0,0.11,0.114,0.0,0.0271,0.847,168.007,97960,4
1315876,Muse,Uprising,4VqPOruhp5EdPBeR92t6lQ,74,2009,rock,0.602,0.905,2,-4.046,1,0.0775,0.000202,0.064,0.117,0.411,128.019,304840,4
591207,Jax Jones,Whistle (feat. Calum Scott),4q05KbxYZ5JdkmrletgPjF,74,2023,dance,0.701,0.88,10,-4.56,0,0.0358,0.182,7.33e-06,0.0649,0.623,124.039,181958,4
397250,DaBaby,BOP,6Ozh9Ok6h4Oi1wUSLtBseN,74,2019,hip-hop,0.769,0.787,11,-3.909,1,0.367,0.189,0.0,0.129,0.836,126.77,159715,4
470182,GANGGA,Blue Jeans,4kfjA6WfgKBt7I7YKuDCkU,74,2020,singer-songwriter,0.639,0.297,7,-11.18,1,0.0334,0.938,0.0839,0.18,0.292,113.989,211483,3
1097347,The Red Jumpsuit Apparatus,Face Down,4wzjNqjKAKDU82e8uMhzmr,74,2006,pop,0.545,0.932,7,-2.189,0,0.0399,0.000665,0.0,0.127,0.464,92.956,192000,4
569232,SZA,Smoking on my Ex Pack,4jTs7ny5eSRnKTzxdrFv5I,74,2022,pop,0.466,0.676,8,-8.097,1,0.38,0.241,0.00318,0.224,0.333,81.227,83827,4
591103,John Summit,Where You Are,4qDpLaFGf5ampf2DXD2TMA,74,2023,dance,0.56,0.832,9,-6.432,0,0.0363,0.00953,0.00541,0.546,0.0818,126.0,236000,4
569235,SZA,Conceited,4hTej08FutmriOs7S1hWWy,74,2022,pop,0.791,0.458,1,-8.236,1,0.0673,0.0486,4.08e-05,0.106,0.772,150.046,151413,4
569237,SZA,Far,74NI58MQexwZjNu1Gu6GjT,74,2022,pop,0.612,0.549,2,-7.401,1,0.0833,0.672,0.000203,0.163,0.477,115.915,180680,4
397243,A$AP Ferg,"Dreams, Fairytales, Fantasies (feat. Brent Faiyaz & Salaam Remi)",5oady7OSE7dH7LHiqmb3Cr,74,2019,hip-hop,0.737,0.597,7,-7.333,1,0.119,0.292,0.0,0.13,0.449,92.049,222987,4
397245,Mustard,Pure Water (with Migos),3j84U36KvLeXNDPv4t5pI8,74,2019,hip-hop,0.682,0.559,0,-5.545,1,0.127,0.174,0.0,0.344,0.137,202.015,192471,4
129472,Indila,Dernière danse,65uoaqX5qcjXZRheAj1qQT,74,2014,french,0.669,0.449,0,-7.658,0,0.0489,0.184,0.0,0.0729,0.327,114.926,213493,4
284830,Gunna,Drip or Drown,6ZthdsKjWtiCxnxbhs74vF,74,2017,hip-hop,0.952,0.478,5,-8.52,0,0.361,0.774,0.0,0.112,0.568,118.008,126168,4
384333,Ashe,Moral of the Story,2nC3QhMI9reBIOWutbU3Tj,74,2019,electro,0.572,0.406,10,-8.624,1,0.0427,0.587,4.48e-06,0.102,0.265,119.812,201084,4
510749,ENHYPEN,Drunk-Dazed,1wcr8DjnN59Awev8nnKpQ4,74,2021,k-pop,0.599,0.869,5,-5.174,0,0.0618,0.000707,0.0,0.0911,0.453,132.889,193260,4
574231,Natanael Cano,Que Me Importa,7rp5s1fEFuu42FoeHrrPyx,74,2022,sad,0.571,0.744,6,-5.336,0,0.0565,0.336,0.0,0.0907,0.839,108.703,208541,3
574225,Natanael Cano,Selfies,7JZCzh0bOodHRR4ctUdWft,74,2022,sad,0.777,0.682,6,-6.656,0,0.0276,0.485,1.97e-06,0.129,0.927,133.853,180271,3
1343497,Bruno Mars,Marry You,22PMfvdz35fFKYnJyMn077,74,2010,dance,0.621,0.82,10,-4.865,1,0.0367,0.332,0.0,0.104,0.452,144.905,230192,4
1343513,B.o.B,Nothin' on You (feat. Bruno Mars),59dLtGBS26x7kc0rHbaPrq,74,2010,dance,0.688,0.853,10,-5.814,1,0.0493,0.386,0.0,0.0862,0.743,103.993,268320,4
541597,Hailee Steinfeld,Coast (feat. Anderson .Paak),1l4iQsOZ5sOXZPMQLvouaB,74,2022,dance,0.701,0.875,11,-4.1,1,0.0757,0.0262,7.32e-06,0.137,0.84,111.976,166720,4
313904,Everybody Loves an Outlaw,I See Red,5MAK1nd8R6PWnle1Q1WJvh,74,2018,blues,0.509,0.448,4,-7.552,0,0.0357,0.00713,0.0137,0.244,0.221,156.909,230613,3
401156,TWICE,FANCY,2qQpFbqqkLOGySgNK8wBXt,74,2019,k-pop,0.697,0.874,5,-2.15,0,0.0449,0.0122,0.0,0.627,0.775,132.018,213880,4
574211,Junior H,Loco Enamorado,0V6NB0qBW7Vvm7RuSoHszG,74,2022,sad,0.569,0.38,11,-7.231,0,0.092,0.0887,0.0,0.16,0.481,77.556,226000,1
510748,Stray Kids,Thunderous,0nwTMzpatarzvLvtwwzdCt,74,2021,k-pop,0.601,0.786,1,-3.706,1,0.234,0.213,0.0,0.209,0.79,172.156,183267,4
174633,Galantis,Runaway (U & I),46lFttIf5hnUZMGvjK0Wxo,74,2015,edm,0.506,0.805,1,-4.119,1,0.0469,0.00711,0.00193,0.0856,0.383,126.008,227074,4
510747,TWICE,The Feels,308Ir17KlNdlrbVLHWhlLe,74,2021,k-pop,0.808,0.903,9,-2.179,1,0.0729,0.0899,0.0,0.0816,0.922,120.044,198053,4
574174,Ivan Cornejo,J.,4lUsBLTAiufWocWtg4H0my,74,2022,sad,0.408,0.47,10,-10.149,1,0.0893,0.666,5.44e-05,0.0926,0.0953,51.66,234613,4
573073,Mrs. GREEN APPLE,ダンスホール,4NaaF28BeO9WzjDrSS71Nz,74,2022,rock,0.736,0.695,7,-3.87,1,0.0468,0.0209,0.0,0.0517,0.784,109.976,203150,4
18492,Mac DeMarco,Freaking Out the Neighborhood,3HlK8txWAdtKMrbsqX40pl,74,2012,edm,0.565,0.832,8,-5.751,0,0.108,0.0638,0.0288,0.386,0.847,143.303,173889,4
284886,Daddy Yankee,Vuelve,0gCPvo1GkbtPhMqg5Gbx1K,74,2017,hip-hop,0.734,0.531,1,-5.662,1,0.0321,0.196,0.0,0.119,0.199,130.024,279613,4
246953,Tulus,Langit Abu-Abu,2FaquTc3FYvNm7RuO1gD6O,74,2016,jazz,0.485,0.133,2,-10.7,1,0.058,0.91,0.0,0.106,0.366,100.593,202951,3
572967,Imagine Dragons,Symphony,2ThaHV10xrAcL2WfqXyLnp,74,2022,rock,0.662,0.64,7,-5.223,1,0.0742,0.0227,0.0,0.142,0.921,90.002,175833,4
453813,Pritam,Shayad,1smFN2CLqGROu0J0UyvDfL,74,2020,indian,0.483,0.468,8,-7.642,1,0.0341,0.784,0.0,0.152,0.319,135.875,247941,4
574241,Natanael Cano,Morritas,5RQKSb1oqK7bAkuNpu1NSC,74,2022,sad,0.675,0.611,8,-7.139,1,0.0261,0.593,0.0,0.117,0.532,95.074,216330,3
247531,BLACKPINK,PLAYING WITH FIRE,7qmvLmX9tyaTiBAVNI6YEn,74,2016,k-pop,0.706,0.756,4,-4.405,0,0.0845,0.0392,0.0,0.18,0.676,97.098,197289,4
284834,Drake,Do Not Disturb,2KvHC9z14GSl4YpkNMX384,74,2017,hip-hop,0.618,0.693,7,-5.943,0,0.45,0.246,0.0,0.112,0.454,170.982,283551,4
569402,Bayanni,Ta Ta Ta,3rmqNsOiGqqvFNTmGlzl4R,74,2022,pop,0.735,0.592,1,-11.208,1,0.0534,0.0661,0.522,0.125,0.603,104.065,159426,4
119685,Ariana Grande,Problem,7vS3Y0IKjde7Xg85LWIEdP,74,2014,dance,0.66,0.805,1,-5.352,0,0.153,0.0192,8.83e-06,0.159,0.625,103.008,193920,4
119689,Selena Gomez,The Heart Wants What It Wants,6wJwkMo278iWVlWl1XQ4WA,74,2014,dance,0.616,0.789,7,-4.874,0,0.0377,0.053,0.0,0.142,0.621,83.066,227373,4
119707,Shakira,Can't Remember to Forget You (feat. Rihanna),7o1Pm9jpH0wFpN5g793Lnq,74,2014,dance,0.694,0.81,11,-3.556,0,0.0661,0.122,0.0,0.141,0.824,137.968,206867,4
284837,Kendrick Lamar,LOYALTY. FEAT. RIHANNA.,6SwRhMLwNqEi6alNPVG00n,74,2017,hip-hop,0.658,0.535,9,-8.983,0,0.0573,0.0265,0.0,0.2,0.419,110.684,227360,4
20741,Passenger,Let Her Go,1KxwZYyzWNyZSRyErj2ojT,74,2012,folk,0.479,0.545,7,-7.346,1,0.0688,0.365,0.0,0.0963,0.243,74.897,252733,4
569386,Kany García,La Siguiente,4joPCNKibsoabhpuHPofqG,74,2022,pop,0.715,0.612,4,-4.32,1,0.0344,0.471,0.0,0.0838,0.602,93.869,202176,3
327776,Alec Benjamin,If We Have Each Other,7pT6WSg4PCt4mr5ZFyUfsF,74,2018,electro,0.656,0.577,10,-5.566,0,0.0802,0.698,0.0,0.296,0.861,173.094,181522,4
284844,NF,If You Want Love,3i5qVV8azKqGFK4Gzdt5YS,74,2017,hip-hop,0.551,0.386,0,-10.22,1,0.132,0.659,0.0,0.125,0.245,116.409,199387,1
577934,Em Beihold,Numb Little Bug,3o9kpgkIcffx0iSwxhuNI2,74,2022,singer-songwriter,0.742,0.527,8,-6.892,0,0.0769,0.327,0.0,0.25,0.638,84.974,169238,4
284860,Macklemore,Glorious (feat. Skylar Grey),0CokSRCu5hZgPxcZBaEzVE,74,2017,hip-hop,0.731,0.794,0,-5.126,0,0.0522,0.0323,2.59e-05,0.112,0.356,139.994,220454,4
577933,Jax,Victoria's Secret,4svaKoxMMP7ImmKrD5hfQu,74,2022,singer-songwriter,0.586,0.556,6,-7.639,1,0.0592,0.00655,0.0,0.0836,0.517,167.018,176125,4
569476,YOASOBI,祝福,7ajpbW6tBpqUI9foCtwlLw,74,2022,pop,0.553,0.958,4,-3.159,0,0.073,0.0186,3.08e-05,0.297,0.541,170.045,196235,4
454750,Beach Bunny,Cloud 9,6vFsBXYczYsP0H3lgunZOm,74,2020,indie-pop,0.637,0.929,4,-3.593,1,0.0491,0.00167,2.62e-05,0.344,0.902,80.974,147351,4
576582,Hugo & Guilherme,Cheiro de Balada - Ao Vivo,2ykYxd8UGHOsdjP3Z5jSHh,74,2022,sertanejo,0.726,0.841,1,-2.811,1,0.0474,0.486,0.0,0.778,0.773,118.0,171078,4
569518,Diljit Dosanjh,Lemonade,3ZGJhN4unVspOqpwGvUL2W,74,2022,pop-film,0.789,0.744,1,-7.245,1,0.0414,0.281,0.0,0.0763,0.783,143.998,166667,4
576570,Israel & Rodolffo,Nem Namorado e Nem Ficante - Ao Vivo | Faixa Bônus,6bwx7pcKJY05D9S6CVa1k6,74,2022,sertanejo,0.627,0.949,9,-4.16,0,0.0531,0.0568,0.0,0.645,0.682,146.079,166601,4
576565,Marília Mendonça,Te Amo Demais,4xxeEWGQNFQ6qehlnev5LS,74,2022,sertanejo,0.713,0.625,0,-3.473,1,0.0268,0.573,0.0,0.11,0.687,114.023,205685,4
576562,Gusttavo Lima,Ex dos Meus Sonhos - Ao Vivo,7LUZT12r4xmwR1Kh8TJgjv,74,2022,sertanejo,0.75,0.748,9,-4.424,1,0.0331,0.554,0.0,0.921,0.607,105.989,182944,4
1308468,OneRepublic,Secrets,1NhPKVLsHhFUHIOZ32QnS2,74,2009,piano,0.516,0.764,2,-6.223,1,0.0366,0.0717,0.0,0.115,0.376,148.021,224693,4
466603,Carin Leon,Tu - Live,64xuDtR4TKUI8JAeZoqndu,74,2020,sad,0.67,0.476,9,-6.636,0,0.04,0.383,1.11e-05,0.21,0.902,143.815,246131,4
598346,GAULOIS,Jolie (feat. Ninho),16FTTvpIgihyei3EBNw1jd,74,2023,french,0.717,0.686,1,-6.388,0,0.0483,0.141,0.0,0.208,0.653,134.067,159573,4
293528,Ed Sheeran,Supermarket Flowers,4VuS959DSpr82t3qBqCrWG,74,2017,pop,0.589,0.242,6,-10.517,1,0.0442,0.914,0.0,0.0887,0.257,89.749,221107,4
293497,Rex Orange County,Television / So Far So Good,27rZYxE4l21wTaovX4WTnI,74,2017,pop,0.403,0.505,5,-7.75,1,0.0463,0.592,0.0,0.121,0.32,164.902,262600,4
1271991,Flo Rida,Right Round,3GpbwCm3YxiWDvy29Uo3vP,74,2009,dance,0.72,0.672,7,-6.852,1,0.0551,0.009,0.0,0.232,0.705,124.986,204640,4
964701,RBD,Sálvame,3hbTkJ0yFzHbawnKyhvTQj,74,2004,pop,0.473,0.657,6,-6.278,1,0.024,0.0454,2.41e-06,0.068,0.294,74.996,224973,4
1271993,Madonna,Material Girl,22sLuJYcvZOSoLLRYev1s5,74,2009,dance,0.742,0.883,0,-3.419,1,0.0329,0.333,7.51e-06,0.0964,0.978,136.506,240280,4
508529,Zeph,could you love me while i hate myself,7uo2L5FAja3pWIBa3HJVeC,74,2021,indie-pop,0.68,0.406,9,-11.313,1,0.0414,0.782,0.00019,0.11,0.551,119.901,60333,4
293502,Harry Styles,Sweet Creature,5kRPPEWFJIMox5qIkQkiz5,74,2017,pop,0.427,0.262,7,-8.541,1,0.0276,0.746,0.0,0.068,0.228,104.085,224867,4
293518,SYML,Where's My Love - Acoustic,0ElpbbncWT9aS7mgoqEHbQ,74,2017,pop,0.554,0.225,3,-11.324,1,0.0281,0.892,0.0321,0.107,0.221,104.007,239880,4
524061,Clinton Kane,I GUESS I'M IN LOVE,1is8gU4RVcN4J8xItxWoOY,74,2021,singer-songwriter,0.422,0.34,0,-6.577,1,0.0351,0.877,1.77e-05,0.149,0.223,77.213,204094,4
631354,Shaggy,Angel,7FDV5ELOJHCGLe52AnttEd,74,2000,dance,0.74,0.766,6,-2.939,1,0.178,0.116,0.0,0.0406,0.807,170.531,235133,4
293481,SZA,Normal Girl,5fQBa4wkmq28xpSLOQ202K,74,2017,pop,0.624,0.532,0,-7.146,1,0.124,0.269,5.17e-05,0.158,0.362,76.453,253587,4
293585,LP,Lost on You,2LIh4uzqq9cXMPzzmcToHl,74,2017,pop,0.433,0.724,5,-6.126,0,0.0372,0.1,0.0,0.0918,0.689,174.006,268105,4
101087,Idina Menzel,"Let It Go - From ""Frozen""/Soundtrack Version",0qcr5FMsEO85NAQjrlDRKo,74,2013,show-tunes,0.543,0.485,8,-6.85,1,0.0305,0.558,0.0,0.12,0.371,136.961,223840,4
286609,Phoebe Bridgers,Motion Sickness,5xo8RrjJ9CVNrtRg2S3B1R,74,2017,indie-pop,0.651,0.546,1,-9.021,1,0.0357,0.774,0.0437,0.0842,0.623,107.021,229760,4
214676,León Larregui,Locos,3GSMdtJphymHEsR8K9jT5Q,74,2016,alt-rock,0.724,0.646,10,-6.475,1,0.0352,0.072,0.000157,0.0923,0.957,112.019,177600,4
293628,Pablo Alborán,Saturno,2f0Ft2XdvNSMSY5TUlZgEz,74,2017,pop,0.278,0.572,7,-8.295,1,0.0407,0.392,0.0,0.063,0.311,95.351,253760,3
232722,The Lumineers,Ophelia,3d8y0t70g7hw2FOWl9Z4Fm,74,2016,folk,0.664,0.573,5,-6.519,1,0.0277,0.613,0.000363,0.0857,0.566,76.023,160097,4
433252,Jason Derulo,Take You Dancing,59qrUpoplZxbIZxk6X0Bm3,74,2020,dance,0.789,0.711,2,-4.248,1,0.041,0.0332,0.0,0.0876,0.753,112.985,190306,4
433228,Lady Gaga,Rain On Me (with Ariana Grande),7ju97lgwC2rKQ6wwsf9no9,74,2020,dance,0.672,0.855,9,-3.764,1,0.0397,0.021,0.0,0.323,0.646,123.056,182200,4
293488,Taylor Swift,I Did Something Bad,4svZDCRz4cJoneBpjpx8DJ,74,2017,pop,0.696,0.602,0,-6.156,0,0.159,0.0679,2.11e-05,0.0696,0.305,82.989,238253,4
293480,Khalid,8TEEN,5bgwqaRSS3M8WHWruHgSL5,74,2017,pop,0.83,0.585,1,-5.802,1,0.0366,0.225,0.00209,0.0576,0.642,105.03,228600,4
598371,Zola,TOUTE LA JOURNÉE (feat. Tiakola),2nD4X3sHH2kZ1gWraTpe7u,74,2023,french,0.791,0.527,9,-7.496,0,0.0692,0.457,0.0,0.118,0.77,140.098,168088,4
1450879,Ricardo Arjona,Fuiste Tú (feat. Gaby Moreno),29csiYMOfBmLmGwxmISrMy,74,2011,pop,0.591,0.672,5,-3.515,1,0.0375,0.622,0.0,0.112,0.267,139.939,265307,4
188869,Don Omar,Guaya Guaya,79zvVrn65ksbiGQxrtV4I5,74,2015,hip-hop,0.788,0.873,7,-2.322,1,0.117,0.00607,0.00052,0.0908,0.703,91.981,193613,4
1018086,Gorillaz,DARE,4Hff1IjRbLGeLgFgxvHflk,74,2005,hip-hop,0.76,0.891,11,-5.852,0,0.0372,0.0229,0.0869,0.298,0.966,120.264,245000,4
175405,Melanie Martinez,Cake,5H3TCfiw0CQTX1XU7A9TXM,74,2015,electro,0.518,0.655,8,-6.255,1,0.0826,0.381,0.0,0.271,0.29,156.992,199682,4
506884,Fuego,Una Vaina Loca,2qEoAz0i6yEz5dPggABcLH,74,2021,hip-hop,0.811,0.588,1,-3.161,1,0.0464,0.128,0.0004,0.0929,0.553,107.022,226187,4
188801,$uicideboy$,My Flaws Burn Through My Skin Like Demonic Flames from Hell,6QFQqqYye5lAcnhCALvxKJ,74,2015,hip-hop,0.78,0.748,11,-7.394,0,0.0352,0.00448,0.000546,0.115,0.0663,125.98,167680,4
188800,Bryson Tiller,Right My Wrongs,5rgrBsAFYMun6yhtnLKRPz,74,2015,hip-hop,0.543,0.449,1,-8.065,1,0.0463,0.345,0.0,0.157,0.29,132.609,249320,4
188799,$uicideboy$,Runnin' Thru the 7th with My Woadies,1tm7c4V0kqLiN0XPVnoUcT,74,2015,hip-hop,0.686,0.621,11,-7.243,1,0.187,0.0656,0.000221,0.139,0.187,112.082,205766,4
411383,Carin Leon,Me La Avente,3ahvKiNH7l6EpnTnzkZpG1,74,2019,sad,0.721,0.482,11,-4.101,0,0.0325,0.572,0.0,0.0708,0.924,144.546,155803,3
1380382,Rihanna,What's My Name?,6DkXLzBQT7cwXmTyzAB1DJ,74,2010,pop,0.689,0.784,2,-2.972,1,0.074,0.182,0.0,0.0843,0.561,99.954,263173,4
1036530,Thirty Seconds To Mars,The Kill,0lP4HYLmvowOKdsQ7CVkuq,74,2005,rock,0.179,0.912,4,-3.881,0,0.0791,0.0014,0.000294,0.582,0.289,182.99,231533,3
98378,Julión Álvarez y su Norteño Banda,Ojos Verdes,6981hdSOqG8tP6xTqaySa1,74,2013,sad,0.787,0.469,5,-5.503,1,0.039,0.653,0.0,0.0612,0.923,106.995,237080,4
1450776,Gotye,Somebody That I Used To Know,4wCmqSrbyCgxEXROQE6vtV,74,2011,pop,0.864,0.495,0,-7.036,1,0.037,0.591,0.000133,0.0992,0.72,129.062,244973,4
1412794,Beyoncé,Love On Top,1z6WtY7X4HQJvzxC4UgkSf,74,2011,dance,0.652,0.749,0,-5.248,1,0.0886,0.0848,0.0,0.604,0.651,94.103,267413,4
1412806,Pitbull,International Love (feat. Chris Brown),62zFEHfAYl5kdHYOivj4BC,74,2011,dance,0.67,0.855,0,-3.035,0,0.0499,0.0124,0.0,0.335,0.648,120.05,227280,4
1030155,Daniel Powter,Bad Day,0mUyMawtxj1CJ76kn9gIZK,74,2005,pop,0.599,0.785,3,-4.013,1,0.0309,0.448,0.00336,0.151,0.52,140.046,233640,4
1030163,James Blunt,You're Beautiful,0vg4WnUWvze6pBOJDTq99k,74,2005,pop,0.675,0.479,0,-9.87,0,0.0278,0.633,1.76e-05,0.088,0.454,81.998,209493,4
452820,Drake,Time Flies,5H4mXWKcicuLKDn4Jy0sK7,74,2020,hip-hop,0.864,0.477,10,-5.786,1,0.224,0.201,0.0,0.182,0.5,86.46,192932,4
452821,Jack Harlow,WHATS POPPIN,1jaTQ3nqY3oAAYyCTbIvnM,74,2020,hip-hop,0.923,0.604,11,-6.671,0,0.245,0.017,0.0,0.272,0.826,145.062,139741,4
433225,Marshmello,Be Kind (with Halsey),3Z8FwOEN59mRMxDCtb8N0A,74,2020,dance,0.63,0.633,4,-7.088,1,0.0457,0.00776,0.0,0.0541,0.452,93.995,172762,4
433222,Ariana Grande,pov,3UoULw70kMsiVXxW0L3A33,74,2020,dance,0.487,0.534,0,-5.664,0,0.0555,0.36,0.0,0.1,0.173,131.798,201882,4
506689,"Tyler, The Creator",WUSYANAME (feat. Youngboy Never Broke Again & Ty Dolla $ign),5B0kgjHULYJhAQkK5XsMoC,74,2021,hip-hop,0.493,0.653,0,-5.666,0,0.0466,0.269,0.0,0.511,0.852,142.347,121573,4
1367726,Waka Flocka Flame,No Hands (feat. Roscoe Dash & Wale),03tqyYWC9Um2ZqU0ZN849H,74,2010,hip-hop,0.76,0.595,1,-6.366,1,0.0391,0.00544,0.0,0.241,0.361,131.497,263773,4
612569,Daniel Caesar,Let Me Go,4AwJSk491AvHk2AAJReGzZ,74,2023,pop,0.601,0.481,7,-8.366,0,0.0634,0.689,0.0033,0.109,0.484,152.994,216524,4
506726,Tory Lanez,Lavender Sunflower,1au2UduxcvHfa0fZS3Szci,74,2021,hip-hop,0.607,0.735,4,-6.065,0,0.095,0.253,0.0,0.11,0.964,88.894,151967,4
608998,SiM,Under the Tree,7qKXSF8MilgyiL52oq1AA0,74,2023,metal,0.272,0.888,11,-1.757,0,0.068,0.00413,0.0,0.232,0.637,159.893,121692,4
564164,ATEEZ,HALAZIA,5cTnKClHyczcUhFT8MKBZe,74,2022,k-pop,0.482,0.884,6,-4.538,0,0.0668,0.000677,0.000575,0.0883,0.377,171.915,197026,4
329883,Amigdala,Kukira Kau Rumah,1xdp8tXLTGbPeUSEODP9N7,74,2018,folk,0.643,0.275,0,-15.462,1,0.0315,0.939,0.454,0.115,0.603,90.022,206712,4
564167,TOMORROW X TOGETHER,Good Boy Gone Bad,1HsSIPLTQT354yJcQGfEY3,74,2022,k-pop,0.475,0.695,1,-5.919,1,0.102,0.0159,0.0,0.125,0.552,100.009,191038,4
605456,Gorillaz,Controllah (feat. MC Bin Laden),3BmGfswCrv2p1It4oCdtU6,74,2023,hip-hop,0.777,0.895,1,-3.24,1,0.0403,0.231,2.45e-06,0.209,0.715,104.968,150317,4
350306,Sebastian Yatra,No Hay Nadie Más,3IPJg1sdqLj12kFIndaonN,74,2018,pop,0.695,0.379,6,-9.096,1,0.0339,0.861,0.0,0.106,0.808,105.108,199733,4
350280,Piso 21,Te Vi,059bcIhyc2SBwm6sw2AZzd,74,2018,pop,0.877,0.777,1,-4.246,1,0.117,0.0446,3.46e-05,0.0863,0.706,102.02,231848,4
506692,"Tyler, The Creator",SWEET / I THOUGHT YOU WANTED TO DANCE (feat. Brent Faiyaz & Fana Hues),3EG9FJ0ToLfgnc1IG2Z1wz,74,2021,hip-hop,0.468,0.652,0,-4.912,1,0.0722,0.333,0.000318,0.55,0.39,140.223,588139,4
605191,Cordae,Two Tens (feat. Anderson .Paak),6clDsO8HwhHEgJDDp88VdL,74,2023,hip-hop,0.603,0.546,4,-7.525,0,0.35,0.194,2.68e-06,0.0783,0.667,87.99,152372,4
605186,$uicideboy$,Big Shot Cream Soda,3wHRgXJJTTwS2CkusTpn56,74,2023,hip-hop,0.878,0.714,8,-6.344,1,0.239,0.0528,7.64e-06,0.143,0.636,150.029,195600,4
350263,Ozuna,Vaina Loca,48zFZh27QU5qsrBjn4C2FA,74,2018,pop,0.754,0.805,6,-4.249,1,0.0752,0.315,0.0,0.203,0.555,93.982,176133,4
564964,Falling In Reverse,Voices In My Head,5XUuldRjPXcP5QxyEN4IXT,74,2022,metal,0.546,0.898,2,-3.067,0,0.162,0.0266,0.0,0.129,0.639,173.17,191415,4
495026,Lil Peep,your favorite dress,186bb3vDk1yzNK5u3e7h7O,74,2021,emo,0.494,0.628,7,-7.615,1,0.0541,0.0814,0.0,0.111,0.101,129.966,177387,3
598925,Ana Castela,Carinha de Bebê,2jZrMlMuTk1N3LJS8yQM6q,74,2023,funk,0.762,0.915,11,-2.596,0,0.0636,0.455,0.0,0.157,0.735,131.965,175226,4
350253,James Arthur,Rewrite The Stars (with James Arthur & Anne-Marie),6mQLN3zRtAp6ovjusyYKrV,74,2018,pop,0.67,0.743,10,-4.993,1,0.0393,0.237,0.0,0.465,0.571,125.944,218293,4
466601,Junior H,Intro,1s1hRKC0zaL2O7zdLIm6md,74,2020,sad,0.694,0.59,2,-6.023,0,0.0248,0.32,0.0682,0.104,0.338,105.022,240389,3
612572,Daniel Caesar,Do You Like Me?,6q4yusLwjDYEcF6jXHdt7J,74,2023,pop,0.714,0.407,11,-6.806,1,0.0422,0.522,0.00618,0.128,0.358,76.978,227664,4
612575,Gracie Abrams,I know it won't work,5FGDtm3MXJe8LikBkOJnOQ,74,2023,pop,0.653,0.575,5,-8.95,0,0.0594,0.537,7.9e-05,0.121,0.409,119.888,245629,4
612589,Latto,Lottery (feat. LU KALA),1JUtrCqYzJ80tcAzMbCvir,74,2023,pop,0.792,0.874,1,-2.966,1,0.0852,0.0158,0.000365,0.071,0.934,113.969,186762,4
355344,Kina,Can We Kiss Forever?,58wyJLv6yH1La9NIZPl3ne,74,2018,sad,0.522,0.128,4,-18.717,1,0.0357,0.894,0.026,0.0941,0.124,109.986,187932,4
56398,The Neighbourhood,Afraid,7brQHA2CgQpcMBiOlfiXYb,74,2013,alt-rock,0.464,0.701,6,-5.693,0,0.0411,0.00892,0.309,0.335,0.356,83.996,251187,4
321047,Selena Gomez,Back To You - From 13 Reasons Why – Season 2 Soundtrack,4hQ6UGyWQIGJmHSo0J88JW,74,2018,dance,0.601,0.724,6,-4.856,1,0.0486,0.0945,1.68e-06,0.12,0.508,102.061,207905,4
506696,Key Glock,Ambition For Cash,4mIHgQ3ofK2RK34UdbqMbe,74,2021,hip-hop,0.841,0.732,7,-5.186,0,0.19,0.0115,2.18e-05,0.136,0.576,149.012,143480,4
456855,BTS,Filter,4bZZVcgWWMWPBwzTTp642w,74,2020,k-pop,0.779,0.762,10,-5.188,0,0.0631,0.0224,0.0,0.121,0.859,110.043,180221,4
255749,Novo Amor,Anchor,7qH9Z4dJEN0l9bidizW7fq,74,2017,ambient,0.457,0.407,9,-11.475,1,0.0308,0.805,0.884,0.126,0.126,117.053,257533,4
456849,Stray Kids,God’s Menu,4XPXrcpyNr30Km6aPiflJy,74,2020,k-pop,0.689,0.771,5,-3.618,1,0.0548,0.00776,0.0,0.521,0.482,157.052,167922,4
1282126,Paramore,All I Wanted,1Bv3h7Vc4AaYA2BcSM3rVd,74,2009,emo,0.494,0.723,6,-4.559,0,0.0441,0.0192,0.0322,0.134,0.152,144.036,225787,4
321071,Calvin Harris,Promises (with Sam Smith),5N5k9nd479b1xpDZ4usjrg,74,2018,dance,0.781,0.768,11,-5.991,1,0.0394,0.0119,4.91e-06,0.325,0.486,123.07,213309,4
620234,Rels B,yo pr1mero,0O0kmHHBUG4YCqrKvMnmQy,74,2023,spanish,0.935,0.532,8,-6.416,0,0.0396,0.403,0.0,0.089,0.844,110.013,195273,4
1283053,Bon Iver,Rosyln,4k7x3QKrc3h3U0Viqk0uop,74,2009,folk,0.329,0.277,10,-13.111,0,0.0302,0.971,0.024,0.0971,0.121,159.719,289560,3
244732,Alok,Hear Me Now,39cmB3ZoTOLwOTq7tMNqKa,74,2016,house,0.778,0.463,11,-7.603,1,0.0389,0.546,0.00289,0.0731,0.496,121.999,194840,4
561976,Muni Long,Hrs & Hrs,3ncmoWTwJgx63LwMTyBCXf,74,2022,indie-pop,0.52,0.546,8,-4.991,0,0.213,0.579,0.0,0.112,0.634,137.419,204317,3
561977,JVKE,this is what heartbreak feels like,4RxdAzEmkPXTiIU6ULLoXh,74,2022,indie-pop,0.707,0.474,1,-4.603,1,0.0672,0.578,0.0,0.11,0.538,109.991,157636,4
561979,Cults,Gilded Lily - Sped Up,0M6urYKXizSJgtuipqmctu,74,2022,indie-pop,0.382,0.586,1,-6.402,0,0.031,0.484,7.7e-06,0.167,0.119,68.156,192727,4
615629,Conjunto Rienda Real,Sobran Motivos,1uTHr7ij3eiDdUXvQfA5au,74,2023,sad,0.659,0.794,5,-4.379,0,0.0381,0.349,3.91e-06,0.168,0.776,123.801,185339,4
254812,Sam Tinnesz,Play with Fire (feat. Yacht Money),7vguMCv8uVuZLiQJ156u3Z,74,2017,alt-rock,0.573,0.539,2,-6.091,0,0.0322,0.0162,1.16e-05,0.105,0.39,75.012,180691,4
562004,Måneskin,SUPERMODEL,63WuQOXohQIxOxIFA2K7bR,74,2022,indie-pop,0.636,0.876,7,-3.413,1,0.0555,0.00164,0.0,0.117,0.799,120.983,148064,4
406440,Dean Lewis,Waves,6w8pFOKn42O418qwcQElZ3,74,2019,pop,0.518,0.729,11,-7.193,0,0.0452,0.183,0.0,0.0643,0.343,156.879,240013,4
964702,Franco De Vita,Tú de Qué Vas,66iygyOSvvoQQsKJ1vEXfT,74,2004,pop,0.607,0.629,11,-5.931,1,0.0316,0.405,0.0,0.203,0.567,80.11,238160,4
272521,XXXTENTACION,RIP Roach,658I1uDnmLSiltFCf98AWE,74,2017,emo,0.727,0.62,8,-6.443,1,0.306,0.398,0.0,0.0926,0.555,105.003,169979,4
146787,Lana Del Rey,The Other Woman,1KuVEZR4xuQVNr1KkanAV4,74,2014,pop,0.255,0.468,7,-6.43,0,0.0317,0.822,0.248,0.339,0.175,111.67,181960,4
551811,Mc Delux,Se Voce Nao Quer Passa a Vez,7snnTlaWaN39nfN1PhUaT8,74,2022,funk,0.956,0.827,9,1.295,1,0.222,0.136,0.000259,0.423,0.614,129.949,133846,4
406687,Armaan Malik,Pehla Pyaar,0ojpEubhy4JNeVftmVuiN7,74,2019,pop-film,0.607,0.713,4,-5.105,1,0.03,0.56,4.98e-05,0.101,0.611,124.868,272533,4
146794,PARTYNEXTDOOR,Her Way - Sped Up,0T7dLau2Ccr9CbeXtOB4vU,74,2014,pop,0.459,0.521,1,-9.426,0,0.0342,0.0541,0.00396,0.104,0.122,132.163,182164,4
271175,Mac DeMarco,Moonlight on the River,2fhOljbX79loRcdl47SFye,74,2017,edm,0.662,0.478,9,-8.631,1,0.0451,0.252,0.833,0.216,0.43,139.98,422613,4
520500,Edgardo Nuñez,El Ruddy,0vNtFN67TIMgDokyyuUUwA,74,2021,sad,0.736,0.593,7,-9.364,1,0.184,0.117,2.5e-06,0.189,0.785,114.196,183595,1
66281,Robin Thicke,Blurred Lines,0n4bITAu0Y0nigrz3MFJMb,74,2013,dance,0.853,0.599,7,-4.756,1,0.0411,0.00334,7.93e-06,0.0759,0.843,119.993,263827,4
197531,The Weeknd,Acquainted,7uJH0YdSZL6psjxI6Xy08b,74,2015,pop,0.372,0.478,7,-9.835,0,0.0503,0.482,0.0,0.0844,0.254,101.102,348853,4
272519,XXXTENTACION,YuNg BrAtZ,2ooF4088y5L72c4YTEJQoB,74,2017,emo,0.755,0.695,9,-5.963,1,0.26,0.0179,0.0,0.107,0.493,128.063,101851,4
197523,Jeremih,oui,0PJIbOdMs3bd5AT8liULMQ,74,2015,pop,0.418,0.724,5,-3.724,1,0.0964,0.213,0.0,0.112,0.604,78.521,238320,5
288485,Alka Yagnik,"Agar Tum Saath Ho (From ""Tamasha"")",2FCXQHugkoHE1K3tiDu8pu,74,2017,k-pop,0.562,0.519,3,-8.744,1,0.0326,0.557,0.000268,0.172,0.415,122.925,341055,4
197525,Shawn Mendes,Stitches,5jsw9uXEGuKyJzs0boZ1bT,74,2015,pop,0.752,0.754,1,-6.684,1,0.0615,0.0151,0.0,0.0486,0.755,149.789,206880,4
342782,Mitski,Me and My Husband,3pANfZVFdtuVnJsE6xa5Ox,74,2018,indie-pop,0.497,0.638,1,-5.31,1,0.0274,0.0467,0.0,0.385,0.77,172.01,137142,4
342783,Lonely God,Marlboro Nights,755inykyaG4w22GWAsA3MX,74,2018,indie-pop,0.466,0.823,2,-6.635,1,0.311,0.00237,0.000321,0.332,0.782,175.797,68523,4
1191174,Deftones,Sextape,1EryAkZ0VHstC6haIxVBiE,74,2008,alt-rock,0.367,0.634,5,-6.475,1,0.027,0.000824,0.0759,0.116,0.0964,89.981,241533,4
367647,Rammstein,Deutschland,2bPGTMB5sFfFYQ2YvSmup0,74,2019,alt-rock,0.521,0.895,7,-5.242,1,0.0442,5.54e-05,0.349,0.0985,0.237,120.117,322340,4
462060,Jawsh 685,Savage Love (Laxed - Siren Beat),1xQ6trAsedVPCdbtDAmk0c,74,2020,pop,0.767,0.481,0,-8.52,0,0.0803,0.234,0.0,0.269,0.761,150.076,171375,4
146766,Taylor Swift,Style,4lIxdJw6W3Fg4vUIYCB0S5,74,2014,pop,0.598,0.786,2,-5.572,1,0.0383,0.00253,0.0016,0.117,0.456,95.019,231000,4
483667,keshi,beside you,1Fhb9iJPufNMZSwupsXiRe,74,2021,chill,0.711,0.747,0,-6.335,1,0.0523,0.459,0.0,0.0957,0.852,136.0,166023,4
224500,Kygo,Firestone,1I8tHoNBFTuoJAlh4hfVVE,74,2016,dance,0.704,0.634,11,-7.374,0,0.0428,0.393,3.17e-05,0.0952,0.411,113.927,271640,4
146809,Justin Bieber,Confident,3JsydWaf2Ev4ehaLUjj3SY,74,2014,pop,0.741,0.565,5,-5.448,0,0.108,0.114,0.0,0.205,0.892,134.122,248133,4
77596,Arctic Monkeys,Knee Socks,2LGdO5MtFdyphi2EihANZG,74,2013,garage,0.665,0.542,11,-8.323,0,0.033,0.123,0.00291,0.342,0.587,97.975,257563,4
224470,Bruno Mars,Versace on the Floor,0kN8xEmgMW9mh7UmDYHlJP,74,2016,dance,0.578,0.574,2,-6.209,1,0.0454,0.196,0.0,0.083,0.301,174.152,261240,4
224475,DJ Snake,Middle,0g5EKLgdKvNlln7TNqBByK,74,2016,dance,0.583,0.695,9,-5.336,1,0.0423,0.0141,0.0,0.0527,0.224,104.879,220573,4
146790,Lana Del Rey,Pretty When You Cry,6PnluwP0fjGnpIBsqTdUTq,74,2014,pop,0.509,0.547,10,-6.548,0,0.0417,0.399,0.0,0.215,0.197,109.436,234147,4
342785,girl in red,i wanna be your girlfriend,5PjdC2gMATetx5xdnwGUu7,74,2018,indie-pop,0.541,0.382,7,-14.323,1,0.035,0.0215,0.000836,0.304,0.343,155.901,204991,4
986954,Lifehouse,You And Me,0815caqt2Lytro5EIzMufT,74,2005,alt-rock,0.459,0.427,7,-7.734,1,0.0267,0.114,0.0,0.168,0.354,139.902,195493,3
462021,Taylor Swift,mirrorball,0ZNU020wNYvgW84iljPkPP,74,2020,pop,0.553,0.413,2,-10.037,1,0.0334,0.687,2.33e-06,0.0594,0.379,110.107,208978,4
520507,BoyWithUke,Toxic,2gQPv5jvVPqU2a9HhMNO1v,74,2021,sad,0.594,0.612,8,-6.627,0,0.363,0.835,0.0,0.461,0.687,179.629,168020,4
74562,The Paper Kites,Bloom - Bonus Track,1HMQmOWrkieKYWlFsjUP3D,74,2013,folk,0.591,0.416,1,-9.794,1,0.0246,0.882,0.000641,0.112,0.415,96.003,210080,4
462012,Giveon,Like I Want You,6qBFSepqLCuh5tehehc1bd,74,2020,pop,0.678,0.355,10,-7.757,0,0.0627,0.759,7.06e-05,0.114,0.438,119.772,260776,3
462022,Summer Walker,White Tee (with NO1-NOAH),5m0eMnsWwzgGsUxe1mhFYR,74,2020,pop,0.791,0.366,1,-8.337,1,0.0966,0.744,7.24e-06,0.106,0.335,124.878,211373,4
462024,Internet Money,"Lemonade (feat. Gunna, Don Toliver & NAV)",7hxHWCCAIIxFLCzvDgnQHX,74,2020,pop,0.8,0.658,1,-6.142,0,0.079,0.25,0.0,0.111,0.462,140.042,195429,4
462016,tobi lou,2hrs,0dGe86ljF6Xi19IxYc7aBn,74,2020,pop,0.844,0.424,2,-8.365,1,0.0836,0.362,0.00108,0.589,0.434,111.226,64723,3
1201017,Beyoncé,Halo,4JehYebiI9JE8sR8MisGVb,74,2008,dance,0.508,0.72,11,-5.908,0,0.0628,0.272,0.0,0.0563,0.472,79.983,261640,4
462017,Taylor Swift,the 1,0Jlcvv8IykzHaSmj49uNW8,74,2020,pop,0.777,0.357,0,-6.942,1,0.0522,0.757,7.28e-06,0.108,0.172,139.883,210252,4
462028,Alexander 23,IDK You Yet,0j1Ia2lQWrcXrQZI4AdJlk,74,2020,pop,0.648,0.308,1,-11.729,1,0.04,0.886,0.0774,0.124,0.198,76.997,184638,1
551902,Mc Paiva ZS,Bagulho Louco,04vzhKfl5HtPEgrdZJCZ7L,74,2022,funk,0.531,0.464,0,-9.882,0,0.346,0.814,1.57e-06,0.133,0.643,170.085,124238,4
462031,Justin Bieber,Intentions (feat. Quavo),4umIPjkehX1r7uhmGvXiSV,74,2020,pop,0.806,0.546,9,-6.637,1,0.0575,0.3,0.0,0.102,0.874,147.986,212867,4
462020,Taylor Swift,my tears ricochet,1MgV7FIyNxIG7WzMRJV5HC,74,2020,pop,0.456,0.263,0,-10.63,1,0.0332,0.806,0.0,0.0749,0.111,129.86,255894,4
36378,Linkin Park,BURN IT DOWN,7oVEtyuv9NBmnytsCIsY5I,74,2012,metal,0.585,0.972,9,-4.45,0,0.0534,0.0143,0.0,0.0707,0.585,110.006,230253,4
986953,Foo Fighters,Best of You,5FZxsHWIvUsmSK1IAvm2pp,74,2005,alt-rock,0.366,0.94,1,-5.119,0,0.0696,0.000769,9.42e-05,0.188,0.369,130.198,255627,4
224504,Kygo,Stole the Show,5masKPHeAOVNgxdLebIcK7,73,2016,dance,0.64,0.635,8,-7.565,0,0.226,0.271,0.0,0.319,0.475,100.034,223187,4
245686,Mitski,I Bet on Losing Dogs,2Co0IjcLTSHMtodwD4gzfg,73,2016,indie-pop,0.398,0.493,9,-9.561,1,0.0303,0.00347,0.000157,0.106,0.412,82.048,170240,4
805048,Justin Timberlake,Cry Me a River,7Lf7oSEVdzZqTA0kEDSlS5,73,2002,dance,0.624,0.654,8,-6.582,0,0.183,0.577,0.0,0.104,0.564,73.898,288333,4
245690,Two Feet,Go Fuck Yourself,4NZrZgrRoR4GwR7flWOXRI,73,2016,indie-pop,0.765,0.327,6,-8.029,1,0.277,0.571,0.0479,0.0787,0.292,74.931,129600,4
131514,Hans Zimmer,Cornfield Chase,6pWgRkpqVfxnj3WuIcJ7WP,73,2014,german,0.18,0.226,9,-16.457,0,0.042,0.951,0.982,0.0998,0.048,94.079,126960,4
311048,The 1975,It's Not Living (If It's Not With You),3TgMcrV32NUKjEG2ujn9eh,73,2018,alt-rock,0.618,0.837,1,-5.338,1,0.0304,0.000254,0.000378,0.0618,0.526,121.227,248336,4
224503,Little Mix,Power,0lUSd7TCG8srh6HpIAEIWL,73,2016,dance,0.566,0.855,7,-4.016,1,0.211,0.0372,0.000157,0.181,0.517,172.966,247840,4
487916,Dua Lipa,We're Good,1diS6nkxMQc3wwC4G1j0bh,73,2021,dance,0.722,0.588,6,-5.932,1,0.0544,0.0319,0.0,0.183,0.59,134.01,165507,4
495027,Lil Peep,witchblades,7pIorU6vXlFoXmHUdsbpfX,73,2021,emo,0.634,0.54,8,-7.002,1,0.0777,0.0223,0.0,0.302,0.543,143.968,149360,4
350218,Dominic Fike,3 Nights,1tNJrcVe6gwLEiZCtprs1u,73,2018,pop,0.815,0.518,7,-6.594,0,0.0897,0.223,0.0,0.104,0.877,151.891,177667,4
32874,Pritam,Raabta,6FjbAnaPRPwiP3sciEYctO,73,2012,indian,0.657,0.581,0,-8.108,1,0.0298,0.699,1.82e-05,0.116,0.323,118.037,243578,4
243961,Cartel De Santa,Leve,00jpfco62YfQj1BBYCCuKH,73,2016,hip-hop,0.663,0.802,0,-4.086,1,0.246,0.188,0.0,0.166,0.679,177.842,225240,4
591157,Tove Lo,Borderline,164QjgWOxnSZYHQghRKeC0,73,2023,dance,0.727,0.695,7,-6.19,0,0.0518,0.00839,0.0,0.11,0.811,127.995,193382,4
591138,Tiësto,All Nighter,7bqg7RANz4RaboN0Ga1Miq,73,2023,dance,0.756,0.921,11,-6.196,0,0.0508,0.0386,0.0546,0.327,0.384,124.981,134880,4
598972,Ivete Sangalo,Cria Da Ivete - Ao Vivo,4XpB5oBPuygG2Gbpi3PUhu,73,2023,funk,0.766,0.918,0,-5.447,1,0.164,0.116,1.02e-06,0.305,0.842,135.958,237798,4
224494,Clean Bandit,Rockabye (feat. Sean Paul & Anne-Marie),5knuzwU65gJK7IF5yJsuaW,73,2016,dance,0.72,0.763,9,-4.068,0,0.0523,0.406,0.0,0.18,0.742,101.965,251088,4
591129,Ava Max,Ghost,7LbhIjYNfCguxjAw43Mkff,73,2023,dance,0.715,0.931,11,-3.548,0,0.0426,0.00573,0.00185,0.0549,0.615,119.971,181648,4
1097367,Huey Lewis & The News,The Power Of Love,2olVm1lHicpveMAo4AUDRB,73,2006,pop,0.768,0.829,5,-5.109,1,0.0313,0.0964,2.92e-05,0.097,0.962,118.773,234333,4
591094,Beyoncé,CUFF IT - WETTER REMIX,7eQpbVg3tjHmtdOlAHxaTr,73,2023,dance,0.66,0.688,7,-6.34,1,0.0564,0.434,0.0,0.489,0.65,118.05,249407,4
591203,Depeche Mode,Ghosts Again,3TiVl5igD6Z5Pw6R5sp8YV,73,2023,dance,0.589,0.748,6,-4.767,0,0.0259,0.000438,0.0349,0.16,0.334,115.01,238946,4
487907,Bruno Mars,After Last Night (with Thundercat & Bootsy Collins),3jiKUMXqwEodB7gVv1RMZU,73,2021,dance,0.651,0.703,0,-8.958,0,0.0816,0.0297,0.0,0.0608,0.647,140.051,249444,4
301980,Loren Allred,Never Enough,0Gl5s8IhMmQE5YQwM8Qx1J,73,2017,show-tunes,0.277,0.394,8,-8.903,1,0.0336,0.423,0.0,0.0952,0.227,86.777,207787,3
515613,Billie Eilish,Halley's Comet,5XsAal7ZcWg1I5T4NcRjkv,73,2021,pop,0.403,0.159,1,-16.728,0,0.104,0.961,0.0121,0.34,0.0381,72.38,234761,4
197611,Shawn Mendes,Imagination,21TcDbGosp7w9YhTjOszgA,73,2015,pop,0.64,0.455,0,-5.942,1,0.0247,0.0743,0.0,0.0694,0.333,89.948,217773,4
197608,Little Mix,Secret Love Song (feat. Jason Derulo),6KHL1En9v6iNWjcs44mcmU,73,2015,pop,0.529,0.614,9,-5.032,1,0.0479,0.215,0.0,0.277,0.141,92.972,249810,4
1437936,"Tyler, The Creator",She,0SA0mMXWh23raZ6xzOCU2V,73,2011,hip-hop,0.35,0.621,8,-6.495,0,0.233,0.256,3.44e-05,0.613,0.459,83.375,253387,4
462005,Brent Faiyaz,Rehab (Winter In Paris),0zWbYGQq5O1KQd0iqzgjP6,73,2020,pop,0.549,0.242,5,-11.692,1,0.038,0.809,8.1e-05,0.127,0.286,144.211,180304,4
1437945,JAY-Z,No Church In The Wild,3Osd3Yf8K73aj4ySn6LrvK,73,2011,hip-hop,0.654,0.75,8,-7.509,0,0.105,0.246,0.0178,0.167,0.557,92.78,272507,4
515597,SZA,I Hate U,5dXWFMwD7I7zXsInONVl0H,73,2021,pop,0.535,0.388,7,-9.805,0,0.155,0.507,0.0,0.11,0.412,106.703,174000,5
32074,Meek Mill,Dreams and Nightmares,42zd6DYQ4o4SECmTITrM1U,73,2012,hip-hop,0.631,0.774,11,-2.459,1,0.3,0.468,0.0,0.281,0.44,79.745,230693,4
596090,Paramore,Running Out Of Time,5NRtdsFFlmyE8qDMgS08PE,73,2023,emo,0.736,0.534,11,-9.22,0,0.0367,0.0433,0.00434,0.0664,0.552,127.035,192441,4
462267,Boza,Hecha Pa' Mi,3VvA1wSxukMLsvXoXtlwWx,73,2020,pop,0.725,0.756,4,-5.013,1,0.0572,0.362,0.000685,0.103,0.828,100.07,186133,4
515603,Lana Del Rey,Dealer,7iqQz931tn59mK6IZ3knRx,73,2021,pop,0.602,0.59,0,-6.346,0,0.0279,0.318,0.000166,0.104,0.381,130.08,274293,4
598339,Hamza,Sadio (feat. Offset),5eGid3rXirJcCoROMnTqg0,73,2023,french,0.769,0.559,0,-9.111,1,0.467,0.0708,0.0,0.0937,0.559,151.938,162480,4
452832,Tory Lanez,Broke In A Minute,4xqIYGwwZTEem9U8A42SPF,73,2020,hip-hop,0.929,0.7,0,-5.595,0,0.0906,0.144,0.0,0.349,0.802,120.009,132024,4
146768,Taylor Swift,Shake It Off,5xTtaWoae3wi06K5WfVUUH,73,2014,pop,0.647,0.785,7,-5.414,1,0.165,0.0561,0.0,0.148,0.943,160.015,219200,4
32086,Kid Cudi,Pursuit Of Happiness - Extended Steve Aoki Remix,5PX4uS1LqlWEPL69phPVQQ,73,2012,hip-hop,0.722,0.687,0,-5.189,1,0.0556,0.00949,0.00413,0.0462,0.619,128.013,373627,4
1309484,Luis Enrique,Yo No Sé Mañana,7nDIflSHQXzaa8zupxwv3U,73,2009,pop,0.653,0.827,4,-3.206,0,0.042,0.649,0.0,0.18,0.733,95.223,259853,4
32119,Millonario & W. Corona,Éxtasis,3NqbKUOgaU2LgIFRbu4B12,73,2012,hip-hop,0.937,0.791,0,-5.242,1,0.087,0.0205,0.000234,0.0433,0.974,119.965,289013,4
1091184,Breaking Benjamin,The Diary of Jane - Single Version,0faXHILILebCGnJBPU6KJJ,73,2006,metal,0.392,0.964,10,-4.441,0,0.0644,7.13e-05,0.0387,0.106,0.269,167.024,200547,4
350232,Kodaline,Brother,65gLJGey4u4KFFqoC5fzFJ,73,2018,pop,0.519,0.625,10,-5.909,1,0.0482,0.349,0.0,0.121,0.21,120.103,203187,4
551879,MC Tairon,Baile no Morro,0i4UV3HjjvsUuV3BajEXoD,73,2022,funk,0.714,0.404,3,-7.903,0,0.453,0.457,0.0,0.0701,0.782,130.088,140308,4
146798,Alex & Sierra,Little Do You Know,1almCHdsfikRPfVB9VrEdT,73,2014,pop,0.5,0.292,0,-8.554,1,0.0323,0.746,0.0,0.188,0.37,145.879,185200,4
146806,Lana Del Rey,Ultraviolence,1y3r6RXiJZNBV1EI0NggpS,73,2014,pop,0.144,0.541,0,-7.076,1,0.038,0.278,1.01e-05,0.101,0.0899,79.262,251480,3
1437938,Drake,The Motto,4Kz4RdRCceaA9VgTqBhBfa,73,2011,hip-hop,0.766,0.442,1,-8.558,1,0.356,0.000107,6.12e-05,0.111,0.39,201.8,181573,4
804104,Johnny Cash,Hurt,28cnXtME493VX9NOw9cIUh,73,2002,country,0.534,0.392,9,-7.636,0,0.0267,0.649,0.000227,0.0948,0.163,90.379,216533,4
243919,Rae Sremmurd,Black Beatles,6fujklziTHa8uoM5OQSfIo,73,2016,hip-hop,0.794,0.632,0,-6.163,1,0.0649,0.142,0.0,0.128,0.355,145.926,291893,4
1238465,Adele,Make You Feel My Love,5FgPwJ7Nh2FVmIXviKl2VF,73,2008,pop,0.317,0.172,10,-10.636,1,0.0326,0.907,0.000383,0.105,0.0963,65.18,212040,3
143172,Slipknot,Custer,3GiJq4AQK7324mfIQbpiTf,73,2014,metal,0.407,0.98,7,-1.58,1,0.107,0.00174,0.000112,0.119,0.537,131.066,254467,4
487046,Carly Pearce,What He Didn't Do,5OLaVCAM2pqg7X9mAM2W8M,73,2021,country,0.628,0.632,9,-5.932,1,0.0325,0.257,0.0,0.288,0.559,137.854,191227,4
487047,Cody Johnson,'Til You Can't,4k3lPl8YTKuY8c1HelVnm3,73,2021,country,0.501,0.815,1,-4.865,1,0.0436,0.0513,0.0,0.106,0.46,160.087,224213,4
487048,Jelly Roll,Son Of A Sinner,25VQoiuyc0HkC5FQTj1a8G,73,2021,country,0.365,0.541,7,-7.489,1,0.0304,0.0419,2.25e-06,0.281,0.329,86.041,232093,4
569287,EMELINE,cinderella's dead,5MWXOo8DJwgODtPGaietNz,73,2022,pop,0.596,0.607,6,-6.179,0,0.168,0.33,0.0,0.103,0.531,119.882,120666,4
397580,D-Block Europe,Darling,2kQ9udZ0v3H8PFSVmbY1Kq,73,2019,hip-hop,0.848,0.596,2,-8.043,0,0.235,0.5,0.0,0.0853,0.793,150.035,143200,4
588383,GenriX,novocaine,2OrucC3HEPmZpkaQ05Nx0V,73,2023,chill,0.608,0.311,4,-11.255,0,0.154,0.592,0.0,0.174,0.426,180.362,195605,4
397529,Paulo Londra,Tal Vez,5jW3rF4URMdK7tO2xjS5EI,73,2019,hip-hop,0.855,0.649,8,-2.443,1,0.151,0.25,0.0,0.0801,0.741,161.986,263899,4
541680,Tiësto,Pump It Louder,2yEHX6MqAXPyD7bm47A2Br,73,2022,dance,0.66,0.942,4,-2.273,1,0.185,0.00789,1.76e-05,0.834,0.543,126.017,158571,4
569278,Taylor Swift,This Love (Taylor’s Version),4d1CG5ei1E2vGbvmgf5KKv,73,2022,pop,0.47,0.494,4,-8.672,1,0.0349,0.302,0.0,0.0672,0.0524,144.039,250100,4
453399,Rels B,La Última Canción,2mRwodUOATBk5spcUsEidB,73,2020,hip-hop,0.793,0.605,1,-4.952,0,0.119,0.426,0.0,0.334,0.268,91.068,184749,4
537313,Tom Odell,Another Love - Tiësto Remix,4Et6tUEO7biKxZEfJXpNj1,73,2022,chill,0.79,0.764,4,-4.685,0,0.0737,0.0836,0.0871,0.132,0.473,123.046,185366,4
1201038,The Script,The Man Who Can't Be Moved,3nqqDo8CcCLke3ZoTgiOKf,73,2008,dance,0.605,0.629,10,-5.051,1,0.0279,0.437,0.0,0.097,0.308,99.894,241373,4
569268,Dove Cameron,Breakfast,6GUiIbJ834FcHewby3PwV0,73,2022,pop,0.64,0.553,2,-6.42,0,0.0411,0.0579,0.0,0.0914,0.486,81.992,148471,4
551814,DJ GUDOG,BEAT MÁGICO QUE MEXE COM A SUA MENTE,6nluwwQLiTI2ExXtWm81w6,73,2022,funk,0.784,0.673,4,-7.421,0,0.261,0.691,0.0769,0.108,0.627,130.17,155003,4
398177,Pritam,Khairiyat,5O932cZmzOZGOGZz9RHx20,73,2019,indian,0.534,0.481,0,-9.016,0,0.0412,0.697,0.0,0.142,0.293,124.914,280282,4
377754,MEDUZA,Piece Of Your Heart - Alok Remix,6iW38RGqdDGOofmz2HeXLW,73,2019,dance,0.797,0.86,10,-4.38,0,0.0413,0.0312,0.0137,0.334,0.192,124.033,166452,4
344863,BTS,IDOL,1e8J3XClxZbFmvIHLI8CE4,73,2018,k-pop,0.733,0.855,9,-3.211,1,0.118,0.00481,0.0,0.123,0.42,126.035,222732,4
399072,Wallows,Remember When,5naar7XewEOAjOywIp6Jjq,73,2019,indie-pop,0.504,0.708,11,-5.896,0,0.0343,0.00112,0.000424,0.788,0.51,82.009,155147,4
12134,Katy Perry,Last Friday Night (T.G.I.F.),455AfCsOhhLPRc68sE01D8,73,2012,dance,0.649,0.815,3,-3.796,0,0.0415,0.00125,4.31e-05,0.671,0.765,126.03,230747,4
537330,Denise Julia,NVMD,7ArVzlFsFsQXNseVXmdOyk,73,2022,chill,0.758,0.674,6,-4.533,1,0.108,0.0903,0.0,0.0902,0.424,97.977,181224,4
12133,Crystal Castles,Transgender,26ZzSLUJMmYp5u1hDELEWH,73,2012,dance,0.522,0.914,7,-8.285,1,0.0379,0.000164,0.847,0.24,0.0364,137.939,184760,3
12131,Katy Perry,California Gurls,6tS3XVuOyu10897O3ae7bi,73,2012,dance,0.791,0.754,0,-3.729,1,0.0569,0.00446,0.0,0.163,0.425,125.014,234653,4
569303,The Weeknd,Take My Breath,2vgUijXOTRMnWXDtvgMp2b,73,2022,pop,0.698,0.769,8,-7.154,1,0.0368,0.0128,0.00166,0.238,0.354,121.02,339023,4
264775,Loud Luxury,Body,21RzyxY3EFaxVy6K4RqaU9,73,2017,dance,0.752,0.764,1,-4.399,1,0.038,0.0476,9.44e-05,0.0543,0.582,121.958,163216,4
520505,Luis R Conriquez,Me Metí En El Ruedo,7KNSQcLwrl3bNEuV1OVHtv,73,2021,sad,0.805,0.614,9,-6.845,0,0.137,0.615,0.0,0.0915,0.633,100.035,174864,3
264778,Bebe Rexha,Meant to Be (feat. Florida Georgia Line),7iDa6hUg2VgEL1o1HjmfBn,73,2017,dance,0.643,0.783,10,-6.458,1,0.0856,0.047,0.0,0.083,0.579,154.084,163870,4
569313,Rex Orange County,AMAZING,3OM6qQmdFV6uy61GIqpRtf,73,2022,pop,0.719,0.461,8,-8.191,1,0.0454,0.279,0.0,0.0875,0.548,123.915,209200,4
520510,Marca MP,Ya Acabo,4H3t8C59tXjKf1R2iKtc5M,73,2021,sad,0.673,0.326,0,-7.481,1,0.0348,0.696,3.73e-06,0.103,0.672,133.309,189408,4
569317,Benson Boone,Before You,523f4oSjrZx83XDtRLnsIw,73,2022,pop,0.269,0.373,8,-7.113,0,0.0371,0.15,0.0,0.129,0.321,202.899,187941,3
264790,Julia Michaels,Issues,7vu0JkJh0ldukEYbTVcqd0,73,2017,dance,0.728,0.415,8,-6.852,1,0.0639,0.401,0.0,0.0616,0.455,114.145,176320,4
1440696,AWOLNATION,Sail,7ueP5u2qkdZbIPN2YA6LR0,73,2011,indie-pop,0.826,0.436,1,-9.583,1,0.0558,0.441,0.615,0.0964,0.272,119.051,259093,4
825787,Eminem,Cleanin' Out My Closet,7BMO7O7ImjV8HNTH74Tshv,73,2002,hip-hop,0.908,0.758,9,-4.753,0,0.174,0.0687,0.0,0.0783,0.87,148.015,297840,4
397301,Santa Fe Klan,Te Ire A Buscar,3elpkpwYlmUbuvmVps08lJ,73,2019,hip-hop,0.684,0.58,4,-7.682,0,0.133,0.672,0.0,0.135,0.233,89.954,218045,4
271634,K.Flay,High Enough,1qwno7xb5mJe71xtMS6jl2,73,2017,electro,0.606,0.62,0,-5.005,1,0.0298,0.0301,0.0916,0.167,0.543,88.984,231600,4
590830,Morgan Wallen,Had It,5sUjBX08aJ1XdMw7p2SXgq,73,2023,country,0.397,0.756,7,-6.14,1,0.0307,0.416,0.000113,0.0859,0.397,79.961,199108,3
224482,Little Mix,Shout Out to My Ex,0ErK6K0kYr0Ow2RkPMhmMs,73,2016,dance,0.773,0.747,5,-4.061,1,0.0885,0.0242,8.99e-06,0.109,0.801,126.014,246240,4
1109767,John Mayer,Slow Dancing in a Burning Room,2jdAk8ATWIL3dwT47XpRfu,73,2006,singer-songwriter,0.667,0.361,1,-8.69,0,0.0273,0.575,0.00506,0.0805,0.29,134.018,242000,5
536167,Keung To,風雨不改 (電影《阿媽有咗第二個》主題曲),172oAbLGpgeCsukno7oBRe,73,2022,cantopop,0.319,0.198,0,-11.611,1,0.0402,0.942,8.65e-06,0.0817,0.287,62.925,308053,4
397251,NF,When I Grow Up,5rLyYxZNzca00ENADO9m54,73,2019,hip-hop,0.817,0.814,2,-3.985,1,0.185,0.32,0.0,0.152,0.247,109.994,196800,4
224469,Hailee Steinfeld,Starving,4Ce37cRWvM1vIGGynKcs22,73,2016,dance,0.728,0.616,4,-4.238,1,0.0645,0.378,0.0,0.105,0.508,99.962,181880,4
564969,SiM,The Rumbling,6k0X05danQOXSBTVek5DU1,73,2022,metal,0.459,0.878,5,-1.399,0,0.0688,5.62e-05,0.000307,0.371,0.494,144.852,220799,4
243917,Frank Ocean,Self Control,5GUYJTQap5F3RDQiCOJhrS,73,2016,hip-hop,0.581,0.21,8,-10.426,1,0.0321,0.768,0.0,0.369,0.452,80.099,249668,4
243914,Rae Sremmurd,Swang,6mapJIPnQ23RTAevUoE0DL,73,2016,hip-hop,0.681,0.314,8,-9.319,1,0.0581,0.2,9.82e-06,0.1,0.166,139.992,208120,4
243912,Drake,Feel No Ways,3cjF2OFRmip8spwZYQRKxP,73,2016,hip-hop,0.582,0.677,7,-7.081,1,0.172,0.0312,6.6e-06,0.122,0.205,193.818,240653,4
243911,J. Cole,Neighbors,0utlOiJy2weVl9WTkcEWHy,73,2016,hip-hop,0.898,0.283,6,-12.335,0,0.356,0.319,0.000383,0.11,0.469,138.97,216520,4
569241,SZA,Too Late,4rAg5bbrdZX00mXXhLvYXj,73,2022,pop,0.445,0.681,11,-7.558,1,0.0829,0.781,0.000789,0.386,0.351,127.541,164427,5
1113464,Amy Winehouse,"Valerie - Live At BBC Radio 1 Live Lounge, London / 2007",6nLvaCZFR1wEzW3sIKpsnr,73,2006,soul,0.772,0.371,5,-5.743,0,0.0348,0.744,0.0,0.167,0.684,96.574,233733,4
590832,Luke Combs,Joe,5epEhWhXug9oAjJZVgIMVS,73,2023,country,0.583,0.658,2,-6.62,1,0.0296,0.0149,0.0,0.374,0.437,76.004,218533,4
515624,Taylor Swift,We Are Never Ever Getting Back Together (Taylor's Version),5YqltLsjdqFtvqE7Nrysvs,73,2021,pop,0.567,0.686,7,-6.139,1,0.175,0.0317,1.86e-06,0.0732,0.716,172.014,193147,4
66304,Ariana Grande,Daydreamin',2CcQDI2IDhHbmBIFup58JE,73,2013,dance,0.675,0.648,7,-6.003,1,0.0317,0.234,0.0,0.561,0.322,114.051,211293,3
569261,Taylor Swift,High Infidelity,5kiZGSxgqPdv6rbqL9THdd,73,2022,pop,0.646,0.529,10,-10.179,1,0.0864,0.723,0.0,0.0885,0.755,87.862,231475,4
520498,347aidan,MEMORIES!,27XMmSWSOXJ7eVb40tH93T,73,2021,sad,0.835,0.381,9,-6.121,1,0.342,0.757,4.59e-06,0.121,0.31,154.973,137806,4
138942,Chris Travis,Diamonds,6QuwMgDZub0zf70EOcWtqk,73,2014,hip-hop,0.587,0.295,11,-14.542,1,0.0463,0.15,0.0,0.142,0.128,122.064,206125,4
541652,Jonas Blue,Don’t Wake Me Up,3LEgGAl9zLcQWGTp7ptqtQ,73,2022,dance,0.621,0.747,11,-5.084,1,0.0337,0.222,0.000194,0.147,0.426,124.015,188894,4
541650,Omah Lay,soso,1wADwLSkYhrSmy4vdy6BRn,73,2022,dance,0.711,0.725,3,-8.315,0,0.0941,0.424,0.129,0.11,0.53,105.016,183057,4
1121297,Seether,Fake It,4eAwB5pnKFTmsgc3zWoYO0,73,2007,alt-rock,0.611,0.95,8,-3.509,1,0.0518,0.00141,1.59e-06,0.0543,0.607,132.078,193893,4
537290,Mariah the Scientist,Spread Thin,4MbzauKV2ydtZZjLsPcuTF,73,2022,chill,0.621,0.411,6,-8.261,0,0.0333,0.0553,0.0,0.0816,0.357,110.113,202520,4
202733,Julión Álvarez y su Norteño Banda,Pongámonos De Acuerdo,1OZpgVRQKkxcoeEocqTMRZ,73,2015,sad,0.758,0.525,8,-5.913,1,0.0611,0.43,0.0,0.0747,0.976,97.465,161907,3
541636,Kygo,Woke Up in Love,21H0pUV2uPIPcFnFhgTBjo,73,2022,dance,0.643,0.585,2,-5.994,1,0.0369,0.225,0.0,0.0927,0.188,106.015,216873,4
345705,The Plot In You,FEEL NOTHING,4xDwCYhobDehSBGUmd5H6Y,73,2018,metal,0.448,0.825,4,-5.307,0,0.0621,0.00353,0.0,0.108,0.226,144.17,216827,4
1130964,Soulja Boy,Crank That (Soulja Boy),66TRwr5uJwPt15mfFkzhbi,73,2007,dance,0.736,0.74,0,-2.18,1,0.0786,0.515,0.0,0.0468,0.803,140.141,221933,4
537292,MAX,IT'S YOU (feat. keshi),5SMCxRA6hB2jEhroaYfw6N,73,2022,chill,0.697,0.368,2,-9.708,1,0.056,0.835,0.00016,0.135,0.451,90.011,173428,4
66792,Simple Minds,Don't You (Forget About Me) - Remastered 2001,2u96akbqgCRtkjfLMYrgZo,73,2013,dance,0.666,0.788,2,-7.02,1,0.0276,0.0884,0.0628,0.298,0.675,111.257,260773,4
1130968,Avril Lavigne,Girlfriend,45hOioMDJktr86iKDHC8gr,73,2007,dance,0.56,0.959,7,-2.433,1,0.102,0.000722,0.000221,0.209,0.669,163.983,216600,4
1130970,Ne-Yo,Because Of You,6CFPFnS9EcLs2I0nWqtWci,73,2007,dance,0.81,0.538,0,-5.784,0,0.0356,0.528,0.0,0.0951,0.828,109.97,266840,4
487925,MEDUZA,Tell It To My Heart,46nvQpUDsxpS08UTFOeKTA,73,2021,dance,0.539,0.715,11,-6.639,0,0.0595,0.0265,0.0,0.609,0.489,123.854,165524,4
547743,Izzamuzzic,Shootout (Sped Up),3r44Otr6SVUja3SYsCuhVY,73,2022,electro,0.684,0.605,10,-8.678,0,0.0634,0.216,0.941,0.103,0.768,104.647,242143,4
522726,Marília Mendonça,Esqueça-Me Se For Capaz,4qsOrxBv09HhNSpsgMRXdC,73,2021,sertanejo,0.799,0.685,6,-5.366,0,0.0725,0.276,0.0,0.13,0.623,122.013,169059,4
506690,Kodak Black,Super Gremlin,4A8cWXxKfIL3lAyUDzXbCF,73,2021,hip-hop,0.825,0.414,2,-6.634,1,0.144,0.00265,0.0,0.357,0.106,72.993,200548,4
321046,5 Seconds of Summer,Ghost Of You,1MhXdlCQPnO56T57MfmaRm,73,2018,dance,0.458,0.561,10,-4.819,1,0.0269,0.0965,0.0,0.156,0.206,149.875,197411,3
1380463,Camila,Mientes,5EhzE6HJaCcLFrf5rPqvpk,73,2010,pop,0.332,0.592,1,-6.127,1,0.0371,0.0824,0.0,0.109,0.31,170.391,205160,3
73670,salvia palth,(dream),39iczvfNkZstM8KY8dNDFC,73,2013,emo,0.328,0.301,0,-13.283,1,0.0366,0.926,0.825,0.118,0.167,147.398,84741,4
1450835,Ed Sheeran,The A Team,1VdZ0vKfR5jneCmWIUAMxK,73,2011,pop,0.642,0.289,9,-9.918,1,0.0367,0.669,0.0,0.18,0.407,84.996,258373,4
1380396,Bruno Mars,Count on Me,7l1qvxWjxcKpB9PCtBuTbU,73,2010,pop,0.589,0.389,0,-5.972,1,0.028,0.851,0.0,0.0772,0.501,89.1,197470,4
508597,Måneskin,ZITTI E BUONI,776AftMmFFAWUIEAb3lHhw,73,2021,indie-pop,0.625,0.939,4,-3.115,0,0.0669,0.00138,0.0,0.424,0.644,102.999,194787,4
1380362,Taylor Swift,Enchanted,10eBRyImhfqVvkiVEGf0N0,73,2010,pop,0.455,0.623,8,-3.878,1,0.0288,0.0739,0.000424,0.146,0.208,163.893,352187,4
1053390,Deftones,Cherry Waves,70L6nHORQsblY813yNqUR3,73,2006,alt-rock,0.47,0.859,2,-3.663,1,0.0537,0.000362,0.00691,0.142,0.17,124.01,317707,4
1209141,Miranda!,Perfecta,09QfIIP4NUx4A3thmovb2o,73,2008,electro,0.648,0.727,0,-5.45,1,0.0361,0.178,0.0,0.335,0.839,169.941,225413,4
433221,Wiz Khalifa,The Thrill,4wqzOaLxiCRy2Et8tRyNSX,73,2020,dance,0.817,0.775,10,-4.767,0,0.108,0.277,0.0,0.108,0.806,126.984,234334,4
277190,Michael Schulte,Falling Apart,0aIW3ekrhK1eh3BYCh11op,73,2017,german,0.543,0.333,7,-9.355,0,0.0272,0.824,3.87e-06,0.168,0.261,109.789,198573,4
433238,Lauv,i'm so tired...,7LpMG3AEaIJgs62HQhAa91,73,2020,dance,0.548,0.735,11,-7.572,1,0.236,0.173,0.0,0.195,0.498,101.252,162587,4
411399,Alfredo Olivas,El Vals Del Olvido,71V6u8mPSydvEokO7XYqG6,73,2019,sad,0.725,0.47,10,-4.765,1,0.0382,0.406,0.0,0.0624,0.932,105.96,209267,3
651400,Eminem,The Way I Am,23wfXwnsPZYe5A1xXRHb3J,73,2000,hip-hop,0.785,0.871,4,-2.692,0,0.265,0.144,0.0,0.309,0.315,87.248,290427,4
321048,Ariana Grande,everytime,0WdR2AyLW1Drd3OUdwezM0,73,2018,dance,0.71,0.614,10,-6.757,0,0.0431,0.186,0.0,0.0974,0.658,148.152,172107,4
385207,XXXTENTACION,bad vibes forever,03eJ2DclFWXYU8GWgANdmZ,73,2019,emo,0.8,0.526,8,-5.153,1,0.0716,0.334,0.00174,0.0571,0.746,129.874,150475,4
255761,Bicep,Glue,2aJDlirz6v2a4HREki98cP,73,2017,ambient,0.853,0.798,4,-7.995,0,0.068,0.0158,0.948,0.0967,0.42,129.983,269150,4
321056,Shawn Mendes,In My Blood,2QZ7WLBE8h2y1Y5Fb8RYbH,73,2018,dance,0.622,0.712,5,-7.321,1,0.066,0.0573,0.0,0.13,0.487,140.025,211360,4
411385,Lenin Ramírez,Yo Ya No Vuelvo Contigo - En Vivo,1s59X35jDULAyOGmBuTAnd,73,2019,sad,0.643,0.35,4,-5.924,0,0.0783,0.784,0.0,0.102,0.541,118.199,240457,1
411384,Natanael Cano,Amor Tumbado,5aJ1M43pinROpwaPnO8KRj,73,2019,sad,0.535,0.714,6,-5.753,0,0.0329,0.332,2.91e-06,0.0806,0.458,100.059,221554,3
188793,Kodak Black,No Flockin',34oWbFBfGEElvgO0a5c9V4,73,2015,hip-hop,0.943,0.595,5,-8.372,0,0.191,0.0673,0.0,0.0839,0.815,117.532,165291,4
456851,TWICE,I CAN'T STOP ME,37ZtpRBkHcaq6hHy0X98zn,73,2020,k-pop,0.657,0.88,10,-3.672,0,0.102,0.121,0.0,0.463,0.769,150.084,205493,4
188797,Big Sean,I Know,6rje9f1wRFJDO2iTORw0lH,73,2015,hip-hop,0.733,0.334,1,-11.314,1,0.0811,0.327,0.0,0.116,0.267,119.935,319973,4
1061615,Rascal Flatts,Life is a Highway,2Fs18NaCDuluPG1DHGw1XG,73,2006,country,0.582,0.952,5,-3.848,1,0.0731,0.00324,0.0,0.223,0.655,103.027,276320,4
188802,Drake,Jungle,7JXZq0JgG2zTrSOAgY8VMC,73,2015,hip-hop,0.697,0.235,7,-8.651,1,0.0534,0.62,0.000144,0.107,0.378,99.947,320400,4
188807,Kendrick Lamar,King Kunta,0N3W5peJUQtI4eyR6GJT5O,73,2015,hip-hop,0.884,0.657,6,-4.569,0,0.0977,0.00589,0.0,0.154,0.489,107.059,234693,4
188808,Roy Woods,Drama (feat. Drake),0XO2hckt5aHvvwH7FFdVYF,73,2015,hip-hop,0.708,0.358,11,-9.815,1,0.0563,0.157,0.0,0.109,0.118,122.021,251860,4
188813,Fetty Wap,679 (feat. Remy Boyz),5NQbUaeTEOGdD6hHcre0dZ,73,2015,hip-hop,0.618,0.717,7,-5.738,1,0.318,0.00256,0.0,0.625,0.603,190.05,196693,4
483666,ASTN,Happier Than Ever,7es56D0QedGMsK39wl2yFX,73,2021,chill,0.667,0.457,6,-6.885,0,0.439,0.341,0.0,0.114,0.266,97.604,109326,4
321099,Why Don't We,8 Letters,4zRZAmBQP8vhNPf9i9opXt,73,2018,dance,0.607,0.478,1,-5.702,0,0.031,0.649,0.0,0.0928,0.255,88.979,190027,4
1062601,Cassie,Me & U,7k6IzwMGpxnRghE7YosnXT,73,2006,dance,0.803,0.454,8,-4.802,0,0.0294,0.352,0.0,0.0655,0.739,99.99,192213,4
321029,Bazzi,Mine,7uzmGiiJyRfuViKKK3lVmR,73,2018,dance,0.71,0.789,4,-3.874,1,0.0722,0.0161,2.77e-06,0.451,0.717,142.929,131064,4
433255,Lauv,Who,0pSqYDTjY1Xt86usTQslAx,73,2020,dance,0.632,0.337,11,-8.0,0,0.033,0.558,0.0,0.104,0.0982,141.701,180413,3
1018088,Eminem,Shake That,0fGh0trRN1xz3s41r7V5ce,73,2005,hip-hop,0.963,0.643,1,-5.785,0,0.117,0.0507,4.94e-05,0.157,0.534,107.005,274440,4
293507,Taylor Swift,End Game,2x0WlnmfG39ZuDmstl9xfX,73,2017,pop,0.649,0.589,2,-6.237,1,0.0558,0.00845,0.0,0.108,0.151,159.073,244827,4
293495,Rex Orange County,Sunflower,7h2nmmoWDi2UpfYKLKWLYB,73,2017,pop,0.548,0.765,6,-4.463,1,0.0525,0.646,0.00378,0.522,0.573,129.933,252231,4
452823,Brent Faiyaz,Been Away,5PvVkf1Yuq3XyMqqjPiKPd,73,2020,hip-hop,0.602,0.5,8,-9.377,1,0.298,0.477,5.69e-05,0.295,0.395,132.798,223630,4
293515,Lana Del Rey,Cherry,1Ym6aMuT5bliaZMC67AmPp,73,2017,pop,0.449,0.534,8,-9.493,0,0.0494,0.048,0.0011,0.384,0.342,94.261,180902,3
508523,Tai Verdes,AOK,1sx0XsWUusUoPstbvokZjP,73,2021,indie-pop,0.731,0.626,11,-6.919,1,0.0805,0.125,0.0,0.183,0.862,82.488,173640,4
452824,Playboi Carti,New Tank,4txKMpsSfZRV6durPuHVq0,73,2020,hip-hop,0.819,0.638,10,-4.831,0,0.226,0.031,0.000116,0.152,0.167,150.993,89741,4
452837,Bryson Tiller,Sorrows,5TXQCMKN6TgemTL3c4wRTn,73,2020,hip-hop,0.633,0.793,5,-6.847,0,0.182,0.148,0.0,0.867,0.761,109.093,193702,4
293504,Taylor Swift,Call It What You Want,1GwMQaZz6Au3QLDbjbMdme,73,2017,pop,0.598,0.504,9,-9.874,1,0.0731,0.186,0.000221,0.34,0.252,163.954,203507,4
433263,Dua Lipa,Love Again,4rPkN1FMzQyFNP9cLUGIIB,73,2020,dance,0.659,0.667,11,-4.668,0,0.0339,0.00173,2.85e-05,0.1,0.468,115.982,258004,4
286619,Two Feet,Love Is a Bitch,6MiVIH3fQlmz44jGx2DXn4,73,2017,indie-pop,0.532,0.178,9,-9.754,0,0.0541,0.614,0.14,0.0985,0.103,149.879,181467,3
462107,Ozuna,Una Locura,5y7DaS3jAc9eZzcSOoUIwU,73,2020,pop,0.714,0.761,5,-4.596,0,0.0427,0.139,0.00035,0.241,0.906,168.022,230693,4
293500,Taylor Swift,Dress,6oVxXO5oQ4pTpO8RSnkzvv,73,2017,pop,0.719,0.469,0,-8.792,1,0.0533,0.0329,0.0,0.169,0.0851,120.085,230373,4
452830,Playboi Carti,Stop Breathing,2lLG56qpLP3UbcLuzMvkWX,73,2020,hip-hop,0.856,0.57,9,-4.486,1,0.286,0.00637,0.0,0.0984,0.155,154.967,218943,4
1272005,Madonna,4 Minutes (feat. Justin Timberlake & Timbaland),1oHClQEgDmmbcEx12Kc5nZ,73,2009,dance,0.753,0.931,2,-4.922,1,0.0652,0.00994,0.00696,0.234,0.767,113.029,189693,4
1272010,Shakira,Loba,1fPCGREltHJuV3axEPydLp,73,2009,dance,0.853,0.706,7,-7.598,1,0.0451,0.403,0.046,0.0751,0.778,121.991,189200,4
452840,Jack Harlow,Tyler Herro,3w1WjD2zJqjBjDz5fwqQPJ,73,2020,hip-hop,0.792,0.793,5,-6.185,0,0.0841,0.0872,0.0,0.22,0.775,123.031,156578,4
406577,Erika Lundmoen,Яд,59vIllaE2ottAAAtAiAuLt,73,2019,pop,0.547,0.599,0,-6.345,1,0.0428,0.034,0.0091,0.116,0.207,75.022,216834,4
462089,Black Eyed Peas,GIRL LIKE ME,1zLBsSVxETQOfINOLYvT5m,73,2020,pop,0.965,0.485,2,-8.784,1,0.191,0.0206,0.0237,0.0655,0.312,124.025,222523,4
293535,Ed Sheeran,Dive,51ChrwmUPDJvedPQnIU8Ls,73,2017,pop,0.761,0.386,4,-6.158,1,0.0399,0.355,0.0,0.0953,0.526,134.943,238440,3
293545,Dennis Lloyd,Nevermind,63SevszngYpZOwf63o61K4,73,2017,pop,0.6,0.688,5,-8.339,0,0.201,0.159,1.29e-05,0.409,0.0793,99.977,156600,4
293548,Ozuna,El Farsante,5EId1m4DNwTf3at31w8bPJ,73,2017,pop,0.735,0.703,6,-4.249,1,0.0611,0.2,0.0,0.259,0.323,120.007,233827,4
293553,Carlos Vives,La Bicicleta,0Gx4VrHzS7pZOEAGrmXXBH,73,2017,pop,0.745,0.944,0,-3.959,1,0.134,0.21,1.45e-06,0.333,0.951,179.991,229510,4
452855,DJ Khaled,POPSTAR (feat. Drake),6EDO9iiTtwNv6waLwa1UUq,73,2020,hip-hop,0.8,0.56,5,-4.818,0,0.261,0.057,0.0,0.134,0.45,163.071,200221,4
293558,Carlos Vives,Robarte un Beso,0JcNysfWVWaMS7R6vzGB2k,73,2017,pop,0.742,0.859,10,-4.942,1,0.0482,0.0824,0.0,0.359,0.652,95.046,194742,4
286611,Clairo,Flaming Hot Cheetos,1F6IbA7di42uPc3cff8PXV,73,2017,indie-pop,0.817,0.551,7,-9.33,0,0.133,0.865,0.000151,0.101,0.142,109.966,123884,4
386632,Daun Jatuh,Resah Jadi Luka,2sULdMKWdBdK2ZtntuFvSb,73,2019,folk,0.32,0.266,2,-14.6,1,0.0298,0.953,0.237,0.119,0.177,99.891,290467,4
462081,Camilo,La Mitad,63Zaf8Rci6eOUPqDQ4fUFx,73,2020,pop,0.724,0.443,7,-3.743,1,0.0329,0.73,0.0,0.101,0.763,97.194,177791,4
452819,Lil Durk,3 Headed Goat (feat. Lil Baby & Polo G),6Tguhaf2uAe6OjRLsR2Tql,73,2020,hip-hop,0.846,0.48,8,-8.618,0,0.359,0.269,0.0,0.0989,0.419,143.029,169532,4
293702,Pav Dharia,Na Ja,32LKwbmh6yVsWoRRF8DIvf,73,2017,pop,0.772,0.649,2,-6.411,1,0.143,0.0724,0.0,0.0761,0.824,90.072,208000,4
560998,AP Dhillon,Dil Nu,7AsG1F1eMWd17RYan8M3Wm,73,2022,hip-hop,0.811,0.655,1,-7.118,0,0.0353,0.0947,1.63e-06,0.068,0.925,117.979,233666,4
514821,OneRepublic,Run,6KL88T4Ma4ABXqzgUoEwkd,73,2021,piano,0.682,0.72,11,-8.176,0,0.0382,0.321,0.0,0.205,0.649,116.988,168260,4
514820,OneRepublic,Someday,6aDsgHPZsMztSbZernzlF8,73,2021,piano,0.576,0.679,0,-7.237,1,0.034,0.0311,0.0,0.323,0.213,121.005,187889,4
561975,Reneé Rapp,Too Well,6Szgu8v7CAapag3XuuJX0b,73,2022,indie-pop,0.668,0.618,10,-4.639,1,0.0607,0.125,0.0,0.112,0.389,120.951,156632,4
617271,Clayton & Romário,Namorando Ou Não - Ao Vivo,0ZAL7RbP2FsM3rObV60o7T,73,2023,sertanejo,0.65,0.677,0,-4.081,1,0.0328,0.643,0.0,0.912,0.527,135.947,168359,4
522728,Jorge & Mateus,Molhando o Volante,3ITkrUvAA6gzxer2UIom3P,73,2021,sertanejo,0.772,0.647,10,-5.404,1,0.0758,0.707,0.0,0.113,0.801,130.183,162539,5
462038,Conan Gray,Wish You Were Sober,0kn2gu8Pd03DiYHzRvX2Xk,73,2020,pop,0.701,0.728,2,-5.226,1,0.0468,0.0178,0.0,0.17,0.696,91.071,168880,4
350314,Piso 21,Déjala Que Vuelva (feat. Manuel Turizo),1j6xOGusnyXq3l6IryKF3G,73,2018,pop,0.681,0.788,1,-4.323,1,0.0785,0.0482,0.0,0.0753,0.839,170.019,220117,4
776394,The Calling,Wherever You Will Go,5QpaGzWp0hwB5faV8dkbAz,73,2001,pop,0.558,0.719,2,-5.113,1,0.0267,0.0367,0.0,0.115,0.371,112.027,208600,4
564184,BTS,For Youth,4JzCFEc3O2UEdjKzevvFH5,73,2022,k-pop,0.633,0.511,2,-5.665,1,0.0368,0.434,0.0,0.248,0.29,116.855,264481,3
776377,Sum 41,In Too Deep,1HNE2PX70ztbEl6MLxrpNL,73,2001,pop,0.568,0.844,9,-5.875,1,0.0505,0.000189,0.0,0.0607,0.766,116.046,207093,4
776376,blink-182,First Date,1fJFuvU2ldmeAm5nFIHcPP,73,2001,pop,0.579,0.928,0,-4.344,1,0.0411,0.000715,0.0,0.18,0.882,95.594,171533,4
564182,Crush,Rush Hour (Feat. j-hope of BTS),5aucVLKiumD89mxVCB4zvS,73,2022,k-pop,0.738,0.714,0,-5.235,1,0.249,0.157,0.0,0.31,0.74,95.035,177303,4
560239,Kendrick Lamar,Father Time (feat. Sampha),28qA8y1sz0FTuSapsCxNOG,73,2022,hip-hop,0.514,0.779,10,-4.365,0,0.344,0.181,0.0,0.099,0.517,152.869,222497,4
260264,itssvd,Losing Interest,55XrFge2dEZwYzNl128DwN,73,2017,chill,0.753,0.355,8,-13.295,0,0.0898,0.48,0.87,0.122,0.506,111.863,120547,4
605660,Pritam,"Show Me The Thumka (From ""Tu Jhoothi Main Makkaar"")",1t39FBb0zsKv5krZaqZKCB,73,2023,indian,0.841,0.87,9,-4.487,1,0.216,0.607,8.83e-06,0.0734,0.803,122.005,236101,4
320109,Tyler Childers,Shake the Frost (Live),19MkwMrRjO7773zpuGss1o,73,2018,country,0.447,0.341,2,-9.769,1,0.0457,0.806,2.05e-06,0.686,0.371,138.969,175120,4
494168,Billie Eilish,NDA,38GBNKZUhfBkk3oNlWzRYd,73,2021,electro,0.765,0.373,8,-9.921,1,0.0713,0.341,0.525,0.112,0.554,85.016,195777,4
494166,Billie Eilish,Your Power,042Sl6Mn83JHyLEqdK7uI0,73,2021,electro,0.632,0.284,9,-14.025,0,0.0801,0.932,0.000476,0.233,0.208,129.642,245897,4
494165,Billie Eilish,Billie Bossa Nova,2KnuaZYoGzDoHiBTNYOTXG,73,2021,electro,0.895,0.389,7,-11.036,0,0.11,0.222,0.0346,0.105,0.549,110.023,196731,4
551948,KayBlack,Licor 43,3l5VjEAeUTqrlD50iEo8Yn,73,2022,funk,0.66,0.388,7,-10.104,0,0.296,0.611,0.0,0.243,0.311,90.009,142470,4
560229,Jack Harlow,Dua Lipa,0LnS7aOdOdI1dNKZqdOLz4,73,2022,hip-hop,0.833,0.652,11,-6.942,1,0.0762,0.00161,0.0985,0.106,0.405,158.022,135053,4
1367773,Daddy Yankee,La Despedida,33a2zTGZocgU9XVDDILHM3,73,2010,hip-hop,0.745,0.994,2,-2.194,0,0.0497,0.0909,0.0546,0.0684,0.972,122.049,202827,4
1367744,Prince Royce,Rechazame,07p0kLnvfQQ2bLujHyzSGK,73,2010,hip-hop,0.73,0.867,7,-1.946,1,0.0325,0.0749,6.81e-06,0.0712,0.929,130.02,223200,4
605293,Cartel De Santa,Piensa en Mi,4Y0C95WSGxcuNVCbealJvw,73,2023,hip-hop,0.811,0.626,4,-6.276,1,0.305,0.0588,0.0,0.119,0.821,79.943,192048,4
462034,Miley Cyrus,Plastic Hearts,6qCsKKS7Ol63SJW3LOIX5R,73,2020,pop,0.551,0.756,2,-4.948,1,0.0652,0.0511,0.0,0.0765,0.618,175.984,205733,4
560225,Drake,More M’s,29YW2xXlo6Pc6M0SBTCXYN,73,2022,hip-hop,0.704,0.504,1,-6.749,1,0.223,0.0405,0.000422,0.139,0.0713,82.537,221406,4
1367735,Prince Royce,Corazón Sin Cara,0u4N6w5lBw5xMrzJitRWUo,73,2010,hip-hop,0.704,0.83,11,-3.139,1,0.0297,0.0489,0.0,0.111,0.957,127.103,211453,4
350282,Witt Lowry,Into Your Arms (feat. Ava Max),0b11D9D0hMOYCIMN3OKreM,73,2018,pop,0.504,0.788,3,-4.113,0,0.215,0.0134,0.0,0.363,0.228,170.039,186022,4
462023,Taylor Swift,this is me trying,7kt9e9LFSpN1zQtYEl19o1,73,2020,pop,0.515,0.476,9,-9.843,1,0.0328,0.314,4.74e-05,0.171,0.412,135.886,195097,4
564199,TREASURE,DARARI,0dcnrLo8s1rhjm8euGjI4n,73,2022,k-pop,0.716,0.638,0,-6.87,1,0.0392,0.486,0.0,0.0702,0.552,84.955,220716,4
605192,Lil Yachty,drive ME crazy!,6luBKkFUt5wTwz7hpLhp12,73,2023,hip-hop,0.492,0.807,10,-3.677,0,0.0854,0.205,0.00275,0.384,0.477,107.087,229805,4
264794,Meghan Trainor,Me Too,3KwwE4sgCzMaKWq6QBebmX,73,2017,dance,0.934,0.694,11,-5.849,0,0.101,0.0971,1.2e-06,0.477,0.833,123.831,181240,4
487943,DJ Snake,"SG (with Ozuna, Megan Thee Stallion & LISA of BLACKPINK)",6IPNp9PfaEqrzotY47TIWy,73,2021,dance,0.8,0.837,6,-2.807,0,0.0491,0.00406,0.00313,0.0904,0.702,100.015,225600,4
605187,Gucci Mane,King Snipe,0UMqDSXk4xvoCNRrIEPf7T,73,2023,hip-hop,0.818,0.526,1,-8.078,1,0.277,0.0103,0.0,0.146,0.531,125.061,214594,4
995860,Chris Brown,Run It! (feat. Juelz Santana),7xYnUQigPoIDAMPVK79NEq,73,2005,dance,0.846,0.482,1,-6.721,0,0.129,0.0246,0.0,0.393,0.212,100.969,229867,4
288435,BTS,Spring Day,2j1fFjWHCI9KJSwcuYAOyF,73,2017,k-pop,0.539,0.846,8,-3.192,1,0.0354,0.00631,1.71e-06,0.13,0.462,106.994,274097,4
487930,Joel Corry,BED,0siYMEsGrzzzlWLXK5zJfS,73,2021,dance,0.671,0.782,6,-4.593,1,0.0341,0.0142,0.00221,0.333,0.618,123.989,178088,4
564174,j-hope,= (Equal Sign),70XnKsO3UnIT4FnEwChQXx,73,2022,k-pop,0.673,0.75,9,-5.831,1,0.0655,0.0155,5.44e-06,0.348,0.708,105.848,114477,4
320108,Morgan Wallen,The Way I Talk,21LRaD9rB3v7p7DDCZsW4y,73,2018,country,0.604,0.879,4,-3.388,1,0.0322,0.0468,0.0,0.0909,0.757,137.983,208280,4
617269,Luan Pereira,Cabine Bruta,3wkev7dKaNZwHh6DRRCKEQ,73,2023,sertanejo,0.776,0.728,5,-3.742,0,0.0495,0.186,0.0,0.217,0.744,119.991,160638,4
162920,The Neighbourhood,Cry Baby,0EfsDEYaSjGYd66Pr881nq,73,2015,alt-rock,0.581,0.656,4,-4.891,0,0.0294,0.00269,2.78e-06,0.101,0.338,108.033,235160,4
744926,Gigi D'Agostino,L'Amour Toujours,52LJ3hyknOijCrE5gCD0rE,73,2001,dance,0.638,0.877,7,-4.449,1,0.0302,0.0771,0.0221,0.364,0.743,139.052,242053,4
612574,d4vd,WORTHLESS,13b4mk5KeJxL0GllHLvtXQ,73,2023,pop,0.643,0.807,4,-4.9,0,0.0584,0.0683,0.0,0.119,0.153,124.593,163049,4
354039,Twenty One Pilots,Chlorine,23OXdR7YuUBVWh5hSnYJau,73,2018,rock,0.609,0.674,10,-7.388,0,0.0548,0.0735,0.06,0.345,0.315,90.009,324467,4
373148,Luke Chiang,Shouldn't Be,7F6PtLP6fJPVtA1FWVkl8K,73,2019,chill,0.647,0.294,6,-10.344,0,0.0312,0.728,0.0,0.123,0.323,124.999,210480,3
223572,Jon Pardi,Night Shift,0bPnT6i9H1p8Vd85GS6Z7I,73,2016,country,0.63,0.754,2,-3.564,1,0.0284,0.0963,0.0,0.268,0.73,95.999,172253,4
66278,M.I.A.,Bad Girls,6nzXkCBOhb2mxctNihOqbb,73,2013,dance,0.639,0.912,1,-2.621,1,0.0615,0.00107,0.0,0.097,0.343,143.448,227520,4
384328,Billie Eilish,wish you were gay,3Fj47GNK2kUF0uaEDgXLaD,73,2019,electro,0.853,0.351,7,-10.198,1,0.241,0.39,9.38e-06,0.752,0.282,118.028,221543,4
462042,Blxst,Chosen (feat. Ty Dolla $ign),1dIWPXMX4kRHj6Dt2DStUQ,73,2020,pop,0.571,0.767,2,-5.16,1,0.287,0.336,0.0,0.0809,0.605,93.421,161684,4
384330,Billie Eilish,bury a friend,4SSnFejRGlZikf02HLewEF,73,2019,electro,0.905,0.389,8,-14.505,1,0.332,0.74,0.162,0.106,0.196,120.046,193143,4
384331,Billie Eilish,all the good girls go to hell,6IRdLKIyS4p7XNiP8r6rsx,73,2019,electro,0.726,0.444,8,-8.922,0,0.372,0.283,0.143,0.177,0.569,185.044,168840,4
146778,AURORA,Runaway,23rdcrD0Eky4vYn2TZidxJ,73,2014,pop,0.459,0.276,11,-10.339,1,0.036,0.63,9.5e-05,0.104,0.128,114.169,248827,4
615637,LEGADO 7,Por Clave Caiman,78CE12m0ygkEbWpTSNqLOM,73,2023,sad,0.643,0.871,10,-5.017,0,0.108,0.147,0.0,0.076,0.895,157.148,158627,3
506702,Baby Keem,lost souls (with Brent Faiyaz),02rdXe0KhMe8p6ZHzYtuw0,73,2021,hip-hop,0.649,0.347,1,-7.67,0,0.404,0.485,3.24e-05,0.154,0.176,169.994,269728,4
1062614,Cassie,Long Way 2 Go,4v5kAh2wWyCSuKuhMJK8u6,73,2006,dance,0.589,0.655,8,-8.138,1,0.0488,0.057,0.000353,0.372,0.675,105.272,220640,4
612567,Omar Apollo,3 Boys,31Wlc9ZnraX3JxrvMg9e8H,73,2023,pop,0.548,0.456,9,-5.979,1,0.0703,0.813,0.00464,0.122,0.53,173.839,209188,3
612566,Hozier,Eat Your Young,2Jw3VjB1xy5KHBqEeAC6VK,73,2023,pop,0.553,0.587,5,-6.829,1,0.0277,0.345,0.1,0.256,0.346,90.018,242293,4
465452,Eve,Kaikai Kitan,6y4GYuZszeXNOXuBFsJlos,73,2020,rock,0.584,0.911,5,-3.515,0,0.09,0.0119,0.0,0.119,0.606,92.502,221426,4
931084,Ciara,"One, Two Step (feat. Missy Elliott)",7uKcScNXuO3MWw6LowBjW1,73,2004,dance,0.944,0.511,5,-10.96,0,0.161,0.042,0.00107,0.0379,0.842,113.046,203787,4
542216,twocolors,Heavy Metal Love,07VcTAooOBP8hIluuUS5xr,73,2022,dance,0.768,0.767,5,-8.06,0,0.0358,0.194,0.0,0.121,0.457,125.029,132000,4
43789,Imagine Dragons,Demons,3LlAyCYU26dvFZBDUIMb7a,73,2012,rock,0.505,0.71,3,-3.015,1,0.0321,0.19,0.00025,0.329,0.428,89.938,175200,4
353240,Molchat Doma,Судно (Борис Рижий),1SHB1hp6267UK9bJQUxYvO,73,2018,punk,0.484,0.75,1,-4.176,1,0.0685,0.697,0.862,0.105,0.467,159.992,141395,4
560263,Pharrell Williams,Down In Atlanta,5unjCay0kUjuej5ebn4nS4,73,2022,hip-hop,0.851,0.819,7,-5.173,1,0.212,0.337,0.000153,0.0658,0.903,83.154,164041,3
560262,Gorillaz,New Gold (feat. Tame Impala and Bootie Brown),64dLd6rVqDLtkXFYrEUHIU,73,2022,hip-hop,0.695,0.923,1,-3.93,0,0.0522,0.0425,0.0469,0.116,0.551,108.014,215150,3
608997,Sleep Token,The Summoning,1yCE0X5qLWOrLkR8NC0ZUJ,73,2023,metal,0.395,0.701,10,-5.471,0,0.0377,0.00148,0.0049,0.05,0.148,172.965,395716,4
1084472,Big Boy,Mis Ojos Lloran Por Ti,4fFgpzgSkmn3wajioLBPOr,73,2006,hip-hop,0.794,0.831,8,-9.235,1,0.331,0.0135,1.12e-06,0.11,0.328,172.407,295533,4
1084478,Daddy Yankee,Noche De Entierro,6ksWMnPcHNyNoNf3y1BQCO,73,2006,hip-hop,0.868,0.764,4,-6.574,0,0.167,0.119,0.00143,0.0918,0.397,96.994,263293,4
608252,GOT the beat,Stamp On It,0mlxHb4jbPr1PUBUv0WHRS,73,2023,k-pop,0.632,0.849,5,-1.462,0,0.0408,0.0309,0.000142,0.182,0.393,142.959,232813,4
608248,STAYC,Teddy Bear,4kSDi21MeOoSvpZs6MveI9,73,2023,k-pop,0.757,0.91,7,-3.953,1,0.0524,0.105,0.0,0.387,0.686,119.04,189773,4
608240,TWICE,SET ME FREE (ENG),6bkTxw6m6vl8Oc3xtKBXN0,73,2023,k-pop,0.748,0.826,5,-2.489,0,0.207,0.127,0.0,0.0632,0.731,113.139,181680,4
350394,TINI,Consejo de Amor (feat. Morat),7GrffUxvaKz4wKmyutin0P,73,2018,pop,0.475,0.717,0,-6.712,1,0.102,0.194,0.0,0.101,0.646,83.869,199720,4
551963,BIN,Hino dos Mlks,3gx9a8ea1nI0Wym9hJpdbJ,73,2022,funk,0.66,0.586,5,-5.359,0,0.165,0.313,0.0,0.104,0.792,92.821,209032,4
515650,vaultboy,everything sucks,3z06k8YF9CqX0CGFrlekOK,73,2021,pop,0.76,0.371,6,-8.964,1,0.0531,0.00772,0.0,0.0785,0.653,138.023,115402,4
452833,Mac Miller,Blue World,2hwOoMtWPtTSSn6WHV7Vp5,73,2020,hip-hop,0.742,0.553,8,-8.98,1,0.419,0.389,0.0,0.0694,0.508,84.931,209440,4
12126,Olly Murs,Troublemaker (feat. Flo Rida),6s8nHXTJVqFjXE4yVZPDHR,73,2012,dance,0.762,0.863,0,-3.689,0,0.0561,0.015,0.0,0.125,0.965,106.012,185587,4
40363,One Direction,Live While We're Young,6Vh03bkEfXqekWp7Y1UBRb,73,2012,pop,0.663,0.857,2,-2.16,1,0.0544,0.0542,0.0,0.144,0.931,126.039,200213,4
454751,Ritt Momney,Put Your Records On,6AGOKlMZWLCaEJGnaROtF9,73,2020,indie-pop,0.399,0.491,6,-10.778,0,0.0538,0.0563,0.00089,0.11,0.151,91.066,210463,4
36380,Linkin Park,CASTLE OF GLASS,1r1fPuhj9H4VdXr7OK6FL5,73,2012,metal,0.615,0.911,1,-3.584,0,0.0278,0.0686,0.00188,0.0908,0.685,108.0,205400,4
569501,Feid,California,19iUrnYyBAG5LaxT72ajsM,73,2022,pop,0.785,0.774,7,-4.304,1,0.0273,0.155,2.56e-06,0.108,0.738,99.993,151240,4
40372,One Direction,Little Things,0TAmnCzOtqRfvA38DDLTjj,73,2012,pop,0.709,0.22,7,-11.856,1,0.0327,0.811,0.0,0.175,0.53,110.076,219040,4
507107,Ricky Rich,Habibi - Albanian Remix,2sHYMLUd4nVLxHPKY05Ein,73,2021,hip-hop,0.639,0.728,4,-7.065,0,0.0301,0.0223,0.00384,0.68,0.0996,103.966,129590,4
551217,SDM,Mr. Ocho,1xLCwgQcF6bKncTJmRGGws,73,2022,french,0.762,0.59,0,-7.039,0,0.165,0.34,0.0,0.0765,0.738,122.105,226653,4
40364,One Direction,Kiss You,4My8w8AA1JpG6E5SiAPvJL,73,2012,pop,0.637,0.93,4,-2.632,1,0.0511,0.0177,0.0,0.452,0.886,90.014,182867,4
197527,Adele,When We Were Young,7GgWAITsYJaRM3r50rfh5w,73,2015,pop,0.376,0.595,3,-5.936,1,0.0496,0.303,0.0,0.095,0.265,144.361,290900,4
836603,Coldplay,In My Place,2nvC4i2aMo4CzRjRflysah,73,2002,pop,0.424,0.588,9,-5.455,1,0.0278,0.0553,4.95e-06,0.298,0.193,144.636,226680,4
537354,JBEE,"Next Up - S4-E2, Pt. 1",5wwPdWKbDEiybmWkZqsGGn,73,2022,chill,0.54,0.585,8,-7.563,0,0.309,0.198,0.0,0.147,0.516,100.289,120839,3
406467,YOASOBI,夜に駆ける,3dPtXHP0oXQ4HCWHsOA9js,73,2019,pop,0.67,0.874,8,-5.221,1,0.0305,0.00231,1.72e-05,0.3,0.789,130.041,261013,4
842599,Nirvana,About A Girl,55yvzYuvJYG2RUEnMK78tr,73,2002,rock,0.409,0.932,11,-4.538,0,0.0339,1.87e-05,1.6e-06,0.31,0.591,131.761,166640,4
541605,Beyoncé,ENERGY (feat. Beam),0314PeD1sQNonfVWix3B2K,73,2022,dance,0.903,0.519,1,-9.151,1,0.26,0.281,0.000106,0.155,0.587,114.991,116727,4
569519,Amit Trivedi,"Ghodey Pe Sawaar (From ""Qala"")",1a8w8nlIyIhE2W1HIayKnl,73,2022,pop-film,0.777,0.481,3,-6.127,1,0.0274,0.794,4.23e-05,0.265,0.814,102.003,193832,4
247535,BLACKPINK,WHISTLE,6NEoeBLQbOMw92qMeLfI40,73,2016,k-pop,0.818,0.723,11,-4.82,1,0.114,0.00561,0.0,0.0866,0.607,102.945,211632,4
174635,Jack Ü,Where Are Ü Now (with Justin Bieber),66hayvUbTotekKU3H4ta1f,73,2015,edm,0.432,0.781,4,-4.038,0,0.0567,0.041,4.21e-06,0.0789,0.197,139.432,250286,4
247528,BTS,Blood Sweat & Tears,2u54HNQamwFuOMLSuhSRom,73,2016,k-pop,0.584,0.885,0,-3.571,0,0.104,0.0244,0.0,0.357,0.605,92.9,217052,4
174634,Jason Derulo,Want to Want Me,7oGZAicScQt96OAW4AruYy,73,2015,edm,0.775,0.68,0,-5.508,0,0.0629,0.00906,0.0,0.109,0.656,114.025,207719,4
569457,Sofia Carson,Come Back Home,1I4dwH7C0jBAEtz5DjlJgQ,73,2022,pop,0.552,0.531,7,-7.732,1,0.0421,0.241,1.21e-05,0.122,0.438,144.946,176859,4
554112,Maria Marçal,Deserto (Ao Vivo),1a5LfJGq0vuCWQ9Mme0Ac7,73,2022,gospel,0.648,0.448,11,-6.669,1,0.0312,0.282,8.5e-06,0.0931,0.461,149.844,268000,4
340907,Ski Mask The Slump God,Nuketown (feat. Juice WRLD),74lnM5V6ecvoTPV0fvptx9,73,2018,hip-hop,0.808,0.617,10,-9.32,0,0.442,0.113,0.0,0.734,0.632,149.962,166400,4
20740,The Lumineers,Ho Hey,0W4Kpfp1w2xkY3PrV714B7,73,2012,folk,0.685,0.466,0,-9.074,1,0.0304,0.794,2.06e-06,0.0915,0.353,79.936,163133,4
340910,Ski Mask The Slump God,Faucet Failure,1ThmUihH9dF8EV08ku5AXN,73,2018,hip-hop,0.935,0.552,10,-9.373,0,0.335,0.111,0.0,0.0952,0.615,99.993,145627,4
340912,Ski Mask The Slump God,Unbothered,5hwUsRKvnO5yThjVrxHQVt,73,2018,hip-hop,0.884,0.445,1,-10.58,0,0.418,0.222,0.0,0.112,0.851,125.008,138427,4
197522,The Weeknd,Earned It (Fifty Shades Of Grey),4frLb7nWtsz2ymBE6k2GRP,73,2015,pop,0.659,0.291,2,-8.275,0,0.0348,0.405,0.0,0.0771,0.406,119.829,277680,3
340914,Aminé,REEL IT IN,5qHirGR7M9tdm6C17DlzSY,73,2018,hip-hop,0.754,0.342,10,-8.677,0,0.0991,0.073,0.0,0.193,0.423,128.981,121347,4
340921,Lil Baby,Close Friends (Lil Baby & Gunna),5nzhL67GpF9szXWg5y509A,73,2018,hip-hop,0.676,0.578,10,-4.669,0,0.375,0.0509,0.0,0.0796,0.698,158.896,203881,4
340925,Drake,Finesse,2WP8G2pdddDmnh1xbfKBOI,73,2018,hip-hop,0.807,0.319,0,-8.152,0,0.0581,0.133,0.000338,0.101,0.299,94.992,182080,4
340927,Eminem,Lucky You (feat. Joyner Lucas),60SdxE8apGAxMiRrpbmLY0,73,2018,hip-hop,0.876,0.786,10,-4.884,0,0.306,0.0627,0.0,0.127,0.575,153.068,244679,4
406477,Ozuna,Baila Baila Baila - Remix,7mWFF4gPADjTQjC97CgFVt,73,2019,pop,0.785,0.572,2,-7.504,1,0.123,0.0598,0.0,0.218,0.49,100.016,235284,4
569385,Mike Bahía,De Qué Manera,3HMlb6Dh9OGr3CjV6IwjEP,73,2022,pop,0.756,0.735,7,-6.178,1,0.0668,0.692,0.0,0.0715,0.558,92.028,193125,4
264845,Shouse,Love Tonight (Edit),6OufwUcCqo81guU2jAlDVP,73,2017,dance,0.727,0.681,5,-7.114,0,0.0265,0.00214,0.000307,0.0861,0.448,123.028,241970,4
197563,Little Mix,Black Magic,6rmXhRIemCTPyMYZRDN7Qg,73,2015,pop,0.776,0.875,4,-5.535,1,0.0575,0.0343,0.0,0.314,0.849,111.988,211786,4
284843,Migos,Bad and Boujee (feat. Lil Uzi Vert),0M9ydKzuF3oZTfYYPfaGX1,73,2017,hip-hop,0.926,0.666,11,-5.314,1,0.244,0.0611,0.0,0.123,0.168,127.079,343150,4
569399,imase,NIGHT DANCER,348NF6vX0Yh22xvH0EZEro,73,2022,pop,0.911,0.585,7,-8.078,0,0.0735,0.0945,0.0,0.134,0.851,117.06,210948,4
579295,Sohn Aelia,Herinneringen,0CMYUXTTTmI6Lwc0opH2XG,73,2022,sleep,0.0685,0.00342,0,-37.156,1,0.0418,0.99,0.91,0.106,0.0581,73.644,172357,1
284846,A$AP Ferg,Plain Jane,4dVpf9jZjcORqGTLUaeYj9,73,2017,hip-hop,0.797,0.844,11,-5.482,1,0.275,0.0651,0.0,0.087,0.52,170.142,173600,4
569423,Ingratax,París,1spjTB2jFkxAvMdKas3x2H,73,2022,pop,0.588,0.46,1,-5.748,0,0.1,0.452,0.000777,0.0667,0.414,168.012,151429,4
569431,Feid,Lady Mi Amor,30Xh83fw03PZ2Wfm36H4EZ,73,2022,pop,0.782,0.618,2,-5.288,1,0.055,0.0632,7.44e-05,0.15,0.752,93.016,147067,4
340956,Eminem,Venom - Music From The Motion Picture,2SL6oP2YAEQbqsrkOzRGO4,73,2018,hip-hop,0.749,0.794,0,-5.063,1,0.064,0.0193,0.0,0.543,0.46,135.959,269554,4
858771,Three Days Grace,I Hate Everything About You,0M955bMOoilikPXwKLYpoi,73,2003,alt-rock,0.498,0.83,6,-5.157,0,0.0421,0.00461,0.0,0.139,0.453,89.342,231480,4
569525,G. V. Prakash,Mastaaru Mastaaru,59eeV0SIeyd431uyjAWCRe,73,2022,pop-film,0.594,0.534,9,-8.007,0,0.0428,0.385,0.0,0.877,0.364,91.082,225425,4
40349,Lana Del Rey,Summertime Sadness,1Ist6PR2BZR3n2z2Y5R6S1,73,2012,pop,0.566,0.647,1,-6.815,0,0.0335,0.0477,0.0,0.121,0.22,111.96,264773,4
406418,Taylor Swift,Daylight,1fzAuUVbzlhZ1lJAx9PtY6,73,2019,pop,0.557,0.496,0,-9.602,1,0.0563,0.808,0.000173,0.0772,0.265,149.983,293453,4
506762,La Santa Grifa,Amnesia,2CRXFBkRh0V7FZL5kuiqdO,73,2021,hip-hop,0.818,0.638,11,-6.926,0,0.225,0.00673,0.0,0.495,0.783,112.753,188604,4
574212,Grupo Marca Registrada,Y Sigues Siendo Tú,4AGPU9325LRTIBsBSJ5v75,73,2022,sad,0.688,0.525,11,-6.566,1,0.0623,0.455,0.0,0.119,0.717,76.398,155819,4
272520,XXXTENTACION,Carry On,2yZax79pOrYuyIFVW2cZY2,73,2017,emo,0.735,0.197,3,-13.378,0,0.537,0.768,0.000276,0.296,0.383,147.899,129720,4
406413,Taylor Swift,Cornelia Street,12M5uqx0ZuwkpLp5rJim1a,73,2019,pop,0.824,0.624,0,-9.728,1,0.0827,0.781,0.000189,0.1,0.248,102.012,287267,4
406414,Taylor Swift,London Boy,1LLXZFeAHK9R4xUramtUKw,73,2019,pop,0.695,0.71,1,-6.639,1,0.05,0.0246,0.000104,0.133,0.557,157.925,190240,4
574208,Grupo Arriesgado,El Fugitivo - En Vivo,0qyofIr6dHSb8AcEVnywBY,73,2022,sad,0.633,0.812,1,-5.874,1,0.14,0.359,1.76e-06,0.228,0.954,167.105,178000,3
